[2026-04-15T02:05:10.519+0000] {processor.py:161} INFO - Started process (PID=67) to work on /home/airflow/.local/lib/python3.12/site-packages/airflow/example_dags/example_datasets.py
[2026-04-15T02:05:10.520+0000] {processor.py:830} INFO - Processing file /home/airflow/.local/lib/python3.12/site-packages/airflow/example_dags/example_datasets.py for tasks to queue
[2026-04-15T02:05:10.522+0000] {logging_mixin.py:188} INFO - [2026-04-15T02:05:10.522+0000] {dagbag.py:545} INFO - Filling up the DagBag from /home/airflow/.local/lib/python3.12/site-packages/airflow/example_dags/example_datasets.py
[2026-04-15T02:05:10.587+0000] {processor.py:840} INFO - DAG(s) 'dataset_produces_1', 'consume_1_and_2_with_dataset_expressions', 'consume_1_or_2_with_dataset_expressions', 'dataset_consumes_unknown_never_scheduled', 'dataset_consumes_1_never_scheduled', 'dataset_consumes_1', 'conditional_dataset_and_time_based_timetable', 'dataset_consumes_1_and_2', 'dataset_produces_2', 'consume_1_or_both_2_and_3_with_dataset_expressions' retrieved from /home/airflow/.local/lib/python3.12/site-packages/airflow/example_dags/example_datasets.py
[2026-04-15T02:05:11.571+0000] {logging_mixin.py:188} INFO - [2026-04-15T02:05:11.570+0000] {dag.py:3089} INFO - Sync 10 DAGs
[2026-04-15T02:05:11.628+0000] {logging_mixin.py:188} INFO - [2026-04-15T02:05:11.627+0000] {dag.py:3947} INFO - Setting next_dagrun for conditional_dataset_and_time_based_timetable to 2026-04-15 01:00:00+00:00, run_after=2026-04-15 01:00:00+00:00
[2026-04-15T02:05:11.636+0000] {logging_mixin.py:188} INFO - [2026-04-15T02:05:11.635+0000] {dag.py:3947} INFO - Setting next_dagrun for consume_1_and_2_with_dataset_expressions to None, run_after=None
[2026-04-15T02:05:11.639+0000] {logging_mixin.py:188} INFO - [2026-04-15T02:05:11.638+0000] {dag.py:3947} INFO - Setting next_dagrun for consume_1_or_2_with_dataset_expressions to None, run_after=None
[2026-04-15T02:05:11.641+0000] {logging_mixin.py:188} INFO - [2026-04-15T02:05:11.641+0000] {dag.py:3947} INFO - Setting next_dagrun for consume_1_or_both_2_and_3_with_dataset_expressions to None, run_after=None
[2026-04-15T02:05:11.644+0000] {logging_mixin.py:188} INFO - [2026-04-15T02:05:11.644+0000] {dag.py:3947} INFO - Setting next_dagrun for dataset_consumes_1 to None, run_after=None
[2026-04-15T02:05:11.647+0000] {logging_mixin.py:188} INFO - [2026-04-15T02:05:11.646+0000] {dag.py:3947} INFO - Setting next_dagrun for dataset_consumes_1_and_2 to None, run_after=None
[2026-04-15T02:05:11.650+0000] {logging_mixin.py:188} INFO - [2026-04-15T02:05:11.650+0000] {dag.py:3947} INFO - Setting next_dagrun for dataset_consumes_1_never_scheduled to None, run_after=None
[2026-04-15T02:05:11.653+0000] {logging_mixin.py:188} INFO - [2026-04-15T02:05:11.652+0000] {dag.py:3947} INFO - Setting next_dagrun for dataset_consumes_unknown_never_scheduled to None, run_after=None
[2026-04-15T02:05:11.658+0000] {logging_mixin.py:188} INFO - [2026-04-15T02:05:11.658+0000] {dag.py:3947} INFO - Setting next_dagrun for dataset_produces_1 to 2026-04-14 00:00:00+00:00, run_after=2026-04-15 00:00:00+00:00
[2026-04-15T02:05:11.660+0000] {logging_mixin.py:188} INFO - [2026-04-15T02:05:11.659+0000] {dag.py:3947} INFO - Setting next_dagrun for dataset_produces_2 to None, run_after=None
[2026-04-15T02:05:11.733+0000] {processor.py:183} INFO - Processing /home/airflow/.local/lib/python3.12/site-packages/airflow/example_dags/example_datasets.py took 1.233 seconds
[2026-04-15T02:05:42.665+0000] {processor.py:161} INFO - Started process (PID=126) to work on /home/airflow/.local/lib/python3.12/site-packages/airflow/example_dags/example_datasets.py
[2026-04-15T02:05:42.667+0000] {processor.py:830} INFO - Processing file /home/airflow/.local/lib/python3.12/site-packages/airflow/example_dags/example_datasets.py for tasks to queue
[2026-04-15T02:05:42.672+0000] {logging_mixin.py:188} INFO - [2026-04-15T02:05:42.671+0000] {dagbag.py:545} INFO - Filling up the DagBag from /home/airflow/.local/lib/python3.12/site-packages/airflow/example_dags/example_datasets.py
[2026-04-15T02:05:42.701+0000] {processor.py:840} INFO - DAG(s) 'dataset_consumes_1_and_2', 'dataset_consumes_unknown_never_scheduled', 'dataset_produces_2', 'dataset_produces_1', 'consume_1_or_both_2_and_3_with_dataset_expressions', 'consume_1_or_2_with_dataset_expressions', 'dataset_consumes_1_never_scheduled', 'consume_1_and_2_with_dataset_expressions', 'conditional_dataset_and_time_based_timetable', 'dataset_consumes_1' retrieved from /home/airflow/.local/lib/python3.12/site-packages/airflow/example_dags/example_datasets.py
[2026-04-15T02:05:42.840+0000] {logging_mixin.py:188} INFO - [2026-04-15T02:05:42.839+0000] {dag.py:3089} INFO - Sync 10 DAGs
[2026-04-15T02:05:42.905+0000] {logging_mixin.py:188} INFO - [2026-04-15T02:05:42.905+0000] {dag.py:3947} INFO - Setting next_dagrun for conditional_dataset_and_time_based_timetable to 2026-04-15 01:00:00+00:00, run_after=2026-04-15 01:00:00+00:00
[2026-04-15T02:05:42.913+0000] {logging_mixin.py:188} INFO - [2026-04-15T02:05:42.913+0000] {dag.py:3947} INFO - Setting next_dagrun for consume_1_and_2_with_dataset_expressions to None, run_after=None
[2026-04-15T02:05:42.916+0000] {logging_mixin.py:188} INFO - [2026-04-15T02:05:42.915+0000] {dag.py:3947} INFO - Setting next_dagrun for consume_1_or_2_with_dataset_expressions to None, run_after=None
[2026-04-15T02:05:42.919+0000] {logging_mixin.py:188} INFO - [2026-04-15T02:05:42.918+0000] {dag.py:3947} INFO - Setting next_dagrun for consume_1_or_both_2_and_3_with_dataset_expressions to None, run_after=None
[2026-04-15T02:05:42.922+0000] {logging_mixin.py:188} INFO - [2026-04-15T02:05:42.922+0000] {dag.py:3947} INFO - Setting next_dagrun for dataset_consumes_1 to None, run_after=None
[2026-04-15T02:05:42.926+0000] {logging_mixin.py:188} INFO - [2026-04-15T02:05:42.925+0000] {dag.py:3947} INFO - Setting next_dagrun for dataset_consumes_1_and_2 to None, run_after=None
[2026-04-15T02:05:42.929+0000] {logging_mixin.py:188} INFO - [2026-04-15T02:05:42.928+0000] {dag.py:3947} INFO - Setting next_dagrun for dataset_consumes_1_never_scheduled to None, run_after=None
[2026-04-15T02:05:42.932+0000] {logging_mixin.py:188} INFO - [2026-04-15T02:05:42.931+0000] {dag.py:3947} INFO - Setting next_dagrun for dataset_consumes_unknown_never_scheduled to None, run_after=None
[2026-04-15T02:05:42.938+0000] {logging_mixin.py:188} INFO - [2026-04-15T02:05:42.938+0000] {dag.py:3947} INFO - Setting next_dagrun for dataset_produces_1 to 2026-04-14 00:00:00+00:00, run_after=2026-04-15 00:00:00+00:00
[2026-04-15T02:05:42.941+0000] {logging_mixin.py:188} INFO - [2026-04-15T02:05:42.941+0000] {dag.py:3947} INFO - Setting next_dagrun for dataset_produces_2 to None, run_after=None
[2026-04-15T02:05:43.065+0000] {processor.py:183} INFO - Processing /home/airflow/.local/lib/python3.12/site-packages/airflow/example_dags/example_datasets.py took 0.418 seconds
[2026-04-15T02:06:13.489+0000] {processor.py:161} INFO - Started process (PID=185) to work on /home/airflow/.local/lib/python3.12/site-packages/airflow/example_dags/example_datasets.py
[2026-04-15T02:06:13.499+0000] {processor.py:830} INFO - Processing file /home/airflow/.local/lib/python3.12/site-packages/airflow/example_dags/example_datasets.py for tasks to queue
[2026-04-15T02:06:13.502+0000] {logging_mixin.py:188} INFO - [2026-04-15T02:06:13.501+0000] {dagbag.py:545} INFO - Filling up the DagBag from /home/airflow/.local/lib/python3.12/site-packages/airflow/example_dags/example_datasets.py
[2026-04-15T02:06:13.528+0000] {processor.py:840} INFO - DAG(s) 'dataset_consumes_unknown_never_scheduled', 'consume_1_or_both_2_and_3_with_dataset_expressions', 'dataset_produces_1', 'dataset_consumes_1', 'dataset_produces_2', 'consume_1_and_2_with_dataset_expressions', 'dataset_consumes_1_never_scheduled', 'consume_1_or_2_with_dataset_expressions', 'conditional_dataset_and_time_based_timetable', 'dataset_consumes_1_and_2' retrieved from /home/airflow/.local/lib/python3.12/site-packages/airflow/example_dags/example_datasets.py
[2026-04-15T02:06:13.624+0000] {logging_mixin.py:188} INFO - [2026-04-15T02:06:13.624+0000] {dag.py:3089} INFO - Sync 10 DAGs
[2026-04-15T02:06:13.678+0000] {logging_mixin.py:188} INFO - [2026-04-15T02:06:13.677+0000] {dag.py:3947} INFO - Setting next_dagrun for conditional_dataset_and_time_based_timetable to 2026-04-15 01:00:00+00:00, run_after=2026-04-15 01:00:00+00:00
[2026-04-15T02:06:13.685+0000] {logging_mixin.py:188} INFO - [2026-04-15T02:06:13.685+0000] {dag.py:3947} INFO - Setting next_dagrun for consume_1_and_2_with_dataset_expressions to None, run_after=None
[2026-04-15T02:06:13.687+0000] {logging_mixin.py:188} INFO - [2026-04-15T02:06:13.687+0000] {dag.py:3947} INFO - Setting next_dagrun for consume_1_or_2_with_dataset_expressions to None, run_after=None
[2026-04-15T02:06:13.690+0000] {logging_mixin.py:188} INFO - [2026-04-15T02:06:13.689+0000] {dag.py:3947} INFO - Setting next_dagrun for consume_1_or_both_2_and_3_with_dataset_expressions to None, run_after=None
[2026-04-15T02:06:13.692+0000] {logging_mixin.py:188} INFO - [2026-04-15T02:06:13.691+0000] {dag.py:3947} INFO - Setting next_dagrun for dataset_consumes_1 to None, run_after=None
[2026-04-15T02:06:13.694+0000] {logging_mixin.py:188} INFO - [2026-04-15T02:06:13.693+0000] {dag.py:3947} INFO - Setting next_dagrun for dataset_consumes_1_and_2 to None, run_after=None
[2026-04-15T02:06:13.696+0000] {logging_mixin.py:188} INFO - [2026-04-15T02:06:13.696+0000] {dag.py:3947} INFO - Setting next_dagrun for dataset_consumes_1_never_scheduled to None, run_after=None
[2026-04-15T02:06:13.698+0000] {logging_mixin.py:188} INFO - [2026-04-15T02:06:13.698+0000] {dag.py:3947} INFO - Setting next_dagrun for dataset_consumes_unknown_never_scheduled to None, run_after=None
[2026-04-15T02:06:13.703+0000] {logging_mixin.py:188} INFO - [2026-04-15T02:06:13.702+0000] {dag.py:3947} INFO - Setting next_dagrun for dataset_produces_1 to 2026-04-14 00:00:00+00:00, run_after=2026-04-15 00:00:00+00:00
[2026-04-15T02:06:13.705+0000] {logging_mixin.py:188} INFO - [2026-04-15T02:06:13.704+0000] {dag.py:3947} INFO - Setting next_dagrun for dataset_produces_2 to None, run_after=None
[2026-04-15T02:06:13.794+0000] {processor.py:183} INFO - Processing /home/airflow/.local/lib/python3.12/site-packages/airflow/example_dags/example_datasets.py took 0.318 seconds
[2026-04-15T02:06:43.989+0000] {processor.py:161} INFO - Started process (PID=244) to work on /home/airflow/.local/lib/python3.12/site-packages/airflow/example_dags/example_datasets.py
[2026-04-15T02:06:43.994+0000] {processor.py:830} INFO - Processing file /home/airflow/.local/lib/python3.12/site-packages/airflow/example_dags/example_datasets.py for tasks to queue
[2026-04-15T02:06:44.004+0000] {logging_mixin.py:188} INFO - [2026-04-15T02:06:44.003+0000] {dagbag.py:545} INFO - Filling up the DagBag from /home/airflow/.local/lib/python3.12/site-packages/airflow/example_dags/example_datasets.py
[2026-04-15T02:06:44.087+0000] {processor.py:840} INFO - DAG(s) 'dataset_produces_1', 'dataset_consumes_unknown_never_scheduled', 'dataset_consumes_1', 'dataset_consumes_1_and_2', 'conditional_dataset_and_time_based_timetable', 'dataset_consumes_1_never_scheduled', 'dataset_produces_2', 'consume_1_and_2_with_dataset_expressions', 'consume_1_or_2_with_dataset_expressions', 'consume_1_or_both_2_and_3_with_dataset_expressions' retrieved from /home/airflow/.local/lib/python3.12/site-packages/airflow/example_dags/example_datasets.py
[2026-04-15T02:06:44.583+0000] {logging_mixin.py:188} INFO - [2026-04-15T02:06:44.581+0000] {dag.py:3089} INFO - Sync 10 DAGs
[2026-04-15T02:06:44.715+0000] {logging_mixin.py:188} INFO - [2026-04-15T02:06:44.714+0000] {dag.py:3947} INFO - Setting next_dagrun for conditional_dataset_and_time_based_timetable to 2026-04-15 01:00:00+00:00, run_after=2026-04-15 01:00:00+00:00
[2026-04-15T02:06:44.735+0000] {logging_mixin.py:188} INFO - [2026-04-15T02:06:44.735+0000] {dag.py:3947} INFO - Setting next_dagrun for consume_1_and_2_with_dataset_expressions to None, run_after=None
[2026-04-15T02:06:44.740+0000] {logging_mixin.py:188} INFO - [2026-04-15T02:06:44.739+0000] {dag.py:3947} INFO - Setting next_dagrun for consume_1_or_2_with_dataset_expressions to None, run_after=None
[2026-04-15T02:06:44.743+0000] {logging_mixin.py:188} INFO - [2026-04-15T02:06:44.743+0000] {dag.py:3947} INFO - Setting next_dagrun for consume_1_or_both_2_and_3_with_dataset_expressions to None, run_after=None
[2026-04-15T02:06:44.753+0000] {logging_mixin.py:188} INFO - [2026-04-15T02:06:44.752+0000] {dag.py:3947} INFO - Setting next_dagrun for dataset_consumes_1 to None, run_after=None
[2026-04-15T02:06:44.876+0000] {logging_mixin.py:188} INFO - [2026-04-15T02:06:44.875+0000] {dag.py:3947} INFO - Setting next_dagrun for dataset_consumes_1_and_2 to None, run_after=None
[2026-04-15T02:06:44.907+0000] {logging_mixin.py:188} INFO - [2026-04-15T02:06:44.901+0000] {dag.py:3947} INFO - Setting next_dagrun for dataset_consumes_1_never_scheduled to None, run_after=None
[2026-04-15T02:06:44.917+0000] {logging_mixin.py:188} INFO - [2026-04-15T02:06:44.916+0000] {dag.py:3947} INFO - Setting next_dagrun for dataset_consumes_unknown_never_scheduled to None, run_after=None
[2026-04-15T02:06:44.945+0000] {logging_mixin.py:188} INFO - [2026-04-15T02:06:44.944+0000] {dag.py:3947} INFO - Setting next_dagrun for dataset_produces_1 to 2026-04-14 00:00:00+00:00, run_after=2026-04-15 00:00:00+00:00
[2026-04-15T02:06:44.951+0000] {logging_mixin.py:188} INFO - [2026-04-15T02:06:44.950+0000] {dag.py:3947} INFO - Setting next_dagrun for dataset_produces_2 to None, run_after=None
[2026-04-15T02:06:45.328+0000] {processor.py:183} INFO - Processing /home/airflow/.local/lib/python3.12/site-packages/airflow/example_dags/example_datasets.py took 1.389 seconds
[2026-04-15T02:07:15.730+0000] {processor.py:161} INFO - Started process (PID=304) to work on /home/airflow/.local/lib/python3.12/site-packages/airflow/example_dags/example_datasets.py
[2026-04-15T02:07:15.732+0000] {processor.py:830} INFO - Processing file /home/airflow/.local/lib/python3.12/site-packages/airflow/example_dags/example_datasets.py for tasks to queue
[2026-04-15T02:07:15.738+0000] {logging_mixin.py:188} INFO - [2026-04-15T02:07:15.737+0000] {dagbag.py:545} INFO - Filling up the DagBag from /home/airflow/.local/lib/python3.12/site-packages/airflow/example_dags/example_datasets.py
[2026-04-15T02:07:15.776+0000] {processor.py:840} INFO - DAG(s) 'dataset_consumes_1_and_2', 'consume_1_or_both_2_and_3_with_dataset_expressions', 'dataset_consumes_1_never_scheduled', 'consume_1_and_2_with_dataset_expressions', 'conditional_dataset_and_time_based_timetable', 'dataset_consumes_1', 'consume_1_or_2_with_dataset_expressions', 'dataset_produces_1', 'dataset_consumes_unknown_never_scheduled', 'dataset_produces_2' retrieved from /home/airflow/.local/lib/python3.12/site-packages/airflow/example_dags/example_datasets.py
[2026-04-15T02:07:15.921+0000] {logging_mixin.py:188} INFO - [2026-04-15T02:07:15.920+0000] {dag.py:3089} INFO - Sync 10 DAGs
[2026-04-15T02:07:15.989+0000] {logging_mixin.py:188} INFO - [2026-04-15T02:07:15.988+0000] {dag.py:3947} INFO - Setting next_dagrun for conditional_dataset_and_time_based_timetable to 2026-04-15 01:00:00+00:00, run_after=2026-04-15 01:00:00+00:00
[2026-04-15T02:07:15.997+0000] {logging_mixin.py:188} INFO - [2026-04-15T02:07:15.997+0000] {dag.py:3947} INFO - Setting next_dagrun for consume_1_and_2_with_dataset_expressions to None, run_after=None
[2026-04-15T02:07:16.000+0000] {logging_mixin.py:188} INFO - [2026-04-15T02:07:16.000+0000] {dag.py:3947} INFO - Setting next_dagrun for consume_1_or_2_with_dataset_expressions to None, run_after=None
[2026-04-15T02:07:16.003+0000] {logging_mixin.py:188} INFO - [2026-04-15T02:07:16.002+0000] {dag.py:3947} INFO - Setting next_dagrun for consume_1_or_both_2_and_3_with_dataset_expressions to None, run_after=None
[2026-04-15T02:07:16.006+0000] {logging_mixin.py:188} INFO - [2026-04-15T02:07:16.005+0000] {dag.py:3947} INFO - Setting next_dagrun for dataset_consumes_1 to None, run_after=None
[2026-04-15T02:07:16.010+0000] {logging_mixin.py:188} INFO - [2026-04-15T02:07:16.009+0000] {dag.py:3947} INFO - Setting next_dagrun for dataset_consumes_1_and_2 to None, run_after=None
[2026-04-15T02:07:16.013+0000] {logging_mixin.py:188} INFO - [2026-04-15T02:07:16.013+0000] {dag.py:3947} INFO - Setting next_dagrun for dataset_consumes_1_never_scheduled to None, run_after=None
[2026-04-15T02:07:16.017+0000] {logging_mixin.py:188} INFO - [2026-04-15T02:07:16.017+0000] {dag.py:3947} INFO - Setting next_dagrun for dataset_consumes_unknown_never_scheduled to None, run_after=None
[2026-04-15T02:07:16.022+0000] {logging_mixin.py:188} INFO - [2026-04-15T02:07:16.022+0000] {dag.py:3947} INFO - Setting next_dagrun for dataset_produces_1 to 2026-04-14 00:00:00+00:00, run_after=2026-04-15 00:00:00+00:00
[2026-04-15T02:07:16.024+0000] {logging_mixin.py:188} INFO - [2026-04-15T02:07:16.024+0000] {dag.py:3947} INFO - Setting next_dagrun for dataset_produces_2 to None, run_after=None
[2026-04-15T02:07:16.098+0000] {processor.py:183} INFO - Processing /home/airflow/.local/lib/python3.12/site-packages/airflow/example_dags/example_datasets.py took 0.381 seconds
[2026-04-15T02:07:46.265+0000] {processor.py:161} INFO - Started process (PID=363) to work on /home/airflow/.local/lib/python3.12/site-packages/airflow/example_dags/example_datasets.py
[2026-04-15T02:07:46.275+0000] {processor.py:830} INFO - Processing file /home/airflow/.local/lib/python3.12/site-packages/airflow/example_dags/example_datasets.py for tasks to queue
[2026-04-15T02:07:46.278+0000] {logging_mixin.py:188} INFO - [2026-04-15T02:07:46.277+0000] {dagbag.py:545} INFO - Filling up the DagBag from /home/airflow/.local/lib/python3.12/site-packages/airflow/example_dags/example_datasets.py
[2026-04-15T02:07:46.300+0000] {processor.py:840} INFO - DAG(s) 'dataset_produces_2', 'consume_1_or_2_with_dataset_expressions', 'consume_1_and_2_with_dataset_expressions', 'consume_1_or_both_2_and_3_with_dataset_expressions', 'dataset_consumes_1', 'dataset_consumes_1_and_2', 'conditional_dataset_and_time_based_timetable', 'dataset_consumes_1_never_scheduled', 'dataset_consumes_unknown_never_scheduled', 'dataset_produces_1' retrieved from /home/airflow/.local/lib/python3.12/site-packages/airflow/example_dags/example_datasets.py
[2026-04-15T02:07:46.455+0000] {logging_mixin.py:188} INFO - [2026-04-15T02:07:46.455+0000] {dag.py:3089} INFO - Sync 10 DAGs
[2026-04-15T02:07:46.539+0000] {logging_mixin.py:188} INFO - [2026-04-15T02:07:46.539+0000] {dag.py:3947} INFO - Setting next_dagrun for conditional_dataset_and_time_based_timetable to 2026-04-15 01:00:00+00:00, run_after=2026-04-15 01:00:00+00:00
[2026-04-15T02:07:46.551+0000] {logging_mixin.py:188} INFO - [2026-04-15T02:07:46.550+0000] {dag.py:3947} INFO - Setting next_dagrun for consume_1_and_2_with_dataset_expressions to None, run_after=None
[2026-04-15T02:07:46.554+0000] {logging_mixin.py:188} INFO - [2026-04-15T02:07:46.553+0000] {dag.py:3947} INFO - Setting next_dagrun for consume_1_or_2_with_dataset_expressions to None, run_after=None
[2026-04-15T02:07:46.557+0000] {logging_mixin.py:188} INFO - [2026-04-15T02:07:46.556+0000] {dag.py:3947} INFO - Setting next_dagrun for consume_1_or_both_2_and_3_with_dataset_expressions to None, run_after=None
[2026-04-15T02:07:46.559+0000] {logging_mixin.py:188} INFO - [2026-04-15T02:07:46.559+0000] {dag.py:3947} INFO - Setting next_dagrun for dataset_consumes_1 to None, run_after=None
[2026-04-15T02:07:46.562+0000] {logging_mixin.py:188} INFO - [2026-04-15T02:07:46.561+0000] {dag.py:3947} INFO - Setting next_dagrun for dataset_consumes_1_and_2 to None, run_after=None
[2026-04-15T02:07:46.564+0000] {logging_mixin.py:188} INFO - [2026-04-15T02:07:46.564+0000] {dag.py:3947} INFO - Setting next_dagrun for dataset_consumes_1_never_scheduled to None, run_after=None
[2026-04-15T02:07:46.567+0000] {logging_mixin.py:188} INFO - [2026-04-15T02:07:46.566+0000] {dag.py:3947} INFO - Setting next_dagrun for dataset_consumes_unknown_never_scheduled to None, run_after=None
[2026-04-15T02:07:46.572+0000] {logging_mixin.py:188} INFO - [2026-04-15T02:07:46.571+0000] {dag.py:3947} INFO - Setting next_dagrun for dataset_produces_1 to 2026-04-14 00:00:00+00:00, run_after=2026-04-15 00:00:00+00:00
[2026-04-15T02:07:46.575+0000] {logging_mixin.py:188} INFO - [2026-04-15T02:07:46.574+0000] {dag.py:3947} INFO - Setting next_dagrun for dataset_produces_2 to None, run_after=None
[2026-04-15T02:07:46.656+0000] {processor.py:183} INFO - Processing /home/airflow/.local/lib/python3.12/site-packages/airflow/example_dags/example_datasets.py took 0.400 seconds
[2026-04-15T02:08:16.813+0000] {processor.py:161} INFO - Started process (PID=423) to work on /home/airflow/.local/lib/python3.12/site-packages/airflow/example_dags/example_datasets.py
[2026-04-15T02:08:16.827+0000] {processor.py:830} INFO - Processing file /home/airflow/.local/lib/python3.12/site-packages/airflow/example_dags/example_datasets.py for tasks to queue
[2026-04-15T02:08:16.834+0000] {logging_mixin.py:188} INFO - [2026-04-15T02:08:16.834+0000] {dagbag.py:545} INFO - Filling up the DagBag from /home/airflow/.local/lib/python3.12/site-packages/airflow/example_dags/example_datasets.py
[2026-04-15T02:08:16.865+0000] {processor.py:840} INFO - DAG(s) 'consume_1_or_2_with_dataset_expressions', 'consume_1_or_both_2_and_3_with_dataset_expressions', 'conditional_dataset_and_time_based_timetable', 'dataset_produces_1', 'dataset_consumes_1', 'dataset_consumes_unknown_never_scheduled', 'consume_1_and_2_with_dataset_expressions', 'dataset_consumes_1_never_scheduled', 'dataset_produces_2', 'dataset_consumes_1_and_2' retrieved from /home/airflow/.local/lib/python3.12/site-packages/airflow/example_dags/example_datasets.py
[2026-04-15T02:08:16.970+0000] {logging_mixin.py:188} INFO - [2026-04-15T02:08:16.970+0000] {dag.py:3089} INFO - Sync 10 DAGs
[2026-04-15T02:08:17.056+0000] {logging_mixin.py:188} INFO - [2026-04-15T02:08:17.056+0000] {dag.py:3947} INFO - Setting next_dagrun for conditional_dataset_and_time_based_timetable to 2026-04-15 01:00:00+00:00, run_after=2026-04-15 01:00:00+00:00
[2026-04-15T02:08:17.067+0000] {logging_mixin.py:188} INFO - [2026-04-15T02:08:17.067+0000] {dag.py:3947} INFO - Setting next_dagrun for consume_1_and_2_with_dataset_expressions to None, run_after=None
[2026-04-15T02:08:17.070+0000] {logging_mixin.py:188} INFO - [2026-04-15T02:08:17.069+0000] {dag.py:3947} INFO - Setting next_dagrun for consume_1_or_2_with_dataset_expressions to None, run_after=None
[2026-04-15T02:08:17.072+0000] {logging_mixin.py:188} INFO - [2026-04-15T02:08:17.072+0000] {dag.py:3947} INFO - Setting next_dagrun for consume_1_or_both_2_and_3_with_dataset_expressions to None, run_after=None
[2026-04-15T02:08:17.074+0000] {logging_mixin.py:188} INFO - [2026-04-15T02:08:17.074+0000] {dag.py:3947} INFO - Setting next_dagrun for dataset_consumes_1 to None, run_after=None
[2026-04-15T02:08:17.076+0000] {logging_mixin.py:188} INFO - [2026-04-15T02:08:17.076+0000] {dag.py:3947} INFO - Setting next_dagrun for dataset_consumes_1_and_2 to None, run_after=None
[2026-04-15T02:08:17.077+0000] {logging_mixin.py:188} INFO - [2026-04-15T02:08:17.077+0000] {dag.py:3947} INFO - Setting next_dagrun for dataset_consumes_1_never_scheduled to None, run_after=None
[2026-04-15T02:08:17.079+0000] {logging_mixin.py:188} INFO - [2026-04-15T02:08:17.079+0000] {dag.py:3947} INFO - Setting next_dagrun for dataset_consumes_unknown_never_scheduled to None, run_after=None
[2026-04-15T02:08:17.085+0000] {logging_mixin.py:188} INFO - [2026-04-15T02:08:17.085+0000] {dag.py:3947} INFO - Setting next_dagrun for dataset_produces_1 to 2026-04-14 00:00:00+00:00, run_after=2026-04-15 00:00:00+00:00
[2026-04-15T02:08:17.088+0000] {logging_mixin.py:188} INFO - [2026-04-15T02:08:17.088+0000] {dag.py:3947} INFO - Setting next_dagrun for dataset_produces_2 to None, run_after=None
[2026-04-15T02:08:17.180+0000] {processor.py:183} INFO - Processing /home/airflow/.local/lib/python3.12/site-packages/airflow/example_dags/example_datasets.py took 0.379 seconds
[2026-04-15T02:08:47.643+0000] {processor.py:161} INFO - Started process (PID=481) to work on /home/airflow/.local/lib/python3.12/site-packages/airflow/example_dags/example_datasets.py
[2026-04-15T02:08:47.647+0000] {processor.py:830} INFO - Processing file /home/airflow/.local/lib/python3.12/site-packages/airflow/example_dags/example_datasets.py for tasks to queue
[2026-04-15T02:08:47.655+0000] {logging_mixin.py:188} INFO - [2026-04-15T02:08:47.654+0000] {dagbag.py:545} INFO - Filling up the DagBag from /home/airflow/.local/lib/python3.12/site-packages/airflow/example_dags/example_datasets.py
[2026-04-15T02:08:47.699+0000] {processor.py:840} INFO - DAG(s) 'consume_1_or_both_2_and_3_with_dataset_expressions', 'consume_1_or_2_with_dataset_expressions', 'consume_1_and_2_with_dataset_expressions', 'conditional_dataset_and_time_based_timetable', 'dataset_consumes_1_never_scheduled', 'dataset_consumes_1_and_2', 'dataset_consumes_1', 'dataset_produces_1', 'dataset_consumes_unknown_never_scheduled', 'dataset_produces_2' retrieved from /home/airflow/.local/lib/python3.12/site-packages/airflow/example_dags/example_datasets.py
[2026-04-15T02:08:47.800+0000] {logging_mixin.py:188} INFO - [2026-04-15T02:08:47.800+0000] {dag.py:3089} INFO - Sync 10 DAGs
[2026-04-15T02:08:47.875+0000] {logging_mixin.py:188} INFO - [2026-04-15T02:08:47.875+0000] {dag.py:3947} INFO - Setting next_dagrun for conditional_dataset_and_time_based_timetable to 2026-04-15 01:00:00+00:00, run_after=2026-04-15 01:00:00+00:00
[2026-04-15T02:08:47.882+0000] {logging_mixin.py:188} INFO - [2026-04-15T02:08:47.882+0000] {dag.py:3947} INFO - Setting next_dagrun for consume_1_and_2_with_dataset_expressions to None, run_after=None
[2026-04-15T02:08:47.885+0000] {logging_mixin.py:188} INFO - [2026-04-15T02:08:47.884+0000] {dag.py:3947} INFO - Setting next_dagrun for consume_1_or_2_with_dataset_expressions to None, run_after=None
[2026-04-15T02:08:47.887+0000] {logging_mixin.py:188} INFO - [2026-04-15T02:08:47.886+0000] {dag.py:3947} INFO - Setting next_dagrun for consume_1_or_both_2_and_3_with_dataset_expressions to None, run_after=None
[2026-04-15T02:08:47.889+0000] {logging_mixin.py:188} INFO - [2026-04-15T02:08:47.888+0000] {dag.py:3947} INFO - Setting next_dagrun for dataset_consumes_1 to None, run_after=None
[2026-04-15T02:08:47.891+0000] {logging_mixin.py:188} INFO - [2026-04-15T02:08:47.890+0000] {dag.py:3947} INFO - Setting next_dagrun for dataset_consumes_1_and_2 to None, run_after=None
[2026-04-15T02:08:47.893+0000] {logging_mixin.py:188} INFO - [2026-04-15T02:08:47.892+0000] {dag.py:3947} INFO - Setting next_dagrun for dataset_consumes_1_never_scheduled to None, run_after=None
[2026-04-15T02:08:47.895+0000] {logging_mixin.py:188} INFO - [2026-04-15T02:08:47.894+0000] {dag.py:3947} INFO - Setting next_dagrun for dataset_consumes_unknown_never_scheduled to None, run_after=None
[2026-04-15T02:08:47.899+0000] {logging_mixin.py:188} INFO - [2026-04-15T02:08:47.899+0000] {dag.py:3947} INFO - Setting next_dagrun for dataset_produces_1 to 2026-04-14 00:00:00+00:00, run_after=2026-04-15 00:00:00+00:00
[2026-04-15T02:08:47.901+0000] {logging_mixin.py:188} INFO - [2026-04-15T02:08:47.901+0000] {dag.py:3947} INFO - Setting next_dagrun for dataset_produces_2 to None, run_after=None
[2026-04-15T02:08:47.988+0000] {processor.py:183} INFO - Processing /home/airflow/.local/lib/python3.12/site-packages/airflow/example_dags/example_datasets.py took 0.389 seconds
[2026-04-15T02:09:18.761+0000] {processor.py:161} INFO - Started process (PID=539) to work on /home/airflow/.local/lib/python3.12/site-packages/airflow/example_dags/example_datasets.py
[2026-04-15T02:09:18.774+0000] {processor.py:830} INFO - Processing file /home/airflow/.local/lib/python3.12/site-packages/airflow/example_dags/example_datasets.py for tasks to queue
[2026-04-15T02:09:18.793+0000] {logging_mixin.py:188} INFO - [2026-04-15T02:09:18.792+0000] {dagbag.py:545} INFO - Filling up the DagBag from /home/airflow/.local/lib/python3.12/site-packages/airflow/example_dags/example_datasets.py
[2026-04-15T02:09:18.843+0000] {processor.py:840} INFO - DAG(s) 'consume_1_or_2_with_dataset_expressions', 'dataset_produces_1', 'dataset_consumes_1_never_scheduled', 'dataset_consumes_1_and_2', 'conditional_dataset_and_time_based_timetable', 'dataset_consumes_1', 'dataset_consumes_unknown_never_scheduled', 'consume_1_and_2_with_dataset_expressions', 'dataset_produces_2', 'consume_1_or_both_2_and_3_with_dataset_expressions' retrieved from /home/airflow/.local/lib/python3.12/site-packages/airflow/example_dags/example_datasets.py
[2026-04-15T02:09:18.946+0000] {logging_mixin.py:188} INFO - [2026-04-15T02:09:18.946+0000] {dag.py:3089} INFO - Sync 10 DAGs
[2026-04-15T02:09:19.023+0000] {logging_mixin.py:188} INFO - [2026-04-15T02:09:19.023+0000] {dag.py:3947} INFO - Setting next_dagrun for conditional_dataset_and_time_based_timetable to 2026-04-15 01:00:00+00:00, run_after=2026-04-15 01:00:00+00:00
[2026-04-15T02:09:19.031+0000] {logging_mixin.py:188} INFO - [2026-04-15T02:09:19.031+0000] {dag.py:3947} INFO - Setting next_dagrun for consume_1_and_2_with_dataset_expressions to None, run_after=None
[2026-04-15T02:09:19.034+0000] {logging_mixin.py:188} INFO - [2026-04-15T02:09:19.033+0000] {dag.py:3947} INFO - Setting next_dagrun for consume_1_or_2_with_dataset_expressions to None, run_after=None
[2026-04-15T02:09:19.036+0000] {logging_mixin.py:188} INFO - [2026-04-15T02:09:19.036+0000] {dag.py:3947} INFO - Setting next_dagrun for consume_1_or_both_2_and_3_with_dataset_expressions to None, run_after=None
[2026-04-15T02:09:19.038+0000] {logging_mixin.py:188} INFO - [2026-04-15T02:09:19.038+0000] {dag.py:3947} INFO - Setting next_dagrun for dataset_consumes_1 to None, run_after=None
[2026-04-15T02:09:19.041+0000] {logging_mixin.py:188} INFO - [2026-04-15T02:09:19.040+0000] {dag.py:3947} INFO - Setting next_dagrun for dataset_consumes_1_and_2 to None, run_after=None
[2026-04-15T02:09:19.043+0000] {logging_mixin.py:188} INFO - [2026-04-15T02:09:19.043+0000] {dag.py:3947} INFO - Setting next_dagrun for dataset_consumes_1_never_scheduled to None, run_after=None
[2026-04-15T02:09:19.046+0000] {logging_mixin.py:188} INFO - [2026-04-15T02:09:19.045+0000] {dag.py:3947} INFO - Setting next_dagrun for dataset_consumes_unknown_never_scheduled to None, run_after=None
[2026-04-15T02:09:19.051+0000] {logging_mixin.py:188} INFO - [2026-04-15T02:09:19.051+0000] {dag.py:3947} INFO - Setting next_dagrun for dataset_produces_1 to 2026-04-14 00:00:00+00:00, run_after=2026-04-15 00:00:00+00:00
[2026-04-15T02:09:19.054+0000] {logging_mixin.py:188} INFO - [2026-04-15T02:09:19.054+0000] {dag.py:3947} INFO - Setting next_dagrun for dataset_produces_2 to None, run_after=None
[2026-04-15T02:09:19.162+0000] {processor.py:183} INFO - Processing /home/airflow/.local/lib/python3.12/site-packages/airflow/example_dags/example_datasets.py took 0.426 seconds
[2026-04-15T02:09:49.815+0000] {processor.py:161} INFO - Started process (PID=598) to work on /home/airflow/.local/lib/python3.12/site-packages/airflow/example_dags/example_datasets.py
[2026-04-15T02:09:49.825+0000] {processor.py:830} INFO - Processing file /home/airflow/.local/lib/python3.12/site-packages/airflow/example_dags/example_datasets.py for tasks to queue
[2026-04-15T02:09:49.829+0000] {logging_mixin.py:188} INFO - [2026-04-15T02:09:49.828+0000] {dagbag.py:545} INFO - Filling up the DagBag from /home/airflow/.local/lib/python3.12/site-packages/airflow/example_dags/example_datasets.py
[2026-04-15T02:09:49.854+0000] {processor.py:840} INFO - DAG(s) 'dataset_consumes_1_never_scheduled', 'dataset_consumes_1', 'dataset_produces_1', 'consume_1_and_2_with_dataset_expressions', 'conditional_dataset_and_time_based_timetable', 'dataset_consumes_unknown_never_scheduled', 'dataset_produces_2', 'dataset_consumes_1_and_2', 'consume_1_or_2_with_dataset_expressions', 'consume_1_or_both_2_and_3_with_dataset_expressions' retrieved from /home/airflow/.local/lib/python3.12/site-packages/airflow/example_dags/example_datasets.py
[2026-04-15T02:09:49.960+0000] {logging_mixin.py:188} INFO - [2026-04-15T02:09:49.959+0000] {dag.py:3089} INFO - Sync 10 DAGs
[2026-04-15T02:09:50.012+0000] {logging_mixin.py:188} INFO - [2026-04-15T02:09:50.011+0000] {dag.py:3947} INFO - Setting next_dagrun for conditional_dataset_and_time_based_timetable to 2026-04-15 01:00:00+00:00, run_after=2026-04-15 01:00:00+00:00
[2026-04-15T02:09:50.021+0000] {logging_mixin.py:188} INFO - [2026-04-15T02:09:50.020+0000] {dag.py:3947} INFO - Setting next_dagrun for consume_1_and_2_with_dataset_expressions to None, run_after=None
[2026-04-15T02:09:50.023+0000] {logging_mixin.py:188} INFO - [2026-04-15T02:09:50.023+0000] {dag.py:3947} INFO - Setting next_dagrun for consume_1_or_2_with_dataset_expressions to None, run_after=None
[2026-04-15T02:09:50.025+0000] {logging_mixin.py:188} INFO - [2026-04-15T02:09:50.025+0000] {dag.py:3947} INFO - Setting next_dagrun for consume_1_or_both_2_and_3_with_dataset_expressions to None, run_after=None
[2026-04-15T02:09:50.026+0000] {logging_mixin.py:188} INFO - [2026-04-15T02:09:50.026+0000] {dag.py:3947} INFO - Setting next_dagrun for dataset_consumes_1 to None, run_after=None
[2026-04-15T02:09:50.028+0000] {logging_mixin.py:188} INFO - [2026-04-15T02:09:50.028+0000] {dag.py:3947} INFO - Setting next_dagrun for dataset_consumes_1_and_2 to None, run_after=None
[2026-04-15T02:09:50.029+0000] {logging_mixin.py:188} INFO - [2026-04-15T02:09:50.029+0000] {dag.py:3947} INFO - Setting next_dagrun for dataset_consumes_1_never_scheduled to None, run_after=None
[2026-04-15T02:09:50.030+0000] {logging_mixin.py:188} INFO - [2026-04-15T02:09:50.030+0000] {dag.py:3947} INFO - Setting next_dagrun for dataset_consumes_unknown_never_scheduled to None, run_after=None
[2026-04-15T02:09:50.033+0000] {logging_mixin.py:188} INFO - [2026-04-15T02:09:50.032+0000] {dag.py:3947} INFO - Setting next_dagrun for dataset_produces_1 to 2026-04-14 00:00:00+00:00, run_after=2026-04-15 00:00:00+00:00
[2026-04-15T02:09:50.034+0000] {logging_mixin.py:188} INFO - [2026-04-15T02:09:50.034+0000] {dag.py:3947} INFO - Setting next_dagrun for dataset_produces_2 to None, run_after=None
[2026-04-15T02:09:50.084+0000] {processor.py:183} INFO - Processing /home/airflow/.local/lib/python3.12/site-packages/airflow/example_dags/example_datasets.py took 0.277 seconds
[2026-04-15T02:10:20.117+0000] {processor.py:161} INFO - Started process (PID=657) to work on /home/airflow/.local/lib/python3.12/site-packages/airflow/example_dags/example_datasets.py
[2026-04-15T02:10:20.128+0000] {processor.py:830} INFO - Processing file /home/airflow/.local/lib/python3.12/site-packages/airflow/example_dags/example_datasets.py for tasks to queue
[2026-04-15T02:10:20.142+0000] {logging_mixin.py:188} INFO - [2026-04-15T02:10:20.141+0000] {dagbag.py:545} INFO - Filling up the DagBag from /home/airflow/.local/lib/python3.12/site-packages/airflow/example_dags/example_datasets.py
[2026-04-15T02:10:20.182+0000] {processor.py:840} INFO - DAG(s) 'conditional_dataset_and_time_based_timetable', 'consume_1_or_2_with_dataset_expressions', 'consume_1_or_both_2_and_3_with_dataset_expressions', 'consume_1_and_2_with_dataset_expressions', 'dataset_consumes_1_and_2', 'dataset_consumes_1_never_scheduled', 'dataset_consumes_unknown_never_scheduled', 'dataset_produces_2', 'dataset_consumes_1', 'dataset_produces_1' retrieved from /home/airflow/.local/lib/python3.12/site-packages/airflow/example_dags/example_datasets.py
[2026-04-15T02:10:20.282+0000] {logging_mixin.py:188} INFO - [2026-04-15T02:10:20.281+0000] {dag.py:3089} INFO - Sync 10 DAGs
[2026-04-15T02:10:20.318+0000] {logging_mixin.py:188} INFO - [2026-04-15T02:10:20.317+0000] {dag.py:3947} INFO - Setting next_dagrun for conditional_dataset_and_time_based_timetable to 2026-04-15 01:00:00+00:00, run_after=2026-04-15 01:00:00+00:00
[2026-04-15T02:10:20.325+0000] {logging_mixin.py:188} INFO - [2026-04-15T02:10:20.325+0000] {dag.py:3947} INFO - Setting next_dagrun for consume_1_and_2_with_dataset_expressions to None, run_after=None
[2026-04-15T02:10:20.326+0000] {logging_mixin.py:188} INFO - [2026-04-15T02:10:20.326+0000] {dag.py:3947} INFO - Setting next_dagrun for consume_1_or_2_with_dataset_expressions to None, run_after=None
[2026-04-15T02:10:20.328+0000] {logging_mixin.py:188} INFO - [2026-04-15T02:10:20.327+0000] {dag.py:3947} INFO - Setting next_dagrun for consume_1_or_both_2_and_3_with_dataset_expressions to None, run_after=None
[2026-04-15T02:10:20.331+0000] {logging_mixin.py:188} INFO - [2026-04-15T02:10:20.330+0000] {dag.py:3947} INFO - Setting next_dagrun for dataset_consumes_1 to None, run_after=None
[2026-04-15T02:10:20.333+0000] {logging_mixin.py:188} INFO - [2026-04-15T02:10:20.333+0000] {dag.py:3947} INFO - Setting next_dagrun for dataset_consumes_1_and_2 to None, run_after=None
[2026-04-15T02:10:20.334+0000] {logging_mixin.py:188} INFO - [2026-04-15T02:10:20.334+0000] {dag.py:3947} INFO - Setting next_dagrun for dataset_consumes_1_never_scheduled to None, run_after=None
[2026-04-15T02:10:20.336+0000] {logging_mixin.py:188} INFO - [2026-04-15T02:10:20.335+0000] {dag.py:3947} INFO - Setting next_dagrun for dataset_consumes_unknown_never_scheduled to None, run_after=None
[2026-04-15T02:10:20.338+0000] {logging_mixin.py:188} INFO - [2026-04-15T02:10:20.338+0000] {dag.py:3947} INFO - Setting next_dagrun for dataset_produces_1 to 2026-04-14 00:00:00+00:00, run_after=2026-04-15 00:00:00+00:00
[2026-04-15T02:10:20.340+0000] {logging_mixin.py:188} INFO - [2026-04-15T02:10:20.339+0000] {dag.py:3947} INFO - Setting next_dagrun for dataset_produces_2 to None, run_after=None
[2026-04-15T02:10:20.392+0000] {processor.py:183} INFO - Processing /home/airflow/.local/lib/python3.12/site-packages/airflow/example_dags/example_datasets.py took 0.281 seconds
[2026-04-15T02:10:51.189+0000] {processor.py:161} INFO - Started process (PID=716) to work on /home/airflow/.local/lib/python3.12/site-packages/airflow/example_dags/example_datasets.py
[2026-04-15T02:10:51.200+0000] {processor.py:830} INFO - Processing file /home/airflow/.local/lib/python3.12/site-packages/airflow/example_dags/example_datasets.py for tasks to queue
[2026-04-15T02:10:51.202+0000] {logging_mixin.py:188} INFO - [2026-04-15T02:10:51.202+0000] {dagbag.py:545} INFO - Filling up the DagBag from /home/airflow/.local/lib/python3.12/site-packages/airflow/example_dags/example_datasets.py
[2026-04-15T02:10:51.237+0000] {processor.py:840} INFO - DAG(s) 'consume_1_or_both_2_and_3_with_dataset_expressions', 'dataset_consumes_1_never_scheduled', 'conditional_dataset_and_time_based_timetable', 'dataset_produces_2', 'consume_1_or_2_with_dataset_expressions', 'consume_1_and_2_with_dataset_expressions', 'dataset_produces_1', 'dataset_consumes_1', 'dataset_consumes_unknown_never_scheduled', 'dataset_consumes_1_and_2' retrieved from /home/airflow/.local/lib/python3.12/site-packages/airflow/example_dags/example_datasets.py
[2026-04-15T02:10:51.326+0000] {logging_mixin.py:188} INFO - [2026-04-15T02:10:51.326+0000] {dag.py:3089} INFO - Sync 10 DAGs
[2026-04-15T02:10:51.363+0000] {logging_mixin.py:188} INFO - [2026-04-15T02:10:51.363+0000] {dag.py:3947} INFO - Setting next_dagrun for conditional_dataset_and_time_based_timetable to 2026-04-15 01:00:00+00:00, run_after=2026-04-15 01:00:00+00:00
[2026-04-15T02:10:51.368+0000] {logging_mixin.py:188} INFO - [2026-04-15T02:10:51.367+0000] {dag.py:3947} INFO - Setting next_dagrun for consume_1_and_2_with_dataset_expressions to None, run_after=None
[2026-04-15T02:10:51.369+0000] {logging_mixin.py:188} INFO - [2026-04-15T02:10:51.369+0000] {dag.py:3947} INFO - Setting next_dagrun for consume_1_or_2_with_dataset_expressions to None, run_after=None
[2026-04-15T02:10:51.371+0000] {logging_mixin.py:188} INFO - [2026-04-15T02:10:51.371+0000] {dag.py:3947} INFO - Setting next_dagrun for consume_1_or_both_2_and_3_with_dataset_expressions to None, run_after=None
[2026-04-15T02:10:51.374+0000] {logging_mixin.py:188} INFO - [2026-04-15T02:10:51.374+0000] {dag.py:3947} INFO - Setting next_dagrun for dataset_consumes_1 to None, run_after=None
[2026-04-15T02:10:51.378+0000] {logging_mixin.py:188} INFO - [2026-04-15T02:10:51.377+0000] {dag.py:3947} INFO - Setting next_dagrun for dataset_consumes_1_and_2 to None, run_after=None
[2026-04-15T02:10:51.379+0000] {logging_mixin.py:188} INFO - [2026-04-15T02:10:51.379+0000] {dag.py:3947} INFO - Setting next_dagrun for dataset_consumes_1_never_scheduled to None, run_after=None
[2026-04-15T02:10:51.381+0000] {logging_mixin.py:188} INFO - [2026-04-15T02:10:51.380+0000] {dag.py:3947} INFO - Setting next_dagrun for dataset_consumes_unknown_never_scheduled to None, run_after=None
[2026-04-15T02:10:51.383+0000] {logging_mixin.py:188} INFO - [2026-04-15T02:10:51.383+0000] {dag.py:3947} INFO - Setting next_dagrun for dataset_produces_1 to 2026-04-14 00:00:00+00:00, run_after=2026-04-15 00:00:00+00:00
[2026-04-15T02:10:51.384+0000] {logging_mixin.py:188} INFO - [2026-04-15T02:10:51.384+0000] {dag.py:3947} INFO - Setting next_dagrun for dataset_produces_2 to None, run_after=None
[2026-04-15T02:10:51.430+0000] {processor.py:183} INFO - Processing /home/airflow/.local/lib/python3.12/site-packages/airflow/example_dags/example_datasets.py took 0.252 seconds
[2026-04-15T02:11:22.066+0000] {processor.py:161} INFO - Started process (PID=774) to work on /home/airflow/.local/lib/python3.12/site-packages/airflow/example_dags/example_datasets.py
[2026-04-15T02:11:22.072+0000] {processor.py:830} INFO - Processing file /home/airflow/.local/lib/python3.12/site-packages/airflow/example_dags/example_datasets.py for tasks to queue
[2026-04-15T02:11:22.082+0000] {logging_mixin.py:188} INFO - [2026-04-15T02:11:22.081+0000] {dagbag.py:545} INFO - Filling up the DagBag from /home/airflow/.local/lib/python3.12/site-packages/airflow/example_dags/example_datasets.py
[2026-04-15T02:11:22.116+0000] {processor.py:840} INFO - DAG(s) 'dataset_consumes_unknown_never_scheduled', 'dataset_produces_1', 'dataset_consumes_1_and_2', 'consume_1_or_both_2_and_3_with_dataset_expressions', 'dataset_consumes_1_never_scheduled', 'conditional_dataset_and_time_based_timetable', 'dataset_consumes_1', 'dataset_produces_2', 'consume_1_and_2_with_dataset_expressions', 'consume_1_or_2_with_dataset_expressions' retrieved from /home/airflow/.local/lib/python3.12/site-packages/airflow/example_dags/example_datasets.py
[2026-04-15T02:11:22.267+0000] {logging_mixin.py:188} INFO - [2026-04-15T02:11:22.266+0000] {dag.py:3089} INFO - Sync 10 DAGs
[2026-04-15T02:11:22.355+0000] {logging_mixin.py:188} INFO - [2026-04-15T02:11:22.354+0000] {dag.py:3947} INFO - Setting next_dagrun for conditional_dataset_and_time_based_timetable to 2026-04-15 01:00:00+00:00, run_after=2026-04-15 01:00:00+00:00
[2026-04-15T02:11:22.371+0000] {logging_mixin.py:188} INFO - [2026-04-15T02:11:22.371+0000] {dag.py:3947} INFO - Setting next_dagrun for consume_1_and_2_with_dataset_expressions to None, run_after=None
[2026-04-15T02:11:22.384+0000] {logging_mixin.py:188} INFO - [2026-04-15T02:11:22.379+0000] {dag.py:3947} INFO - Setting next_dagrun for consume_1_or_2_with_dataset_expressions to None, run_after=None
[2026-04-15T02:11:22.388+0000] {logging_mixin.py:188} INFO - [2026-04-15T02:11:22.387+0000] {dag.py:3947} INFO - Setting next_dagrun for consume_1_or_both_2_and_3_with_dataset_expressions to None, run_after=None
[2026-04-15T02:11:22.391+0000] {logging_mixin.py:188} INFO - [2026-04-15T02:11:22.390+0000] {dag.py:3947} INFO - Setting next_dagrun for dataset_consumes_1 to None, run_after=None
[2026-04-15T02:11:22.393+0000] {logging_mixin.py:188} INFO - [2026-04-15T02:11:22.393+0000] {dag.py:3947} INFO - Setting next_dagrun for dataset_consumes_1_and_2 to None, run_after=None
[2026-04-15T02:11:22.398+0000] {logging_mixin.py:188} INFO - [2026-04-15T02:11:22.397+0000] {dag.py:3947} INFO - Setting next_dagrun for dataset_consumes_1_never_scheduled to None, run_after=None
[2026-04-15T02:11:22.402+0000] {logging_mixin.py:188} INFO - [2026-04-15T02:11:22.402+0000] {dag.py:3947} INFO - Setting next_dagrun for dataset_consumes_unknown_never_scheduled to None, run_after=None
[2026-04-15T02:11:22.408+0000] {logging_mixin.py:188} INFO - [2026-04-15T02:11:22.407+0000] {dag.py:3947} INFO - Setting next_dagrun for dataset_produces_1 to 2026-04-14 00:00:00+00:00, run_after=2026-04-15 00:00:00+00:00
[2026-04-15T02:11:22.412+0000] {logging_mixin.py:188} INFO - [2026-04-15T02:11:22.411+0000] {dag.py:3947} INFO - Setting next_dagrun for dataset_produces_2 to None, run_after=None
[2026-04-15T02:11:22.521+0000] {processor.py:183} INFO - Processing /home/airflow/.local/lib/python3.12/site-packages/airflow/example_dags/example_datasets.py took 0.471 seconds
[2026-04-15T02:11:53.327+0000] {processor.py:161} INFO - Started process (PID=834) to work on /home/airflow/.local/lib/python3.12/site-packages/airflow/example_dags/example_datasets.py
[2026-04-15T02:11:53.335+0000] {processor.py:830} INFO - Processing file /home/airflow/.local/lib/python3.12/site-packages/airflow/example_dags/example_datasets.py for tasks to queue
[2026-04-15T02:11:53.347+0000] {logging_mixin.py:188} INFO - [2026-04-15T02:11:53.344+0000] {dagbag.py:545} INFO - Filling up the DagBag from /home/airflow/.local/lib/python3.12/site-packages/airflow/example_dags/example_datasets.py
[2026-04-15T02:11:53.391+0000] {processor.py:840} INFO - DAG(s) 'dataset_consumes_1_never_scheduled', 'dataset_produces_1', 'dataset_consumes_1_and_2', 'consume_1_or_both_2_and_3_with_dataset_expressions', 'consume_1_or_2_with_dataset_expressions', 'dataset_produces_2', 'dataset_consumes_unknown_never_scheduled', 'conditional_dataset_and_time_based_timetable', 'consume_1_and_2_with_dataset_expressions', 'dataset_consumes_1' retrieved from /home/airflow/.local/lib/python3.12/site-packages/airflow/example_dags/example_datasets.py
[2026-04-15T02:11:53.554+0000] {logging_mixin.py:188} INFO - [2026-04-15T02:11:53.553+0000] {dag.py:3089} INFO - Sync 10 DAGs
[2026-04-15T02:11:53.692+0000] {logging_mixin.py:188} INFO - [2026-04-15T02:11:53.691+0000] {dag.py:3947} INFO - Setting next_dagrun for conditional_dataset_and_time_based_timetable to 2026-04-15 01:00:00+00:00, run_after=2026-04-15 01:00:00+00:00
[2026-04-15T02:11:53.730+0000] {logging_mixin.py:188} INFO - [2026-04-15T02:11:53.729+0000] {dag.py:3947} INFO - Setting next_dagrun for consume_1_and_2_with_dataset_expressions to None, run_after=None
[2026-04-15T02:11:53.738+0000] {logging_mixin.py:188} INFO - [2026-04-15T02:11:53.737+0000] {dag.py:3947} INFO - Setting next_dagrun for consume_1_or_2_with_dataset_expressions to None, run_after=None
[2026-04-15T02:11:53.743+0000] {logging_mixin.py:188} INFO - [2026-04-15T02:11:53.743+0000] {dag.py:3947} INFO - Setting next_dagrun for consume_1_or_both_2_and_3_with_dataset_expressions to None, run_after=None
[2026-04-15T02:11:53.747+0000] {logging_mixin.py:188} INFO - [2026-04-15T02:11:53.746+0000] {dag.py:3947} INFO - Setting next_dagrun for dataset_consumes_1 to None, run_after=None
[2026-04-15T02:11:53.770+0000] {logging_mixin.py:188} INFO - [2026-04-15T02:11:53.769+0000] {dag.py:3947} INFO - Setting next_dagrun for dataset_consumes_1_and_2 to None, run_after=None
[2026-04-15T02:11:53.774+0000] {logging_mixin.py:188} INFO - [2026-04-15T02:11:53.774+0000] {dag.py:3947} INFO - Setting next_dagrun for dataset_consumes_1_never_scheduled to None, run_after=None
[2026-04-15T02:11:53.776+0000] {logging_mixin.py:188} INFO - [2026-04-15T02:11:53.775+0000] {dag.py:3947} INFO - Setting next_dagrun for dataset_consumes_unknown_never_scheduled to None, run_after=None
[2026-04-15T02:11:53.780+0000] {logging_mixin.py:188} INFO - [2026-04-15T02:11:53.780+0000] {dag.py:3947} INFO - Setting next_dagrun for dataset_produces_1 to 2026-04-14 00:00:00+00:00, run_after=2026-04-15 00:00:00+00:00
[2026-04-15T02:11:53.783+0000] {logging_mixin.py:188} INFO - [2026-04-15T02:11:53.782+0000] {dag.py:3947} INFO - Setting next_dagrun for dataset_produces_2 to None, run_after=None
[2026-04-15T02:11:53.902+0000] {processor.py:183} INFO - Processing /home/airflow/.local/lib/python3.12/site-packages/airflow/example_dags/example_datasets.py took 0.604 seconds
[2026-04-15T02:12:24.091+0000] {processor.py:161} INFO - Started process (PID=900) to work on /home/airflow/.local/lib/python3.12/site-packages/airflow/example_dags/example_datasets.py
[2026-04-15T02:12:24.097+0000] {processor.py:830} INFO - Processing file /home/airflow/.local/lib/python3.12/site-packages/airflow/example_dags/example_datasets.py for tasks to queue
[2026-04-15T02:12:24.118+0000] {logging_mixin.py:188} INFO - [2026-04-15T02:12:24.113+0000] {dagbag.py:545} INFO - Filling up the DagBag from /home/airflow/.local/lib/python3.12/site-packages/airflow/example_dags/example_datasets.py
[2026-04-15T02:12:24.215+0000] {processor.py:840} INFO - DAG(s) 'dataset_consumes_1_never_scheduled', 'consume_1_or_2_with_dataset_expressions', 'dataset_produces_1', 'consume_1_and_2_with_dataset_expressions', 'dataset_consumes_unknown_never_scheduled', 'conditional_dataset_and_time_based_timetable', 'consume_1_or_both_2_and_3_with_dataset_expressions', 'dataset_consumes_1', 'dataset_consumes_1_and_2', 'dataset_produces_2' retrieved from /home/airflow/.local/lib/python3.12/site-packages/airflow/example_dags/example_datasets.py
[2026-04-15T02:12:24.483+0000] {logging_mixin.py:188} INFO - [2026-04-15T02:12:24.483+0000] {dag.py:3089} INFO - Sync 10 DAGs
[2026-04-15T02:12:24.582+0000] {logging_mixin.py:188} INFO - [2026-04-15T02:12:24.581+0000] {dag.py:3947} INFO - Setting next_dagrun for conditional_dataset_and_time_based_timetable to 2026-04-15 01:00:00+00:00, run_after=2026-04-15 01:00:00+00:00
[2026-04-15T02:12:24.599+0000] {logging_mixin.py:188} INFO - [2026-04-15T02:12:24.598+0000] {dag.py:3947} INFO - Setting next_dagrun for consume_1_and_2_with_dataset_expressions to None, run_after=None
[2026-04-15T02:12:24.602+0000] {logging_mixin.py:188} INFO - [2026-04-15T02:12:24.601+0000] {dag.py:3947} INFO - Setting next_dagrun for consume_1_or_2_with_dataset_expressions to None, run_after=None
[2026-04-15T02:12:24.609+0000] {logging_mixin.py:188} INFO - [2026-04-15T02:12:24.609+0000] {dag.py:3947} INFO - Setting next_dagrun for consume_1_or_both_2_and_3_with_dataset_expressions to None, run_after=None
[2026-04-15T02:12:24.616+0000] {logging_mixin.py:188} INFO - [2026-04-15T02:12:24.615+0000] {dag.py:3947} INFO - Setting next_dagrun for dataset_consumes_1 to None, run_after=None
[2026-04-15T02:12:24.624+0000] {logging_mixin.py:188} INFO - [2026-04-15T02:12:24.624+0000] {dag.py:3947} INFO - Setting next_dagrun for dataset_consumes_1_and_2 to None, run_after=None
[2026-04-15T02:12:24.628+0000] {logging_mixin.py:188} INFO - [2026-04-15T02:12:24.628+0000] {dag.py:3947} INFO - Setting next_dagrun for dataset_consumes_1_never_scheduled to None, run_after=None
[2026-04-15T02:12:24.635+0000] {logging_mixin.py:188} INFO - [2026-04-15T02:12:24.634+0000] {dag.py:3947} INFO - Setting next_dagrun for dataset_consumes_unknown_never_scheduled to None, run_after=None
[2026-04-15T02:12:24.650+0000] {logging_mixin.py:188} INFO - [2026-04-15T02:12:24.649+0000] {dag.py:3947} INFO - Setting next_dagrun for dataset_produces_1 to 2026-04-14 00:00:00+00:00, run_after=2026-04-15 00:00:00+00:00
[2026-04-15T02:12:24.659+0000] {logging_mixin.py:188} INFO - [2026-04-15T02:12:24.655+0000] {dag.py:3947} INFO - Setting next_dagrun for dataset_produces_2 to None, run_after=None
[2026-04-15T02:12:24.784+0000] {processor.py:183} INFO - Processing /home/airflow/.local/lib/python3.12/site-packages/airflow/example_dags/example_datasets.py took 0.720 seconds
[2026-04-15T02:12:55.021+0000] {processor.py:161} INFO - Started process (PID=960) to work on /home/airflow/.local/lib/python3.12/site-packages/airflow/example_dags/example_datasets.py
[2026-04-15T02:12:55.025+0000] {processor.py:830} INFO - Processing file /home/airflow/.local/lib/python3.12/site-packages/airflow/example_dags/example_datasets.py for tasks to queue
[2026-04-15T02:12:55.031+0000] {logging_mixin.py:188} INFO - [2026-04-15T02:12:55.030+0000] {dagbag.py:545} INFO - Filling up the DagBag from /home/airflow/.local/lib/python3.12/site-packages/airflow/example_dags/example_datasets.py
[2026-04-15T02:12:55.064+0000] {processor.py:840} INFO - DAG(s) 'dataset_produces_1', 'dataset_produces_2', 'consume_1_or_2_with_dataset_expressions', 'dataset_consumes_1_and_2', 'conditional_dataset_and_time_based_timetable', 'dataset_consumes_1_never_scheduled', 'dataset_consumes_1', 'consume_1_or_both_2_and_3_with_dataset_expressions', 'consume_1_and_2_with_dataset_expressions', 'dataset_consumes_unknown_never_scheduled' retrieved from /home/airflow/.local/lib/python3.12/site-packages/airflow/example_dags/example_datasets.py
[2026-04-15T02:12:55.213+0000] {logging_mixin.py:188} INFO - [2026-04-15T02:12:55.212+0000] {dag.py:3089} INFO - Sync 10 DAGs
[2026-04-15T02:12:55.273+0000] {logging_mixin.py:188} INFO - [2026-04-15T02:12:55.273+0000] {dag.py:3947} INFO - Setting next_dagrun for conditional_dataset_and_time_based_timetable to 2026-04-15 01:00:00+00:00, run_after=2026-04-15 01:00:00+00:00
[2026-04-15T02:12:55.286+0000] {logging_mixin.py:188} INFO - [2026-04-15T02:12:55.285+0000] {dag.py:3947} INFO - Setting next_dagrun for consume_1_and_2_with_dataset_expressions to None, run_after=None
[2026-04-15T02:12:55.290+0000] {logging_mixin.py:188} INFO - [2026-04-15T02:12:55.289+0000] {dag.py:3947} INFO - Setting next_dagrun for consume_1_or_2_with_dataset_expressions to None, run_after=None
[2026-04-15T02:12:55.294+0000] {logging_mixin.py:188} INFO - [2026-04-15T02:12:55.293+0000] {dag.py:3947} INFO - Setting next_dagrun for consume_1_or_both_2_and_3_with_dataset_expressions to None, run_after=None
[2026-04-15T02:12:55.297+0000] {logging_mixin.py:188} INFO - [2026-04-15T02:12:55.297+0000] {dag.py:3947} INFO - Setting next_dagrun for dataset_consumes_1 to None, run_after=None
[2026-04-15T02:12:55.301+0000] {logging_mixin.py:188} INFO - [2026-04-15T02:12:55.301+0000] {dag.py:3947} INFO - Setting next_dagrun for dataset_consumes_1_and_2 to None, run_after=None
[2026-04-15T02:12:55.306+0000] {logging_mixin.py:188} INFO - [2026-04-15T02:12:55.305+0000] {dag.py:3947} INFO - Setting next_dagrun for dataset_consumes_1_never_scheduled to None, run_after=None
[2026-04-15T02:12:55.309+0000] {logging_mixin.py:188} INFO - [2026-04-15T02:12:55.308+0000] {dag.py:3947} INFO - Setting next_dagrun for dataset_consumes_unknown_never_scheduled to None, run_after=None
[2026-04-15T02:12:55.312+0000] {logging_mixin.py:188} INFO - [2026-04-15T02:12:55.312+0000] {dag.py:3947} INFO - Setting next_dagrun for dataset_produces_1 to 2026-04-14 00:00:00+00:00, run_after=2026-04-15 00:00:00+00:00
[2026-04-15T02:12:55.314+0000] {logging_mixin.py:188} INFO - [2026-04-15T02:12:55.314+0000] {dag.py:3947} INFO - Setting next_dagrun for dataset_produces_2 to None, run_after=None
[2026-04-15T02:12:55.382+0000] {processor.py:183} INFO - Processing /home/airflow/.local/lib/python3.12/site-packages/airflow/example_dags/example_datasets.py took 0.379 seconds
[2026-04-15T02:13:25.953+0000] {processor.py:161} INFO - Started process (PID=1018) to work on /home/airflow/.local/lib/python3.12/site-packages/airflow/example_dags/example_datasets.py
[2026-04-15T02:13:25.957+0000] {processor.py:830} INFO - Processing file /home/airflow/.local/lib/python3.12/site-packages/airflow/example_dags/example_datasets.py for tasks to queue
[2026-04-15T02:13:25.991+0000] {logging_mixin.py:188} INFO - [2026-04-15T02:13:25.989+0000] {dagbag.py:545} INFO - Filling up the DagBag from /home/airflow/.local/lib/python3.12/site-packages/airflow/example_dags/example_datasets.py
[2026-04-15T02:13:26.046+0000] {processor.py:840} INFO - DAG(s) 'consume_1_or_2_with_dataset_expressions', 'dataset_consumes_1_never_scheduled', 'dataset_consumes_unknown_never_scheduled', 'dataset_produces_2', 'dataset_consumes_1', 'dataset_consumes_1_and_2', 'consume_1_and_2_with_dataset_expressions', 'conditional_dataset_and_time_based_timetable', 'dataset_produces_1', 'consume_1_or_both_2_and_3_with_dataset_expressions' retrieved from /home/airflow/.local/lib/python3.12/site-packages/airflow/example_dags/example_datasets.py
[2026-04-15T02:13:26.181+0000] {logging_mixin.py:188} INFO - [2026-04-15T02:13:26.180+0000] {dag.py:3089} INFO - Sync 10 DAGs
[2026-04-15T02:13:26.262+0000] {logging_mixin.py:188} INFO - [2026-04-15T02:13:26.261+0000] {dag.py:3947} INFO - Setting next_dagrun for conditional_dataset_and_time_based_timetable to 2026-04-15 01:00:00+00:00, run_after=2026-04-15 01:00:00+00:00
[2026-04-15T02:13:26.271+0000] {logging_mixin.py:188} INFO - [2026-04-15T02:13:26.271+0000] {dag.py:3947} INFO - Setting next_dagrun for consume_1_and_2_with_dataset_expressions to None, run_after=None
[2026-04-15T02:13:26.275+0000] {logging_mixin.py:188} INFO - [2026-04-15T02:13:26.274+0000] {dag.py:3947} INFO - Setting next_dagrun for consume_1_or_2_with_dataset_expressions to None, run_after=None
[2026-04-15T02:13:26.278+0000] {logging_mixin.py:188} INFO - [2026-04-15T02:13:26.277+0000] {dag.py:3947} INFO - Setting next_dagrun for consume_1_or_both_2_and_3_with_dataset_expressions to None, run_after=None
[2026-04-15T02:13:26.281+0000] {logging_mixin.py:188} INFO - [2026-04-15T02:13:26.281+0000] {dag.py:3947} INFO - Setting next_dagrun for dataset_consumes_1 to None, run_after=None
[2026-04-15T02:13:26.285+0000] {logging_mixin.py:188} INFO - [2026-04-15T02:13:26.284+0000] {dag.py:3947} INFO - Setting next_dagrun for dataset_consumes_1_and_2 to None, run_after=None
[2026-04-15T02:13:26.288+0000] {logging_mixin.py:188} INFO - [2026-04-15T02:13:26.287+0000] {dag.py:3947} INFO - Setting next_dagrun for dataset_consumes_1_never_scheduled to None, run_after=None
[2026-04-15T02:13:26.291+0000] {logging_mixin.py:188} INFO - [2026-04-15T02:13:26.290+0000] {dag.py:3947} INFO - Setting next_dagrun for dataset_consumes_unknown_never_scheduled to None, run_after=None
[2026-04-15T02:13:26.297+0000] {logging_mixin.py:188} INFO - [2026-04-15T02:13:26.297+0000] {dag.py:3947} INFO - Setting next_dagrun for dataset_produces_1 to 2026-04-14 00:00:00+00:00, run_after=2026-04-15 00:00:00+00:00
[2026-04-15T02:13:26.301+0000] {logging_mixin.py:188} INFO - [2026-04-15T02:13:26.300+0000] {dag.py:3947} INFO - Setting next_dagrun for dataset_produces_2 to None, run_after=None
[2026-04-15T02:13:26.413+0000] {processor.py:183} INFO - Processing /home/airflow/.local/lib/python3.12/site-packages/airflow/example_dags/example_datasets.py took 0.480 seconds
[2026-04-15T02:13:56.835+0000] {processor.py:161} INFO - Started process (PID=1075) to work on /home/airflow/.local/lib/python3.12/site-packages/airflow/example_dags/example_datasets.py
[2026-04-15T02:13:56.837+0000] {processor.py:830} INFO - Processing file /home/airflow/.local/lib/python3.12/site-packages/airflow/example_dags/example_datasets.py for tasks to queue
[2026-04-15T02:13:56.844+0000] {logging_mixin.py:188} INFO - [2026-04-15T02:13:56.843+0000] {dagbag.py:545} INFO - Filling up the DagBag from /home/airflow/.local/lib/python3.12/site-packages/airflow/example_dags/example_datasets.py
[2026-04-15T02:13:56.878+0000] {processor.py:840} INFO - DAG(s) 'dataset_consumes_1', 'conditional_dataset_and_time_based_timetable', 'dataset_consumes_unknown_never_scheduled', 'dataset_consumes_1_never_scheduled', 'consume_1_or_2_with_dataset_expressions', 'consume_1_or_both_2_and_3_with_dataset_expressions', 'dataset_produces_1', 'dataset_consumes_1_and_2', 'dataset_produces_2', 'consume_1_and_2_with_dataset_expressions' retrieved from /home/airflow/.local/lib/python3.12/site-packages/airflow/example_dags/example_datasets.py
[2026-04-15T02:13:57.004+0000] {logging_mixin.py:188} INFO - [2026-04-15T02:13:57.004+0000] {dag.py:3089} INFO - Sync 10 DAGs
[2026-04-15T02:13:57.072+0000] {logging_mixin.py:188} INFO - [2026-04-15T02:13:57.070+0000] {dag.py:3947} INFO - Setting next_dagrun for conditional_dataset_and_time_based_timetable to 2026-04-15 01:00:00+00:00, run_after=2026-04-15 01:00:00+00:00
[2026-04-15T02:13:57.090+0000] {logging_mixin.py:188} INFO - [2026-04-15T02:13:57.089+0000] {dag.py:3947} INFO - Setting next_dagrun for consume_1_and_2_with_dataset_expressions to None, run_after=None
[2026-04-15T02:13:57.093+0000] {logging_mixin.py:188} INFO - [2026-04-15T02:13:57.093+0000] {dag.py:3947} INFO - Setting next_dagrun for consume_1_or_2_with_dataset_expressions to None, run_after=None
[2026-04-15T02:13:57.098+0000] {logging_mixin.py:188} INFO - [2026-04-15T02:13:57.097+0000] {dag.py:3947} INFO - Setting next_dagrun for consume_1_or_both_2_and_3_with_dataset_expressions to None, run_after=None
[2026-04-15T02:13:57.102+0000] {logging_mixin.py:188} INFO - [2026-04-15T02:13:57.102+0000] {dag.py:3947} INFO - Setting next_dagrun for dataset_consumes_1 to None, run_after=None
[2026-04-15T02:13:57.105+0000] {logging_mixin.py:188} INFO - [2026-04-15T02:13:57.105+0000] {dag.py:3947} INFO - Setting next_dagrun for dataset_consumes_1_and_2 to None, run_after=None
[2026-04-15T02:13:57.107+0000] {logging_mixin.py:188} INFO - [2026-04-15T02:13:57.107+0000] {dag.py:3947} INFO - Setting next_dagrun for dataset_consumes_1_never_scheduled to None, run_after=None
[2026-04-15T02:13:57.110+0000] {logging_mixin.py:188} INFO - [2026-04-15T02:13:57.109+0000] {dag.py:3947} INFO - Setting next_dagrun for dataset_consumes_unknown_never_scheduled to None, run_after=None
[2026-04-15T02:13:57.115+0000] {logging_mixin.py:188} INFO - [2026-04-15T02:13:57.115+0000] {dag.py:3947} INFO - Setting next_dagrun for dataset_produces_1 to 2026-04-14 00:00:00+00:00, run_after=2026-04-15 00:00:00+00:00
[2026-04-15T02:13:57.118+0000] {logging_mixin.py:188} INFO - [2026-04-15T02:13:57.118+0000] {dag.py:3947} INFO - Setting next_dagrun for dataset_produces_2 to None, run_after=None
[2026-04-15T02:13:57.231+0000] {processor.py:183} INFO - Processing /home/airflow/.local/lib/python3.12/site-packages/airflow/example_dags/example_datasets.py took 0.407 seconds
[2026-04-15T02:14:27.364+0000] {processor.py:161} INFO - Started process (PID=1133) to work on /home/airflow/.local/lib/python3.12/site-packages/airflow/example_dags/example_datasets.py
[2026-04-15T02:14:27.368+0000] {processor.py:830} INFO - Processing file /home/airflow/.local/lib/python3.12/site-packages/airflow/example_dags/example_datasets.py for tasks to queue
[2026-04-15T02:14:27.375+0000] {logging_mixin.py:188} INFO - [2026-04-15T02:14:27.373+0000] {dagbag.py:545} INFO - Filling up the DagBag from /home/airflow/.local/lib/python3.12/site-packages/airflow/example_dags/example_datasets.py
[2026-04-15T02:14:27.407+0000] {processor.py:840} INFO - DAG(s) 'conditional_dataset_and_time_based_timetable', 'dataset_consumes_unknown_never_scheduled', 'consume_1_or_both_2_and_3_with_dataset_expressions', 'consume_1_or_2_with_dataset_expressions', 'dataset_produces_1', 'dataset_produces_2', 'dataset_consumes_1_never_scheduled', 'consume_1_and_2_with_dataset_expressions', 'dataset_consumes_1', 'dataset_consumes_1_and_2' retrieved from /home/airflow/.local/lib/python3.12/site-packages/airflow/example_dags/example_datasets.py
[2026-04-15T02:14:27.540+0000] {logging_mixin.py:188} INFO - [2026-04-15T02:14:27.540+0000] {dag.py:3089} INFO - Sync 10 DAGs
[2026-04-15T02:14:27.610+0000] {logging_mixin.py:188} INFO - [2026-04-15T02:14:27.609+0000] {dag.py:3947} INFO - Setting next_dagrun for conditional_dataset_and_time_based_timetable to 2026-04-15 01:00:00+00:00, run_after=2026-04-15 01:00:00+00:00
[2026-04-15T02:14:27.620+0000] {logging_mixin.py:188} INFO - [2026-04-15T02:14:27.620+0000] {dag.py:3947} INFO - Setting next_dagrun for consume_1_and_2_with_dataset_expressions to None, run_after=None
[2026-04-15T02:14:27.622+0000] {logging_mixin.py:188} INFO - [2026-04-15T02:14:27.622+0000] {dag.py:3947} INFO - Setting next_dagrun for consume_1_or_2_with_dataset_expressions to None, run_after=None
[2026-04-15T02:14:27.624+0000] {logging_mixin.py:188} INFO - [2026-04-15T02:14:27.624+0000] {dag.py:3947} INFO - Setting next_dagrun for consume_1_or_both_2_and_3_with_dataset_expressions to None, run_after=None
[2026-04-15T02:14:27.626+0000] {logging_mixin.py:188} INFO - [2026-04-15T02:14:27.626+0000] {dag.py:3947} INFO - Setting next_dagrun for dataset_consumes_1 to None, run_after=None
[2026-04-15T02:14:27.628+0000] {logging_mixin.py:188} INFO - [2026-04-15T02:14:27.628+0000] {dag.py:3947} INFO - Setting next_dagrun for dataset_consumes_1_and_2 to None, run_after=None
[2026-04-15T02:14:27.630+0000] {logging_mixin.py:188} INFO - [2026-04-15T02:14:27.630+0000] {dag.py:3947} INFO - Setting next_dagrun for dataset_consumes_1_never_scheduled to None, run_after=None
[2026-04-15T02:14:27.632+0000] {logging_mixin.py:188} INFO - [2026-04-15T02:14:27.632+0000] {dag.py:3947} INFO - Setting next_dagrun for dataset_consumes_unknown_never_scheduled to None, run_after=None
[2026-04-15T02:14:27.636+0000] {logging_mixin.py:188} INFO - [2026-04-15T02:14:27.635+0000] {dag.py:3947} INFO - Setting next_dagrun for dataset_produces_1 to 2026-04-14 00:00:00+00:00, run_after=2026-04-15 00:00:00+00:00
[2026-04-15T02:14:27.638+0000] {logging_mixin.py:188} INFO - [2026-04-15T02:14:27.637+0000] {dag.py:3947} INFO - Setting next_dagrun for dataset_produces_2 to None, run_after=None
[2026-04-15T02:14:27.742+0000] {processor.py:183} INFO - Processing /home/airflow/.local/lib/python3.12/site-packages/airflow/example_dags/example_datasets.py took 0.397 seconds
[2026-04-15T02:14:58.409+0000] {processor.py:161} INFO - Started process (PID=1192) to work on /home/airflow/.local/lib/python3.12/site-packages/airflow/example_dags/example_datasets.py
[2026-04-15T02:14:58.414+0000] {processor.py:830} INFO - Processing file /home/airflow/.local/lib/python3.12/site-packages/airflow/example_dags/example_datasets.py for tasks to queue
[2026-04-15T02:14:58.418+0000] {logging_mixin.py:188} INFO - [2026-04-15T02:14:58.417+0000] {dagbag.py:545} INFO - Filling up the DagBag from /home/airflow/.local/lib/python3.12/site-packages/airflow/example_dags/example_datasets.py
[2026-04-15T02:14:58.460+0000] {processor.py:840} INFO - DAG(s) 'consume_1_or_2_with_dataset_expressions', 'dataset_consumes_1_and_2', 'dataset_consumes_1_never_scheduled', 'consume_1_or_both_2_and_3_with_dataset_expressions', 'dataset_produces_2', 'conditional_dataset_and_time_based_timetable', 'dataset_consumes_1', 'dataset_consumes_unknown_never_scheduled', 'dataset_produces_1', 'consume_1_and_2_with_dataset_expressions' retrieved from /home/airflow/.local/lib/python3.12/site-packages/airflow/example_dags/example_datasets.py
[2026-04-15T02:14:58.628+0000] {logging_mixin.py:188} INFO - [2026-04-15T02:14:58.628+0000] {dag.py:3089} INFO - Sync 10 DAGs
[2026-04-15T02:14:58.689+0000] {logging_mixin.py:188} INFO - [2026-04-15T02:14:58.689+0000] {dag.py:3947} INFO - Setting next_dagrun for conditional_dataset_and_time_based_timetable to 2026-04-15 01:00:00+00:00, run_after=2026-04-15 01:00:00+00:00
[2026-04-15T02:14:58.702+0000] {logging_mixin.py:188} INFO - [2026-04-15T02:14:58.701+0000] {dag.py:3947} INFO - Setting next_dagrun for consume_1_and_2_with_dataset_expressions to None, run_after=None
[2026-04-15T02:14:58.705+0000] {logging_mixin.py:188} INFO - [2026-04-15T02:14:58.705+0000] {dag.py:3947} INFO - Setting next_dagrun for consume_1_or_2_with_dataset_expressions to None, run_after=None
[2026-04-15T02:14:58.714+0000] {logging_mixin.py:188} INFO - [2026-04-15T02:14:58.711+0000] {dag.py:3947} INFO - Setting next_dagrun for consume_1_or_both_2_and_3_with_dataset_expressions to None, run_after=None
[2026-04-15T02:14:58.720+0000] {logging_mixin.py:188} INFO - [2026-04-15T02:14:58.719+0000] {dag.py:3947} INFO - Setting next_dagrun for dataset_consumes_1 to None, run_after=None
[2026-04-15T02:14:58.724+0000] {logging_mixin.py:188} INFO - [2026-04-15T02:14:58.723+0000] {dag.py:3947} INFO - Setting next_dagrun for dataset_consumes_1_and_2 to None, run_after=None
[2026-04-15T02:14:58.730+0000] {logging_mixin.py:188} INFO - [2026-04-15T02:14:58.729+0000] {dag.py:3947} INFO - Setting next_dagrun for dataset_consumes_1_never_scheduled to None, run_after=None
[2026-04-15T02:14:58.740+0000] {logging_mixin.py:188} INFO - [2026-04-15T02:14:58.739+0000] {dag.py:3947} INFO - Setting next_dagrun for dataset_consumes_unknown_never_scheduled to None, run_after=None
[2026-04-15T02:14:58.756+0000] {logging_mixin.py:188} INFO - [2026-04-15T02:14:58.756+0000] {dag.py:3947} INFO - Setting next_dagrun for dataset_produces_1 to 2026-04-14 00:00:00+00:00, run_after=2026-04-15 00:00:00+00:00
[2026-04-15T02:14:58.761+0000] {logging_mixin.py:188} INFO - [2026-04-15T02:14:58.760+0000] {dag.py:3947} INFO - Setting next_dagrun for dataset_produces_2 to None, run_after=None
[2026-04-15T02:14:58.953+0000] {processor.py:183} INFO - Processing /home/airflow/.local/lib/python3.12/site-packages/airflow/example_dags/example_datasets.py took 0.561 seconds
[2026-04-15T02:15:29.262+0000] {processor.py:161} INFO - Started process (PID=1251) to work on /home/airflow/.local/lib/python3.12/site-packages/airflow/example_dags/example_datasets.py
[2026-04-15T02:15:29.265+0000] {processor.py:830} INFO - Processing file /home/airflow/.local/lib/python3.12/site-packages/airflow/example_dags/example_datasets.py for tasks to queue
[2026-04-15T02:15:29.272+0000] {logging_mixin.py:188} INFO - [2026-04-15T02:15:29.271+0000] {dagbag.py:545} INFO - Filling up the DagBag from /home/airflow/.local/lib/python3.12/site-packages/airflow/example_dags/example_datasets.py
[2026-04-15T02:15:29.314+0000] {processor.py:840} INFO - DAG(s) 'dataset_produces_1', 'consume_1_or_both_2_and_3_with_dataset_expressions', 'dataset_consumes_1_and_2', 'dataset_consumes_unknown_never_scheduled', 'conditional_dataset_and_time_based_timetable', 'consume_1_or_2_with_dataset_expressions', 'consume_1_and_2_with_dataset_expressions', 'dataset_consumes_1_never_scheduled', 'dataset_produces_2', 'dataset_consumes_1' retrieved from /home/airflow/.local/lib/python3.12/site-packages/airflow/example_dags/example_datasets.py
[2026-04-15T02:15:29.444+0000] {logging_mixin.py:188} INFO - [2026-04-15T02:15:29.444+0000] {dag.py:3089} INFO - Sync 10 DAGs
[2026-04-15T02:15:29.520+0000] {logging_mixin.py:188} INFO - [2026-04-15T02:15:29.519+0000] {dag.py:3947} INFO - Setting next_dagrun for conditional_dataset_and_time_based_timetable to 2026-04-15 01:00:00+00:00, run_after=2026-04-15 01:00:00+00:00
[2026-04-15T02:15:29.535+0000] {logging_mixin.py:188} INFO - [2026-04-15T02:15:29.534+0000] {dag.py:3947} INFO - Setting next_dagrun for consume_1_and_2_with_dataset_expressions to None, run_after=None
[2026-04-15T02:15:29.540+0000] {logging_mixin.py:188} INFO - [2026-04-15T02:15:29.539+0000] {dag.py:3947} INFO - Setting next_dagrun for consume_1_or_2_with_dataset_expressions to None, run_after=None
[2026-04-15T02:15:29.545+0000] {logging_mixin.py:188} INFO - [2026-04-15T02:15:29.545+0000] {dag.py:3947} INFO - Setting next_dagrun for consume_1_or_both_2_and_3_with_dataset_expressions to None, run_after=None
[2026-04-15T02:15:29.550+0000] {logging_mixin.py:188} INFO - [2026-04-15T02:15:29.549+0000] {dag.py:3947} INFO - Setting next_dagrun for dataset_consumes_1 to None, run_after=None
[2026-04-15T02:15:29.555+0000] {logging_mixin.py:188} INFO - [2026-04-15T02:15:29.554+0000] {dag.py:3947} INFO - Setting next_dagrun for dataset_consumes_1_and_2 to None, run_after=None
[2026-04-15T02:15:29.560+0000] {logging_mixin.py:188} INFO - [2026-04-15T02:15:29.559+0000] {dag.py:3947} INFO - Setting next_dagrun for dataset_consumes_1_never_scheduled to None, run_after=None
[2026-04-15T02:15:29.564+0000] {logging_mixin.py:188} INFO - [2026-04-15T02:15:29.564+0000] {dag.py:3947} INFO - Setting next_dagrun for dataset_consumes_unknown_never_scheduled to None, run_after=None
[2026-04-15T02:15:29.570+0000] {logging_mixin.py:188} INFO - [2026-04-15T02:15:29.570+0000] {dag.py:3947} INFO - Setting next_dagrun for dataset_produces_1 to 2026-04-14 00:00:00+00:00, run_after=2026-04-15 00:00:00+00:00
[2026-04-15T02:15:29.575+0000] {logging_mixin.py:188} INFO - [2026-04-15T02:15:29.575+0000] {dag.py:3947} INFO - Setting next_dagrun for dataset_produces_2 to None, run_after=None
[2026-04-15T02:15:29.677+0000] {processor.py:183} INFO - Processing /home/airflow/.local/lib/python3.12/site-packages/airflow/example_dags/example_datasets.py took 0.429 seconds
[2026-04-15T02:16:00.158+0000] {processor.py:161} INFO - Started process (PID=1309) to work on /home/airflow/.local/lib/python3.12/site-packages/airflow/example_dags/example_datasets.py
[2026-04-15T02:16:00.173+0000] {processor.py:830} INFO - Processing file /home/airflow/.local/lib/python3.12/site-packages/airflow/example_dags/example_datasets.py for tasks to queue
[2026-04-15T02:16:00.186+0000] {logging_mixin.py:188} INFO - [2026-04-15T02:16:00.185+0000] {dagbag.py:545} INFO - Filling up the DagBag from /home/airflow/.local/lib/python3.12/site-packages/airflow/example_dags/example_datasets.py
[2026-04-15T02:16:00.262+0000] {processor.py:840} INFO - DAG(s) 'dataset_consumes_unknown_never_scheduled', 'dataset_produces_2', 'dataset_consumes_1', 'consume_1_or_2_with_dataset_expressions', 'dataset_consumes_1_and_2', 'conditional_dataset_and_time_based_timetable', 'consume_1_or_both_2_and_3_with_dataset_expressions', 'dataset_produces_1', 'consume_1_and_2_with_dataset_expressions', 'dataset_consumes_1_never_scheduled' retrieved from /home/airflow/.local/lib/python3.12/site-packages/airflow/example_dags/example_datasets.py
[2026-04-15T02:16:00.416+0000] {logging_mixin.py:188} INFO - [2026-04-15T02:16:00.415+0000] {dag.py:3089} INFO - Sync 10 DAGs
[2026-04-15T02:16:00.598+0000] {logging_mixin.py:188} INFO - [2026-04-15T02:16:00.598+0000] {dag.py:3947} INFO - Setting next_dagrun for conditional_dataset_and_time_based_timetable to 2026-04-15 01:00:00+00:00, run_after=2026-04-15 01:00:00+00:00
[2026-04-15T02:16:00.623+0000] {logging_mixin.py:188} INFO - [2026-04-15T02:16:00.623+0000] {dag.py:3947} INFO - Setting next_dagrun for consume_1_and_2_with_dataset_expressions to None, run_after=None
[2026-04-15T02:16:00.628+0000] {logging_mixin.py:188} INFO - [2026-04-15T02:16:00.627+0000] {dag.py:3947} INFO - Setting next_dagrun for consume_1_or_2_with_dataset_expressions to None, run_after=None
[2026-04-15T02:16:00.631+0000] {logging_mixin.py:188} INFO - [2026-04-15T02:16:00.631+0000] {dag.py:3947} INFO - Setting next_dagrun for consume_1_or_both_2_and_3_with_dataset_expressions to None, run_after=None
[2026-04-15T02:16:00.634+0000] {logging_mixin.py:188} INFO - [2026-04-15T02:16:00.633+0000] {dag.py:3947} INFO - Setting next_dagrun for dataset_consumes_1 to None, run_after=None
[2026-04-15T02:16:00.638+0000] {logging_mixin.py:188} INFO - [2026-04-15T02:16:00.637+0000] {dag.py:3947} INFO - Setting next_dagrun for dataset_consumes_1_and_2 to None, run_after=None
[2026-04-15T02:16:00.643+0000] {logging_mixin.py:188} INFO - [2026-04-15T02:16:00.641+0000] {dag.py:3947} INFO - Setting next_dagrun for dataset_consumes_1_never_scheduled to None, run_after=None
[2026-04-15T02:16:00.646+0000] {logging_mixin.py:188} INFO - [2026-04-15T02:16:00.646+0000] {dag.py:3947} INFO - Setting next_dagrun for dataset_consumes_unknown_never_scheduled to None, run_after=None
[2026-04-15T02:16:00.654+0000] {logging_mixin.py:188} INFO - [2026-04-15T02:16:00.653+0000] {dag.py:3947} INFO - Setting next_dagrun for dataset_produces_1 to 2026-04-14 00:00:00+00:00, run_after=2026-04-15 00:00:00+00:00
[2026-04-15T02:16:00.658+0000] {logging_mixin.py:188} INFO - [2026-04-15T02:16:00.657+0000] {dag.py:3947} INFO - Setting next_dagrun for dataset_produces_2 to None, run_after=None
[2026-04-15T02:16:00.812+0000] {processor.py:183} INFO - Processing /home/airflow/.local/lib/python3.12/site-packages/airflow/example_dags/example_datasets.py took 0.704 seconds
[2026-04-15T02:16:30.930+0000] {processor.py:161} INFO - Started process (PID=1368) to work on /home/airflow/.local/lib/python3.12/site-packages/airflow/example_dags/example_datasets.py
[2026-04-15T02:16:30.933+0000] {processor.py:830} INFO - Processing file /home/airflow/.local/lib/python3.12/site-packages/airflow/example_dags/example_datasets.py for tasks to queue
[2026-04-15T02:16:30.939+0000] {logging_mixin.py:188} INFO - [2026-04-15T02:16:30.938+0000] {dagbag.py:545} INFO - Filling up the DagBag from /home/airflow/.local/lib/python3.12/site-packages/airflow/example_dags/example_datasets.py
[2026-04-15T02:16:30.972+0000] {processor.py:840} INFO - DAG(s) 'dataset_produces_2', 'consume_1_or_2_with_dataset_expressions', 'conditional_dataset_and_time_based_timetable', 'dataset_consumes_1_never_scheduled', 'dataset_consumes_unknown_never_scheduled', 'dataset_consumes_1', 'consume_1_or_both_2_and_3_with_dataset_expressions', 'dataset_consumes_1_and_2', 'consume_1_and_2_with_dataset_expressions', 'dataset_produces_1' retrieved from /home/airflow/.local/lib/python3.12/site-packages/airflow/example_dags/example_datasets.py
[2026-04-15T02:16:31.119+0000] {logging_mixin.py:188} INFO - [2026-04-15T02:16:31.119+0000] {dag.py:3089} INFO - Sync 10 DAGs
[2026-04-15T02:16:31.184+0000] {logging_mixin.py:188} INFO - [2026-04-15T02:16:31.183+0000] {dag.py:3947} INFO - Setting next_dagrun for conditional_dataset_and_time_based_timetable to 2026-04-15 01:00:00+00:00, run_after=2026-04-15 01:00:00+00:00
[2026-04-15T02:16:31.194+0000] {logging_mixin.py:188} INFO - [2026-04-15T02:16:31.194+0000] {dag.py:3947} INFO - Setting next_dagrun for consume_1_and_2_with_dataset_expressions to None, run_after=None
[2026-04-15T02:16:31.197+0000] {logging_mixin.py:188} INFO - [2026-04-15T02:16:31.197+0000] {dag.py:3947} INFO - Setting next_dagrun for consume_1_or_2_with_dataset_expressions to None, run_after=None
[2026-04-15T02:16:31.200+0000] {logging_mixin.py:188} INFO - [2026-04-15T02:16:31.199+0000] {dag.py:3947} INFO - Setting next_dagrun for consume_1_or_both_2_and_3_with_dataset_expressions to None, run_after=None
[2026-04-15T02:16:31.203+0000] {logging_mixin.py:188} INFO - [2026-04-15T02:16:31.202+0000] {dag.py:3947} INFO - Setting next_dagrun for dataset_consumes_1 to None, run_after=None
[2026-04-15T02:16:31.205+0000] {logging_mixin.py:188} INFO - [2026-04-15T02:16:31.205+0000] {dag.py:3947} INFO - Setting next_dagrun for dataset_consumes_1_and_2 to None, run_after=None
[2026-04-15T02:16:31.208+0000] {logging_mixin.py:188} INFO - [2026-04-15T02:16:31.208+0000] {dag.py:3947} INFO - Setting next_dagrun for dataset_consumes_1_never_scheduled to None, run_after=None
[2026-04-15T02:16:31.212+0000] {logging_mixin.py:188} INFO - [2026-04-15T02:16:31.212+0000] {dag.py:3947} INFO - Setting next_dagrun for dataset_consumes_unknown_never_scheduled to None, run_after=None
[2026-04-15T02:16:31.218+0000] {logging_mixin.py:188} INFO - [2026-04-15T02:16:31.218+0000] {dag.py:3947} INFO - Setting next_dagrun for dataset_produces_1 to 2026-04-14 00:00:00+00:00, run_after=2026-04-15 00:00:00+00:00
[2026-04-15T02:16:31.221+0000] {logging_mixin.py:188} INFO - [2026-04-15T02:16:31.221+0000] {dag.py:3947} INFO - Setting next_dagrun for dataset_produces_2 to None, run_after=None
[2026-04-15T02:16:31.306+0000] {processor.py:183} INFO - Processing /home/airflow/.local/lib/python3.12/site-packages/airflow/example_dags/example_datasets.py took 0.403 seconds
[2026-04-15T02:17:01.792+0000] {processor.py:161} INFO - Started process (PID=1427) to work on /home/airflow/.local/lib/python3.12/site-packages/airflow/example_dags/example_datasets.py
[2026-04-15T02:17:01.798+0000] {processor.py:830} INFO - Processing file /home/airflow/.local/lib/python3.12/site-packages/airflow/example_dags/example_datasets.py for tasks to queue
[2026-04-15T02:17:01.808+0000] {logging_mixin.py:188} INFO - [2026-04-15T02:17:01.806+0000] {dagbag.py:545} INFO - Filling up the DagBag from /home/airflow/.local/lib/python3.12/site-packages/airflow/example_dags/example_datasets.py
[2026-04-15T02:17:01.879+0000] {processor.py:840} INFO - DAG(s) 'conditional_dataset_and_time_based_timetable', 'dataset_produces_2', 'consume_1_or_2_with_dataset_expressions', 'dataset_consumes_1_never_scheduled', 'dataset_produces_1', 'dataset_consumes_1_and_2', 'consume_1_and_2_with_dataset_expressions', 'consume_1_or_both_2_and_3_with_dataset_expressions', 'dataset_consumes_1', 'dataset_consumes_unknown_never_scheduled' retrieved from /home/airflow/.local/lib/python3.12/site-packages/airflow/example_dags/example_datasets.py
[2026-04-15T02:17:02.067+0000] {logging_mixin.py:188} INFO - [2026-04-15T02:17:02.066+0000] {dag.py:3089} INFO - Sync 10 DAGs
[2026-04-15T02:17:02.174+0000] {logging_mixin.py:188} INFO - [2026-04-15T02:17:02.173+0000] {dag.py:3947} INFO - Setting next_dagrun for conditional_dataset_and_time_based_timetable to 2026-04-15 01:00:00+00:00, run_after=2026-04-15 01:00:00+00:00
[2026-04-15T02:17:02.193+0000] {logging_mixin.py:188} INFO - [2026-04-15T02:17:02.192+0000] {dag.py:3947} INFO - Setting next_dagrun for consume_1_and_2_with_dataset_expressions to None, run_after=None
[2026-04-15T02:17:02.198+0000] {logging_mixin.py:188} INFO - [2026-04-15T02:17:02.197+0000] {dag.py:3947} INFO - Setting next_dagrun for consume_1_or_2_with_dataset_expressions to None, run_after=None
[2026-04-15T02:17:02.202+0000] {logging_mixin.py:188} INFO - [2026-04-15T02:17:02.201+0000] {dag.py:3947} INFO - Setting next_dagrun for consume_1_or_both_2_and_3_with_dataset_expressions to None, run_after=None
[2026-04-15T02:17:02.207+0000] {logging_mixin.py:188} INFO - [2026-04-15T02:17:02.206+0000] {dag.py:3947} INFO - Setting next_dagrun for dataset_consumes_1 to None, run_after=None
[2026-04-15T02:17:02.212+0000] {logging_mixin.py:188} INFO - [2026-04-15T02:17:02.211+0000] {dag.py:3947} INFO - Setting next_dagrun for dataset_consumes_1_and_2 to None, run_after=None
[2026-04-15T02:17:02.217+0000] {logging_mixin.py:188} INFO - [2026-04-15T02:17:02.216+0000] {dag.py:3947} INFO - Setting next_dagrun for dataset_consumes_1_never_scheduled to None, run_after=None
[2026-04-15T02:17:02.223+0000] {logging_mixin.py:188} INFO - [2026-04-15T02:17:02.221+0000] {dag.py:3947} INFO - Setting next_dagrun for dataset_consumes_unknown_never_scheduled to None, run_after=None
[2026-04-15T02:17:02.235+0000] {logging_mixin.py:188} INFO - [2026-04-15T02:17:02.234+0000] {dag.py:3947} INFO - Setting next_dagrun for dataset_produces_1 to 2026-04-14 00:00:00+00:00, run_after=2026-04-15 00:00:00+00:00
[2026-04-15T02:17:02.239+0000] {logging_mixin.py:188} INFO - [2026-04-15T02:17:02.238+0000] {dag.py:3947} INFO - Setting next_dagrun for dataset_produces_2 to None, run_after=None
[2026-04-15T02:17:02.823+0000] {processor.py:183} INFO - Processing /home/airflow/.local/lib/python3.12/site-packages/airflow/example_dags/example_datasets.py took 1.052 seconds
[2026-04-15T02:17:33.930+0000] {processor.py:161} INFO - Started process (PID=1486) to work on /home/airflow/.local/lib/python3.12/site-packages/airflow/example_dags/example_datasets.py
[2026-04-15T02:17:33.941+0000] {processor.py:830} INFO - Processing file /home/airflow/.local/lib/python3.12/site-packages/airflow/example_dags/example_datasets.py for tasks to queue
[2026-04-15T02:17:33.963+0000] {logging_mixin.py:188} INFO - [2026-04-15T02:17:33.956+0000] {dagbag.py:545} INFO - Filling up the DagBag from /home/airflow/.local/lib/python3.12/site-packages/airflow/example_dags/example_datasets.py
[2026-04-15T02:17:34.087+0000] {processor.py:840} INFO - DAG(s) 'dataset_produces_2', 'consume_1_or_both_2_and_3_with_dataset_expressions', 'consume_1_or_2_with_dataset_expressions', 'dataset_consumes_1_never_scheduled', 'conditional_dataset_and_time_based_timetable', 'dataset_consumes_1', 'consume_1_and_2_with_dataset_expressions', 'dataset_consumes_unknown_never_scheduled', 'dataset_produces_1', 'dataset_consumes_1_and_2' retrieved from /home/airflow/.local/lib/python3.12/site-packages/airflow/example_dags/example_datasets.py
[2026-04-15T02:17:34.358+0000] {logging_mixin.py:188} INFO - [2026-04-15T02:17:34.357+0000] {dag.py:3089} INFO - Sync 10 DAGs
[2026-04-15T02:17:34.451+0000] {logging_mixin.py:188} INFO - [2026-04-15T02:17:34.451+0000] {dag.py:3947} INFO - Setting next_dagrun for conditional_dataset_and_time_based_timetable to 2026-04-15 01:00:00+00:00, run_after=2026-04-15 01:00:00+00:00
[2026-04-15T02:17:34.463+0000] {logging_mixin.py:188} INFO - [2026-04-15T02:17:34.462+0000] {dag.py:3947} INFO - Setting next_dagrun for consume_1_and_2_with_dataset_expressions to None, run_after=None
[2026-04-15T02:17:34.468+0000] {logging_mixin.py:188} INFO - [2026-04-15T02:17:34.468+0000] {dag.py:3947} INFO - Setting next_dagrun for consume_1_or_2_with_dataset_expressions to None, run_after=None
[2026-04-15T02:17:34.474+0000] {logging_mixin.py:188} INFO - [2026-04-15T02:17:34.474+0000] {dag.py:3947} INFO - Setting next_dagrun for consume_1_or_both_2_and_3_with_dataset_expressions to None, run_after=None
[2026-04-15T02:17:34.481+0000] {logging_mixin.py:188} INFO - [2026-04-15T02:17:34.480+0000] {dag.py:3947} INFO - Setting next_dagrun for dataset_consumes_1 to None, run_after=None
[2026-04-15T02:17:34.484+0000] {logging_mixin.py:188} INFO - [2026-04-15T02:17:34.483+0000] {dag.py:3947} INFO - Setting next_dagrun for dataset_consumes_1_and_2 to None, run_after=None
[2026-04-15T02:17:34.487+0000] {logging_mixin.py:188} INFO - [2026-04-15T02:17:34.486+0000] {dag.py:3947} INFO - Setting next_dagrun for dataset_consumes_1_never_scheduled to None, run_after=None
[2026-04-15T02:17:34.490+0000] {logging_mixin.py:188} INFO - [2026-04-15T02:17:34.489+0000] {dag.py:3947} INFO - Setting next_dagrun for dataset_consumes_unknown_never_scheduled to None, run_after=None
[2026-04-15T02:17:34.496+0000] {logging_mixin.py:188} INFO - [2026-04-15T02:17:34.496+0000] {dag.py:3947} INFO - Setting next_dagrun for dataset_produces_1 to 2026-04-14 00:00:00+00:00, run_after=2026-04-15 00:00:00+00:00
[2026-04-15T02:17:34.499+0000] {logging_mixin.py:188} INFO - [2026-04-15T02:17:34.499+0000] {dag.py:3947} INFO - Setting next_dagrun for dataset_produces_2 to None, run_after=None
[2026-04-15T02:17:34.666+0000] {processor.py:183} INFO - Processing /home/airflow/.local/lib/python3.12/site-packages/airflow/example_dags/example_datasets.py took 0.809 seconds
[2026-04-15T02:18:04.930+0000] {processor.py:161} INFO - Started process (PID=1545) to work on /home/airflow/.local/lib/python3.12/site-packages/airflow/example_dags/example_datasets.py
[2026-04-15T02:18:04.941+0000] {processor.py:830} INFO - Processing file /home/airflow/.local/lib/python3.12/site-packages/airflow/example_dags/example_datasets.py for tasks to queue
[2026-04-15T02:18:04.945+0000] {logging_mixin.py:188} INFO - [2026-04-15T02:18:04.944+0000] {dagbag.py:545} INFO - Filling up the DagBag from /home/airflow/.local/lib/python3.12/site-packages/airflow/example_dags/example_datasets.py
[2026-04-15T02:18:04.972+0000] {processor.py:840} INFO - DAG(s) 'dataset_consumes_1_never_scheduled', 'dataset_consumes_1', 'consume_1_or_2_with_dataset_expressions', 'dataset_produces_2', 'consume_1_and_2_with_dataset_expressions', 'dataset_consumes_1_and_2', 'dataset_produces_1', 'consume_1_or_both_2_and_3_with_dataset_expressions', 'dataset_consumes_unknown_never_scheduled', 'conditional_dataset_and_time_based_timetable' retrieved from /home/airflow/.local/lib/python3.12/site-packages/airflow/example_dags/example_datasets.py
[2026-04-15T02:18:05.082+0000] {logging_mixin.py:188} INFO - [2026-04-15T02:18:05.082+0000] {dag.py:3089} INFO - Sync 10 DAGs
[2026-04-15T02:18:05.140+0000] {logging_mixin.py:188} INFO - [2026-04-15T02:18:05.140+0000] {dag.py:3947} INFO - Setting next_dagrun for conditional_dataset_and_time_based_timetable to 2026-04-15 01:00:00+00:00, run_after=2026-04-15 01:00:00+00:00
[2026-04-15T02:18:05.150+0000] {logging_mixin.py:188} INFO - [2026-04-15T02:18:05.150+0000] {dag.py:3947} INFO - Setting next_dagrun for consume_1_and_2_with_dataset_expressions to None, run_after=None
[2026-04-15T02:18:05.155+0000] {logging_mixin.py:188} INFO - [2026-04-15T02:18:05.154+0000] {dag.py:3947} INFO - Setting next_dagrun for consume_1_or_2_with_dataset_expressions to None, run_after=None
[2026-04-15T02:18:05.158+0000] {logging_mixin.py:188} INFO - [2026-04-15T02:18:05.158+0000] {dag.py:3947} INFO - Setting next_dagrun for consume_1_or_both_2_and_3_with_dataset_expressions to None, run_after=None
[2026-04-15T02:18:05.161+0000] {logging_mixin.py:188} INFO - [2026-04-15T02:18:05.160+0000] {dag.py:3947} INFO - Setting next_dagrun for dataset_consumes_1 to None, run_after=None
[2026-04-15T02:18:05.164+0000] {logging_mixin.py:188} INFO - [2026-04-15T02:18:05.163+0000] {dag.py:3947} INFO - Setting next_dagrun for dataset_consumes_1_and_2 to None, run_after=None
[2026-04-15T02:18:05.166+0000] {logging_mixin.py:188} INFO - [2026-04-15T02:18:05.166+0000] {dag.py:3947} INFO - Setting next_dagrun for dataset_consumes_1_never_scheduled to None, run_after=None
[2026-04-15T02:18:05.169+0000] {logging_mixin.py:188} INFO - [2026-04-15T02:18:05.169+0000] {dag.py:3947} INFO - Setting next_dagrun for dataset_consumes_unknown_never_scheduled to None, run_after=None
[2026-04-15T02:18:05.188+0000] {logging_mixin.py:188} INFO - [2026-04-15T02:18:05.187+0000] {dag.py:3947} INFO - Setting next_dagrun for dataset_produces_1 to 2026-04-14 00:00:00+00:00, run_after=2026-04-15 00:00:00+00:00
[2026-04-15T02:18:05.192+0000] {logging_mixin.py:188} INFO - [2026-04-15T02:18:05.191+0000] {dag.py:3947} INFO - Setting next_dagrun for dataset_produces_2 to None, run_after=None
[2026-04-15T02:18:05.266+0000] {processor.py:183} INFO - Processing /home/airflow/.local/lib/python3.12/site-packages/airflow/example_dags/example_datasets.py took 0.349 seconds
[2026-04-15T02:18:35.728+0000] {processor.py:161} INFO - Started process (PID=1603) to work on /home/airflow/.local/lib/python3.12/site-packages/airflow/example_dags/example_datasets.py
[2026-04-15T02:18:35.742+0000] {processor.py:830} INFO - Processing file /home/airflow/.local/lib/python3.12/site-packages/airflow/example_dags/example_datasets.py for tasks to queue
[2026-04-15T02:18:35.747+0000] {logging_mixin.py:188} INFO - [2026-04-15T02:18:35.746+0000] {dagbag.py:545} INFO - Filling up the DagBag from /home/airflow/.local/lib/python3.12/site-packages/airflow/example_dags/example_datasets.py
[2026-04-15T02:18:35.789+0000] {processor.py:840} INFO - DAG(s) 'dataset_consumes_1_never_scheduled', 'dataset_consumes_1_and_2', 'consume_1_and_2_with_dataset_expressions', 'dataset_consumes_1', 'consume_1_or_2_with_dataset_expressions', 'dataset_produces_1', 'conditional_dataset_and_time_based_timetable', 'consume_1_or_both_2_and_3_with_dataset_expressions', 'dataset_consumes_unknown_never_scheduled', 'dataset_produces_2' retrieved from /home/airflow/.local/lib/python3.12/site-packages/airflow/example_dags/example_datasets.py
[2026-04-15T02:18:36.027+0000] {logging_mixin.py:188} INFO - [2026-04-15T02:18:36.027+0000] {dag.py:3089} INFO - Sync 10 DAGs
[2026-04-15T02:18:36.101+0000] {logging_mixin.py:188} INFO - [2026-04-15T02:18:36.100+0000] {dag.py:3947} INFO - Setting next_dagrun for conditional_dataset_and_time_based_timetable to 2026-04-15 01:00:00+00:00, run_after=2026-04-15 01:00:00+00:00
[2026-04-15T02:18:36.110+0000] {logging_mixin.py:188} INFO - [2026-04-15T02:18:36.109+0000] {dag.py:3947} INFO - Setting next_dagrun for consume_1_and_2_with_dataset_expressions to None, run_after=None
[2026-04-15T02:18:36.112+0000] {logging_mixin.py:188} INFO - [2026-04-15T02:18:36.112+0000] {dag.py:3947} INFO - Setting next_dagrun for consume_1_or_2_with_dataset_expressions to None, run_after=None
[2026-04-15T02:18:36.115+0000] {logging_mixin.py:188} INFO - [2026-04-15T02:18:36.115+0000] {dag.py:3947} INFO - Setting next_dagrun for consume_1_or_both_2_and_3_with_dataset_expressions to None, run_after=None
[2026-04-15T02:18:36.118+0000] {logging_mixin.py:188} INFO - [2026-04-15T02:18:36.117+0000] {dag.py:3947} INFO - Setting next_dagrun for dataset_consumes_1 to None, run_after=None
[2026-04-15T02:18:36.120+0000] {logging_mixin.py:188} INFO - [2026-04-15T02:18:36.120+0000] {dag.py:3947} INFO - Setting next_dagrun for dataset_consumes_1_and_2 to None, run_after=None
[2026-04-15T02:18:36.123+0000] {logging_mixin.py:188} INFO - [2026-04-15T02:18:36.122+0000] {dag.py:3947} INFO - Setting next_dagrun for dataset_consumes_1_never_scheduled to None, run_after=None
[2026-04-15T02:18:36.125+0000] {logging_mixin.py:188} INFO - [2026-04-15T02:18:36.125+0000] {dag.py:3947} INFO - Setting next_dagrun for dataset_consumes_unknown_never_scheduled to None, run_after=None
[2026-04-15T02:18:36.131+0000] {logging_mixin.py:188} INFO - [2026-04-15T02:18:36.130+0000] {dag.py:3947} INFO - Setting next_dagrun for dataset_produces_1 to 2026-04-14 00:00:00+00:00, run_after=2026-04-15 00:00:00+00:00
[2026-04-15T02:18:36.138+0000] {logging_mixin.py:188} INFO - [2026-04-15T02:18:36.137+0000] {dag.py:3947} INFO - Setting next_dagrun for dataset_produces_2 to None, run_after=None
[2026-04-15T02:18:36.253+0000] {processor.py:183} INFO - Processing /home/airflow/.local/lib/python3.12/site-packages/airflow/example_dags/example_datasets.py took 0.544 seconds
[2026-04-15T02:19:06.737+0000] {processor.py:161} INFO - Started process (PID=1662) to work on /home/airflow/.local/lib/python3.12/site-packages/airflow/example_dags/example_datasets.py
[2026-04-15T02:19:06.740+0000] {processor.py:830} INFO - Processing file /home/airflow/.local/lib/python3.12/site-packages/airflow/example_dags/example_datasets.py for tasks to queue
[2026-04-15T02:19:06.748+0000] {logging_mixin.py:188} INFO - [2026-04-15T02:19:06.747+0000] {dagbag.py:545} INFO - Filling up the DagBag from /home/airflow/.local/lib/python3.12/site-packages/airflow/example_dags/example_datasets.py
[2026-04-15T02:19:06.789+0000] {processor.py:840} INFO - DAG(s) 'consume_1_or_both_2_and_3_with_dataset_expressions', 'dataset_consumes_1_never_scheduled', 'dataset_consumes_1_and_2', 'conditional_dataset_and_time_based_timetable', 'consume_1_or_2_with_dataset_expressions', 'consume_1_and_2_with_dataset_expressions', 'dataset_consumes_unknown_never_scheduled', 'dataset_consumes_1', 'dataset_produces_1', 'dataset_produces_2' retrieved from /home/airflow/.local/lib/python3.12/site-packages/airflow/example_dags/example_datasets.py
[2026-04-15T02:19:06.930+0000] {logging_mixin.py:188} INFO - [2026-04-15T02:19:06.930+0000] {dag.py:3089} INFO - Sync 10 DAGs
[2026-04-15T02:19:07.018+0000] {logging_mixin.py:188} INFO - [2026-04-15T02:19:07.017+0000] {dag.py:3947} INFO - Setting next_dagrun for conditional_dataset_and_time_based_timetable to 2026-04-15 01:00:00+00:00, run_after=2026-04-15 01:00:00+00:00
[2026-04-15T02:19:07.028+0000] {logging_mixin.py:188} INFO - [2026-04-15T02:19:07.027+0000] {dag.py:3947} INFO - Setting next_dagrun for consume_1_and_2_with_dataset_expressions to None, run_after=None
[2026-04-15T02:19:07.032+0000] {logging_mixin.py:188} INFO - [2026-04-15T02:19:07.031+0000] {dag.py:3947} INFO - Setting next_dagrun for consume_1_or_2_with_dataset_expressions to None, run_after=None
[2026-04-15T02:19:07.036+0000] {logging_mixin.py:188} INFO - [2026-04-15T02:19:07.035+0000] {dag.py:3947} INFO - Setting next_dagrun for consume_1_or_both_2_and_3_with_dataset_expressions to None, run_after=None
[2026-04-15T02:19:07.040+0000] {logging_mixin.py:188} INFO - [2026-04-15T02:19:07.039+0000] {dag.py:3947} INFO - Setting next_dagrun for dataset_consumes_1 to None, run_after=None
[2026-04-15T02:19:07.044+0000] {logging_mixin.py:188} INFO - [2026-04-15T02:19:07.044+0000] {dag.py:3947} INFO - Setting next_dagrun for dataset_consumes_1_and_2 to None, run_after=None
[2026-04-15T02:19:07.047+0000] {logging_mixin.py:188} INFO - [2026-04-15T02:19:07.047+0000] {dag.py:3947} INFO - Setting next_dagrun for dataset_consumes_1_never_scheduled to None, run_after=None
[2026-04-15T02:19:07.050+0000] {logging_mixin.py:188} INFO - [2026-04-15T02:19:07.050+0000] {dag.py:3947} INFO - Setting next_dagrun for dataset_consumes_unknown_never_scheduled to None, run_after=None
[2026-04-15T02:19:07.055+0000] {logging_mixin.py:188} INFO - [2026-04-15T02:19:07.055+0000] {dag.py:3947} INFO - Setting next_dagrun for dataset_produces_1 to 2026-04-14 00:00:00+00:00, run_after=2026-04-15 00:00:00+00:00
[2026-04-15T02:19:07.059+0000] {logging_mixin.py:188} INFO - [2026-04-15T02:19:07.059+0000] {dag.py:3947} INFO - Setting next_dagrun for dataset_produces_2 to None, run_after=None
[2026-04-15T02:19:07.555+0000] {processor.py:183} INFO - Processing /home/airflow/.local/lib/python3.12/site-packages/airflow/example_dags/example_datasets.py took 0.839 seconds
[2026-04-15T02:19:37.697+0000] {processor.py:161} INFO - Started process (PID=1723) to work on /home/airflow/.local/lib/python3.12/site-packages/airflow/example_dags/example_datasets.py
[2026-04-15T02:19:37.709+0000] {processor.py:830} INFO - Processing file /home/airflow/.local/lib/python3.12/site-packages/airflow/example_dags/example_datasets.py for tasks to queue
[2026-04-15T02:19:37.716+0000] {logging_mixin.py:188} INFO - [2026-04-15T02:19:37.715+0000] {dagbag.py:545} INFO - Filling up the DagBag from /home/airflow/.local/lib/python3.12/site-packages/airflow/example_dags/example_datasets.py
[2026-04-15T02:19:37.758+0000] {processor.py:840} INFO - DAG(s) 'consume_1_and_2_with_dataset_expressions', 'dataset_consumes_unknown_never_scheduled', 'dataset_consumes_1', 'dataset_produces_2', 'consume_1_or_2_with_dataset_expressions', 'dataset_consumes_1_and_2', 'consume_1_or_both_2_and_3_with_dataset_expressions', 'conditional_dataset_and_time_based_timetable', 'dataset_consumes_1_never_scheduled', 'dataset_produces_1' retrieved from /home/airflow/.local/lib/python3.12/site-packages/airflow/example_dags/example_datasets.py
[2026-04-15T02:19:37.889+0000] {logging_mixin.py:188} INFO - [2026-04-15T02:19:37.888+0000] {dag.py:3089} INFO - Sync 10 DAGs
[2026-04-15T02:19:37.957+0000] {logging_mixin.py:188} INFO - [2026-04-15T02:19:37.956+0000] {dag.py:3947} INFO - Setting next_dagrun for conditional_dataset_and_time_based_timetable to 2026-04-15 01:00:00+00:00, run_after=2026-04-15 01:00:00+00:00
[2026-04-15T02:19:37.974+0000] {logging_mixin.py:188} INFO - [2026-04-15T02:19:37.974+0000] {dag.py:3947} INFO - Setting next_dagrun for consume_1_and_2_with_dataset_expressions to None, run_after=None
[2026-04-15T02:19:37.978+0000] {logging_mixin.py:188} INFO - [2026-04-15T02:19:37.978+0000] {dag.py:3947} INFO - Setting next_dagrun for consume_1_or_2_with_dataset_expressions to None, run_after=None
[2026-04-15T02:19:37.982+0000] {logging_mixin.py:188} INFO - [2026-04-15T02:19:37.982+0000] {dag.py:3947} INFO - Setting next_dagrun for consume_1_or_both_2_and_3_with_dataset_expressions to None, run_after=None
[2026-04-15T02:19:37.985+0000] {logging_mixin.py:188} INFO - [2026-04-15T02:19:37.984+0000] {dag.py:3947} INFO - Setting next_dagrun for dataset_consumes_1 to None, run_after=None
[2026-04-15T02:19:37.988+0000] {logging_mixin.py:188} INFO - [2026-04-15T02:19:37.987+0000] {dag.py:3947} INFO - Setting next_dagrun for dataset_consumes_1_and_2 to None, run_after=None
[2026-04-15T02:19:37.990+0000] {logging_mixin.py:188} INFO - [2026-04-15T02:19:37.990+0000] {dag.py:3947} INFO - Setting next_dagrun for dataset_consumes_1_never_scheduled to None, run_after=None
[2026-04-15T02:19:37.992+0000] {logging_mixin.py:188} INFO - [2026-04-15T02:19:37.992+0000] {dag.py:3947} INFO - Setting next_dagrun for dataset_consumes_unknown_never_scheduled to None, run_after=None
[2026-04-15T02:19:38.000+0000] {logging_mixin.py:188} INFO - [2026-04-15T02:19:37.999+0000] {dag.py:3947} INFO - Setting next_dagrun for dataset_produces_1 to 2026-04-14 00:00:00+00:00, run_after=2026-04-15 00:00:00+00:00
[2026-04-15T02:19:38.002+0000] {logging_mixin.py:188} INFO - [2026-04-15T02:19:38.002+0000] {dag.py:3947} INFO - Setting next_dagrun for dataset_produces_2 to None, run_after=None
[2026-04-15T02:19:38.091+0000] {processor.py:183} INFO - Processing /home/airflow/.local/lib/python3.12/site-packages/airflow/example_dags/example_datasets.py took 0.413 seconds
[2026-04-15T02:20:09.075+0000] {processor.py:161} INFO - Started process (PID=1782) to work on /home/airflow/.local/lib/python3.12/site-packages/airflow/example_dags/example_datasets.py
[2026-04-15T02:20:09.078+0000] {processor.py:830} INFO - Processing file /home/airflow/.local/lib/python3.12/site-packages/airflow/example_dags/example_datasets.py for tasks to queue
[2026-04-15T02:20:09.084+0000] {logging_mixin.py:188} INFO - [2026-04-15T02:20:09.082+0000] {dagbag.py:545} INFO - Filling up the DagBag from /home/airflow/.local/lib/python3.12/site-packages/airflow/example_dags/example_datasets.py
[2026-04-15T02:20:09.132+0000] {processor.py:840} INFO - DAG(s) 'dataset_produces_2', 'consume_1_and_2_with_dataset_expressions', 'consume_1_or_both_2_and_3_with_dataset_expressions', 'conditional_dataset_and_time_based_timetable', 'consume_1_or_2_with_dataset_expressions', 'dataset_consumes_1_never_scheduled', 'dataset_consumes_1_and_2', 'dataset_produces_1', 'dataset_consumes_1', 'dataset_consumes_unknown_never_scheduled' retrieved from /home/airflow/.local/lib/python3.12/site-packages/airflow/example_dags/example_datasets.py
[2026-04-15T02:20:09.257+0000] {logging_mixin.py:188} INFO - [2026-04-15T02:20:09.256+0000] {dag.py:3089} INFO - Sync 10 DAGs
[2026-04-15T02:20:09.322+0000] {logging_mixin.py:188} INFO - [2026-04-15T02:20:09.321+0000] {dag.py:3947} INFO - Setting next_dagrun for conditional_dataset_and_time_based_timetable to 2026-04-15 01:00:00+00:00, run_after=2026-04-15 01:00:00+00:00
[2026-04-15T02:20:09.332+0000] {logging_mixin.py:188} INFO - [2026-04-15T02:20:09.331+0000] {dag.py:3947} INFO - Setting next_dagrun for consume_1_and_2_with_dataset_expressions to None, run_after=None
[2026-04-15T02:20:09.335+0000] {logging_mixin.py:188} INFO - [2026-04-15T02:20:09.334+0000] {dag.py:3947} INFO - Setting next_dagrun for consume_1_or_2_with_dataset_expressions to None, run_after=None
[2026-04-15T02:20:09.337+0000] {logging_mixin.py:188} INFO - [2026-04-15T02:20:09.337+0000] {dag.py:3947} INFO - Setting next_dagrun for consume_1_or_both_2_and_3_with_dataset_expressions to None, run_after=None
[2026-04-15T02:20:09.342+0000] {logging_mixin.py:188} INFO - [2026-04-15T02:20:09.342+0000] {dag.py:3947} INFO - Setting next_dagrun for dataset_consumes_1 to None, run_after=None
[2026-04-15T02:20:09.346+0000] {logging_mixin.py:188} INFO - [2026-04-15T02:20:09.346+0000] {dag.py:3947} INFO - Setting next_dagrun for dataset_consumes_1_and_2 to None, run_after=None
[2026-04-15T02:20:09.352+0000] {logging_mixin.py:188} INFO - [2026-04-15T02:20:09.351+0000] {dag.py:3947} INFO - Setting next_dagrun for dataset_consumes_1_never_scheduled to None, run_after=None
[2026-04-15T02:20:09.356+0000] {logging_mixin.py:188} INFO - [2026-04-15T02:20:09.355+0000] {dag.py:3947} INFO - Setting next_dagrun for dataset_consumes_unknown_never_scheduled to None, run_after=None
[2026-04-15T02:20:09.363+0000] {logging_mixin.py:188} INFO - [2026-04-15T02:20:09.363+0000] {dag.py:3947} INFO - Setting next_dagrun for dataset_produces_1 to 2026-04-14 00:00:00+00:00, run_after=2026-04-15 00:00:00+00:00
[2026-04-15T02:20:09.367+0000] {logging_mixin.py:188} INFO - [2026-04-15T02:20:09.366+0000] {dag.py:3947} INFO - Setting next_dagrun for dataset_produces_2 to None, run_after=None
[2026-04-15T02:20:09.468+0000] {processor.py:183} INFO - Processing /home/airflow/.local/lib/python3.12/site-packages/airflow/example_dags/example_datasets.py took 0.405 seconds
[2026-04-15T02:20:40.128+0000] {processor.py:161} INFO - Started process (PID=1841) to work on /home/airflow/.local/lib/python3.12/site-packages/airflow/example_dags/example_datasets.py
[2026-04-15T02:20:40.133+0000] {processor.py:830} INFO - Processing file /home/airflow/.local/lib/python3.12/site-packages/airflow/example_dags/example_datasets.py for tasks to queue
[2026-04-15T02:20:40.138+0000] {logging_mixin.py:188} INFO - [2026-04-15T02:20:40.137+0000] {dagbag.py:545} INFO - Filling up the DagBag from /home/airflow/.local/lib/python3.12/site-packages/airflow/example_dags/example_datasets.py
[2026-04-15T02:20:40.225+0000] {processor.py:840} INFO - DAG(s) 'consume_1_and_2_with_dataset_expressions', 'dataset_consumes_1_and_2', 'conditional_dataset_and_time_based_timetable', 'dataset_produces_1', 'consume_1_or_both_2_and_3_with_dataset_expressions', 'consume_1_or_2_with_dataset_expressions', 'dataset_produces_2', 'dataset_consumes_1', 'dataset_consumes_unknown_never_scheduled', 'dataset_consumes_1_never_scheduled' retrieved from /home/airflow/.local/lib/python3.12/site-packages/airflow/example_dags/example_datasets.py
[2026-04-15T02:20:40.363+0000] {logging_mixin.py:188} INFO - [2026-04-15T02:20:40.361+0000] {dag.py:3089} INFO - Sync 10 DAGs
[2026-04-15T02:20:40.465+0000] {logging_mixin.py:188} INFO - [2026-04-15T02:20:40.464+0000] {dag.py:3947} INFO - Setting next_dagrun for conditional_dataset_and_time_based_timetable to 2026-04-15 01:00:00+00:00, run_after=2026-04-15 01:00:00+00:00
[2026-04-15T02:20:40.476+0000] {logging_mixin.py:188} INFO - [2026-04-15T02:20:40.476+0000] {dag.py:3947} INFO - Setting next_dagrun for consume_1_and_2_with_dataset_expressions to None, run_after=None
[2026-04-15T02:20:40.480+0000] {logging_mixin.py:188} INFO - [2026-04-15T02:20:40.480+0000] {dag.py:3947} INFO - Setting next_dagrun for consume_1_or_2_with_dataset_expressions to None, run_after=None
[2026-04-15T02:20:40.483+0000] {logging_mixin.py:188} INFO - [2026-04-15T02:20:40.482+0000] {dag.py:3947} INFO - Setting next_dagrun for consume_1_or_both_2_and_3_with_dataset_expressions to None, run_after=None
[2026-04-15T02:20:40.484+0000] {logging_mixin.py:188} INFO - [2026-04-15T02:20:40.484+0000] {dag.py:3947} INFO - Setting next_dagrun for dataset_consumes_1 to None, run_after=None
[2026-04-15T02:20:40.486+0000] {logging_mixin.py:188} INFO - [2026-04-15T02:20:40.485+0000] {dag.py:3947} INFO - Setting next_dagrun for dataset_consumes_1_and_2 to None, run_after=None
[2026-04-15T02:20:40.488+0000] {logging_mixin.py:188} INFO - [2026-04-15T02:20:40.487+0000] {dag.py:3947} INFO - Setting next_dagrun for dataset_consumes_1_never_scheduled to None, run_after=None
[2026-04-15T02:20:40.490+0000] {logging_mixin.py:188} INFO - [2026-04-15T02:20:40.490+0000] {dag.py:3947} INFO - Setting next_dagrun for dataset_consumes_unknown_never_scheduled to None, run_after=None
[2026-04-15T02:20:40.496+0000] {logging_mixin.py:188} INFO - [2026-04-15T02:20:40.495+0000] {dag.py:3947} INFO - Setting next_dagrun for dataset_produces_1 to 2026-04-14 00:00:00+00:00, run_after=2026-04-15 00:00:00+00:00
[2026-04-15T02:20:40.498+0000] {logging_mixin.py:188} INFO - [2026-04-15T02:20:40.498+0000] {dag.py:3947} INFO - Setting next_dagrun for dataset_produces_2 to None, run_after=None
[2026-04-15T02:20:40.597+0000] {processor.py:183} INFO - Processing /home/airflow/.local/lib/python3.12/site-packages/airflow/example_dags/example_datasets.py took 0.497 seconds
[2026-04-15T02:21:10.903+0000] {processor.py:161} INFO - Started process (PID=1900) to work on /home/airflow/.local/lib/python3.12/site-packages/airflow/example_dags/example_datasets.py
[2026-04-15T02:21:10.907+0000] {processor.py:830} INFO - Processing file /home/airflow/.local/lib/python3.12/site-packages/airflow/example_dags/example_datasets.py for tasks to queue
[2026-04-15T02:21:10.912+0000] {logging_mixin.py:188} INFO - [2026-04-15T02:21:10.911+0000] {dagbag.py:545} INFO - Filling up the DagBag from /home/airflow/.local/lib/python3.12/site-packages/airflow/example_dags/example_datasets.py
[2026-04-15T02:21:10.961+0000] {processor.py:840} INFO - DAG(s) 'dataset_consumes_unknown_never_scheduled', 'dataset_consumes_1_never_scheduled', 'consume_1_and_2_with_dataset_expressions', 'consume_1_or_both_2_and_3_with_dataset_expressions', 'dataset_consumes_1_and_2', 'dataset_produces_2', 'conditional_dataset_and_time_based_timetable', 'dataset_produces_1', 'consume_1_or_2_with_dataset_expressions', 'dataset_consumes_1' retrieved from /home/airflow/.local/lib/python3.12/site-packages/airflow/example_dags/example_datasets.py
[2026-04-15T02:21:11.489+0000] {logging_mixin.py:188} INFO - [2026-04-15T02:21:11.488+0000] {dag.py:3089} INFO - Sync 10 DAGs
[2026-04-15T02:21:11.542+0000] {logging_mixin.py:188} INFO - [2026-04-15T02:21:11.542+0000] {dag.py:3947} INFO - Setting next_dagrun for conditional_dataset_and_time_based_timetable to 2026-04-15 01:00:00+00:00, run_after=2026-04-15 01:00:00+00:00
[2026-04-15T02:21:11.553+0000] {logging_mixin.py:188} INFO - [2026-04-15T02:21:11.552+0000] {dag.py:3947} INFO - Setting next_dagrun for consume_1_and_2_with_dataset_expressions to None, run_after=None
[2026-04-15T02:21:11.557+0000] {logging_mixin.py:188} INFO - [2026-04-15T02:21:11.556+0000] {dag.py:3947} INFO - Setting next_dagrun for consume_1_or_2_with_dataset_expressions to None, run_after=None
[2026-04-15T02:21:11.560+0000] {logging_mixin.py:188} INFO - [2026-04-15T02:21:11.560+0000] {dag.py:3947} INFO - Setting next_dagrun for consume_1_or_both_2_and_3_with_dataset_expressions to None, run_after=None
[2026-04-15T02:21:11.564+0000] {logging_mixin.py:188} INFO - [2026-04-15T02:21:11.564+0000] {dag.py:3947} INFO - Setting next_dagrun for dataset_consumes_1 to None, run_after=None
[2026-04-15T02:21:11.568+0000] {logging_mixin.py:188} INFO - [2026-04-15T02:21:11.567+0000] {dag.py:3947} INFO - Setting next_dagrun for dataset_consumes_1_and_2 to None, run_after=None
[2026-04-15T02:21:11.570+0000] {logging_mixin.py:188} INFO - [2026-04-15T02:21:11.570+0000] {dag.py:3947} INFO - Setting next_dagrun for dataset_consumes_1_never_scheduled to None, run_after=None
[2026-04-15T02:21:11.573+0000] {logging_mixin.py:188} INFO - [2026-04-15T02:21:11.572+0000] {dag.py:3947} INFO - Setting next_dagrun for dataset_consumes_unknown_never_scheduled to None, run_after=None
[2026-04-15T02:21:11.579+0000] {logging_mixin.py:188} INFO - [2026-04-15T02:21:11.579+0000] {dag.py:3947} INFO - Setting next_dagrun for dataset_produces_1 to 2026-04-14 00:00:00+00:00, run_after=2026-04-15 00:00:00+00:00
[2026-04-15T02:21:11.582+0000] {logging_mixin.py:188} INFO - [2026-04-15T02:21:11.582+0000] {dag.py:3947} INFO - Setting next_dagrun for dataset_produces_2 to None, run_after=None
[2026-04-15T02:21:11.673+0000] {processor.py:183} INFO - Processing /home/airflow/.local/lib/python3.12/site-packages/airflow/example_dags/example_datasets.py took 0.790 seconds
[2026-04-15T02:21:42.275+0000] {processor.py:161} INFO - Started process (PID=1959) to work on /home/airflow/.local/lib/python3.12/site-packages/airflow/example_dags/example_datasets.py
[2026-04-15T02:21:42.282+0000] {processor.py:830} INFO - Processing file /home/airflow/.local/lib/python3.12/site-packages/airflow/example_dags/example_datasets.py for tasks to queue
[2026-04-15T02:21:42.288+0000] {logging_mixin.py:188} INFO - [2026-04-15T02:21:42.287+0000] {dagbag.py:545} INFO - Filling up the DagBag from /home/airflow/.local/lib/python3.12/site-packages/airflow/example_dags/example_datasets.py
[2026-04-15T02:21:42.322+0000] {processor.py:840} INFO - DAG(s) 'consume_1_or_both_2_and_3_with_dataset_expressions', 'dataset_produces_2', 'dataset_produces_1', 'dataset_consumes_1_and_2', 'dataset_consumes_unknown_never_scheduled', 'consume_1_or_2_with_dataset_expressions', 'dataset_consumes_1_never_scheduled', 'dataset_consumes_1', 'conditional_dataset_and_time_based_timetable', 'consume_1_and_2_with_dataset_expressions' retrieved from /home/airflow/.local/lib/python3.12/site-packages/airflow/example_dags/example_datasets.py
[2026-04-15T02:21:42.445+0000] {logging_mixin.py:188} INFO - [2026-04-15T02:21:42.445+0000] {dag.py:3089} INFO - Sync 10 DAGs
[2026-04-15T02:21:42.526+0000] {logging_mixin.py:188} INFO - [2026-04-15T02:21:42.525+0000] {dag.py:3947} INFO - Setting next_dagrun for conditional_dataset_and_time_based_timetable to 2026-04-15 01:00:00+00:00, run_after=2026-04-15 01:00:00+00:00
[2026-04-15T02:21:42.538+0000] {logging_mixin.py:188} INFO - [2026-04-15T02:21:42.538+0000] {dag.py:3947} INFO - Setting next_dagrun for consume_1_and_2_with_dataset_expressions to None, run_after=None
[2026-04-15T02:21:42.541+0000] {logging_mixin.py:188} INFO - [2026-04-15T02:21:42.540+0000] {dag.py:3947} INFO - Setting next_dagrun for consume_1_or_2_with_dataset_expressions to None, run_after=None
[2026-04-15T02:21:42.545+0000] {logging_mixin.py:188} INFO - [2026-04-15T02:21:42.544+0000] {dag.py:3947} INFO - Setting next_dagrun for consume_1_or_both_2_and_3_with_dataset_expressions to None, run_after=None
[2026-04-15T02:21:42.549+0000] {logging_mixin.py:188} INFO - [2026-04-15T02:21:42.549+0000] {dag.py:3947} INFO - Setting next_dagrun for dataset_consumes_1 to None, run_after=None
[2026-04-15T02:21:42.552+0000] {logging_mixin.py:188} INFO - [2026-04-15T02:21:42.552+0000] {dag.py:3947} INFO - Setting next_dagrun for dataset_consumes_1_and_2 to None, run_after=None
[2026-04-15T02:21:42.554+0000] {logging_mixin.py:188} INFO - [2026-04-15T02:21:42.554+0000] {dag.py:3947} INFO - Setting next_dagrun for dataset_consumes_1_never_scheduled to None, run_after=None
[2026-04-15T02:21:42.558+0000] {logging_mixin.py:188} INFO - [2026-04-15T02:21:42.557+0000] {dag.py:3947} INFO - Setting next_dagrun for dataset_consumes_unknown_never_scheduled to None, run_after=None
[2026-04-15T02:21:42.568+0000] {logging_mixin.py:188} INFO - [2026-04-15T02:21:42.567+0000] {dag.py:3947} INFO - Setting next_dagrun for dataset_produces_1 to 2026-04-14 00:00:00+00:00, run_after=2026-04-15 00:00:00+00:00
[2026-04-15T02:21:42.571+0000] {logging_mixin.py:188} INFO - [2026-04-15T02:21:42.570+0000] {dag.py:3947} INFO - Setting next_dagrun for dataset_produces_2 to None, run_after=None
[2026-04-15T02:21:42.662+0000] {processor.py:183} INFO - Processing /home/airflow/.local/lib/python3.12/site-packages/airflow/example_dags/example_datasets.py took 0.404 seconds
[2026-04-15T02:22:12.792+0000] {processor.py:161} INFO - Started process (PID=2018) to work on /home/airflow/.local/lib/python3.12/site-packages/airflow/example_dags/example_datasets.py
[2026-04-15T02:22:12.797+0000] {processor.py:830} INFO - Processing file /home/airflow/.local/lib/python3.12/site-packages/airflow/example_dags/example_datasets.py for tasks to queue
[2026-04-15T02:22:12.806+0000] {logging_mixin.py:188} INFO - [2026-04-15T02:22:12.805+0000] {dagbag.py:545} INFO - Filling up the DagBag from /home/airflow/.local/lib/python3.12/site-packages/airflow/example_dags/example_datasets.py
[2026-04-15T02:22:12.877+0000] {processor.py:840} INFO - DAG(s) 'dataset_produces_1', 'consume_1_and_2_with_dataset_expressions', 'consume_1_or_2_with_dataset_expressions', 'dataset_consumes_1_never_scheduled', 'dataset_consumes_unknown_never_scheduled', 'dataset_produces_2', 'dataset_consumes_1', 'consume_1_or_both_2_and_3_with_dataset_expressions', 'dataset_consumes_1_and_2', 'conditional_dataset_and_time_based_timetable' retrieved from /home/airflow/.local/lib/python3.12/site-packages/airflow/example_dags/example_datasets.py
[2026-04-15T02:22:13.006+0000] {logging_mixin.py:188} INFO - [2026-04-15T02:22:13.005+0000] {dag.py:3089} INFO - Sync 10 DAGs
[2026-04-15T02:22:13.113+0000] {logging_mixin.py:188} INFO - [2026-04-15T02:22:13.112+0000] {dag.py:3947} INFO - Setting next_dagrun for conditional_dataset_and_time_based_timetable to 2026-04-15 01:00:00+00:00, run_after=2026-04-15 01:00:00+00:00
[2026-04-15T02:22:13.131+0000] {logging_mixin.py:188} INFO - [2026-04-15T02:22:13.130+0000] {dag.py:3947} INFO - Setting next_dagrun for consume_1_and_2_with_dataset_expressions to None, run_after=None
[2026-04-15T02:22:13.137+0000] {logging_mixin.py:188} INFO - [2026-04-15T02:22:13.136+0000] {dag.py:3947} INFO - Setting next_dagrun for consume_1_or_2_with_dataset_expressions to None, run_after=None
[2026-04-15T02:22:13.141+0000] {logging_mixin.py:188} INFO - [2026-04-15T02:22:13.140+0000] {dag.py:3947} INFO - Setting next_dagrun for consume_1_or_both_2_and_3_with_dataset_expressions to None, run_after=None
[2026-04-15T02:22:13.145+0000] {logging_mixin.py:188} INFO - [2026-04-15T02:22:13.145+0000] {dag.py:3947} INFO - Setting next_dagrun for dataset_consumes_1 to None, run_after=None
[2026-04-15T02:22:13.150+0000] {logging_mixin.py:188} INFO - [2026-04-15T02:22:13.149+0000] {dag.py:3947} INFO - Setting next_dagrun for dataset_consumes_1_and_2 to None, run_after=None
[2026-04-15T02:22:13.155+0000] {logging_mixin.py:188} INFO - [2026-04-15T02:22:13.154+0000] {dag.py:3947} INFO - Setting next_dagrun for dataset_consumes_1_never_scheduled to None, run_after=None
[2026-04-15T02:22:13.160+0000] {logging_mixin.py:188} INFO - [2026-04-15T02:22:13.159+0000] {dag.py:3947} INFO - Setting next_dagrun for dataset_consumes_unknown_never_scheduled to None, run_after=None
[2026-04-15T02:22:13.171+0000] {logging_mixin.py:188} INFO - [2026-04-15T02:22:13.168+0000] {dag.py:3947} INFO - Setting next_dagrun for dataset_produces_1 to 2026-04-14 00:00:00+00:00, run_after=2026-04-15 00:00:00+00:00
[2026-04-15T02:22:13.175+0000] {logging_mixin.py:188} INFO - [2026-04-15T02:22:13.175+0000] {dag.py:3947} INFO - Setting next_dagrun for dataset_produces_2 to None, run_after=None
[2026-04-15T02:22:13.326+0000] {processor.py:183} INFO - Processing /home/airflow/.local/lib/python3.12/site-packages/airflow/example_dags/example_datasets.py took 0.562 seconds
[2026-04-15T02:22:43.686+0000] {processor.py:161} INFO - Started process (PID=2078) to work on /home/airflow/.local/lib/python3.12/site-packages/airflow/example_dags/example_datasets.py
[2026-04-15T02:22:43.689+0000] {processor.py:830} INFO - Processing file /home/airflow/.local/lib/python3.12/site-packages/airflow/example_dags/example_datasets.py for tasks to queue
[2026-04-15T02:22:43.695+0000] {logging_mixin.py:188} INFO - [2026-04-15T02:22:43.694+0000] {dagbag.py:545} INFO - Filling up the DagBag from /home/airflow/.local/lib/python3.12/site-packages/airflow/example_dags/example_datasets.py
[2026-04-15T02:22:43.724+0000] {processor.py:840} INFO - DAG(s) 'consume_1_or_both_2_and_3_with_dataset_expressions', 'dataset_consumes_1', 'dataset_produces_1', 'dataset_produces_2', 'dataset_consumes_1_never_scheduled', 'consume_1_and_2_with_dataset_expressions', 'dataset_consumes_unknown_never_scheduled', 'conditional_dataset_and_time_based_timetable', 'consume_1_or_2_with_dataset_expressions', 'dataset_consumes_1_and_2' retrieved from /home/airflow/.local/lib/python3.12/site-packages/airflow/example_dags/example_datasets.py
[2026-04-15T02:22:43.879+0000] {logging_mixin.py:188} INFO - [2026-04-15T02:22:43.878+0000] {dag.py:3089} INFO - Sync 10 DAGs
[2026-04-15T02:22:43.962+0000] {logging_mixin.py:188} INFO - [2026-04-15T02:22:43.962+0000] {dag.py:3947} INFO - Setting next_dagrun for conditional_dataset_and_time_based_timetable to 2026-04-15 01:00:00+00:00, run_after=2026-04-15 01:00:00+00:00
[2026-04-15T02:22:43.971+0000] {logging_mixin.py:188} INFO - [2026-04-15T02:22:43.971+0000] {dag.py:3947} INFO - Setting next_dagrun for consume_1_and_2_with_dataset_expressions to None, run_after=None
[2026-04-15T02:22:43.975+0000] {logging_mixin.py:188} INFO - [2026-04-15T02:22:43.974+0000] {dag.py:3947} INFO - Setting next_dagrun for consume_1_or_2_with_dataset_expressions to None, run_after=None
[2026-04-15T02:22:43.977+0000] {logging_mixin.py:188} INFO - [2026-04-15T02:22:43.977+0000] {dag.py:3947} INFO - Setting next_dagrun for consume_1_or_both_2_and_3_with_dataset_expressions to None, run_after=None
[2026-04-15T02:22:43.982+0000] {logging_mixin.py:188} INFO - [2026-04-15T02:22:43.982+0000] {dag.py:3947} INFO - Setting next_dagrun for dataset_consumes_1 to None, run_after=None
[2026-04-15T02:22:43.986+0000] {logging_mixin.py:188} INFO - [2026-04-15T02:22:43.986+0000] {dag.py:3947} INFO - Setting next_dagrun for dataset_consumes_1_and_2 to None, run_after=None
[2026-04-15T02:22:43.989+0000] {logging_mixin.py:188} INFO - [2026-04-15T02:22:43.988+0000] {dag.py:3947} INFO - Setting next_dagrun for dataset_consumes_1_never_scheduled to None, run_after=None
[2026-04-15T02:22:43.993+0000] {logging_mixin.py:188} INFO - [2026-04-15T02:22:43.993+0000] {dag.py:3947} INFO - Setting next_dagrun for dataset_consumes_unknown_never_scheduled to None, run_after=None
[2026-04-15T02:22:43.999+0000] {logging_mixin.py:188} INFO - [2026-04-15T02:22:43.999+0000] {dag.py:3947} INFO - Setting next_dagrun for dataset_produces_1 to 2026-04-14 00:00:00+00:00, run_after=2026-04-15 00:00:00+00:00
[2026-04-15T02:22:44.002+0000] {logging_mixin.py:188} INFO - [2026-04-15T02:22:44.002+0000] {dag.py:3947} INFO - Setting next_dagrun for dataset_produces_2 to None, run_after=None
[2026-04-15T02:22:44.091+0000] {processor.py:183} INFO - Processing /home/airflow/.local/lib/python3.12/site-packages/airflow/example_dags/example_datasets.py took 0.436 seconds
[2026-04-15T02:23:14.526+0000] {processor.py:161} INFO - Started process (PID=2137) to work on /home/airflow/.local/lib/python3.12/site-packages/airflow/example_dags/example_datasets.py
[2026-04-15T02:23:14.539+0000] {processor.py:830} INFO - Processing file /home/airflow/.local/lib/python3.12/site-packages/airflow/example_dags/example_datasets.py for tasks to queue
[2026-04-15T02:23:14.560+0000] {logging_mixin.py:188} INFO - [2026-04-15T02:23:14.558+0000] {dagbag.py:545} INFO - Filling up the DagBag from /home/airflow/.local/lib/python3.12/site-packages/airflow/example_dags/example_datasets.py
[2026-04-15T02:23:14.614+0000] {processor.py:840} INFO - DAG(s) 'dataset_consumes_1', 'consume_1_or_2_with_dataset_expressions', 'dataset_produces_1', 'dataset_consumes_1_and_2', 'consume_1_and_2_with_dataset_expressions', 'dataset_consumes_unknown_never_scheduled', 'dataset_consumes_1_never_scheduled', 'dataset_produces_2', 'conditional_dataset_and_time_based_timetable', 'consume_1_or_both_2_and_3_with_dataset_expressions' retrieved from /home/airflow/.local/lib/python3.12/site-packages/airflow/example_dags/example_datasets.py
[2026-04-15T02:23:14.740+0000] {logging_mixin.py:188} INFO - [2026-04-15T02:23:14.740+0000] {dag.py:3089} INFO - Sync 10 DAGs
[2026-04-15T02:23:14.816+0000] {logging_mixin.py:188} INFO - [2026-04-15T02:23:14.815+0000] {dag.py:3947} INFO - Setting next_dagrun for conditional_dataset_and_time_based_timetable to 2026-04-15 01:00:00+00:00, run_after=2026-04-15 01:00:00+00:00
[2026-04-15T02:23:14.824+0000] {logging_mixin.py:188} INFO - [2026-04-15T02:23:14.823+0000] {dag.py:3947} INFO - Setting next_dagrun for consume_1_and_2_with_dataset_expressions to None, run_after=None
[2026-04-15T02:23:14.827+0000] {logging_mixin.py:188} INFO - [2026-04-15T02:23:14.826+0000] {dag.py:3947} INFO - Setting next_dagrun for consume_1_or_2_with_dataset_expressions to None, run_after=None
[2026-04-15T02:23:14.830+0000] {logging_mixin.py:188} INFO - [2026-04-15T02:23:14.830+0000] {dag.py:3947} INFO - Setting next_dagrun for consume_1_or_both_2_and_3_with_dataset_expressions to None, run_after=None
[2026-04-15T02:23:14.833+0000] {logging_mixin.py:188} INFO - [2026-04-15T02:23:14.833+0000] {dag.py:3947} INFO - Setting next_dagrun for dataset_consumes_1 to None, run_after=None
[2026-04-15T02:23:14.837+0000] {logging_mixin.py:188} INFO - [2026-04-15T02:23:14.836+0000] {dag.py:3947} INFO - Setting next_dagrun for dataset_consumes_1_and_2 to None, run_after=None
[2026-04-15T02:23:14.839+0000] {logging_mixin.py:188} INFO - [2026-04-15T02:23:14.839+0000] {dag.py:3947} INFO - Setting next_dagrun for dataset_consumes_1_never_scheduled to None, run_after=None
[2026-04-15T02:23:14.842+0000] {logging_mixin.py:188} INFO - [2026-04-15T02:23:14.841+0000] {dag.py:3947} INFO - Setting next_dagrun for dataset_consumes_unknown_never_scheduled to None, run_after=None
[2026-04-15T02:23:14.847+0000] {logging_mixin.py:188} INFO - [2026-04-15T02:23:14.847+0000] {dag.py:3947} INFO - Setting next_dagrun for dataset_produces_1 to 2026-04-14 00:00:00+00:00, run_after=2026-04-15 00:00:00+00:00
[2026-04-15T02:23:14.850+0000] {logging_mixin.py:188} INFO - [2026-04-15T02:23:14.850+0000] {dag.py:3947} INFO - Setting next_dagrun for dataset_produces_2 to None, run_after=None
[2026-04-15T02:23:14.941+0000] {processor.py:183} INFO - Processing /home/airflow/.local/lib/python3.12/site-packages/airflow/example_dags/example_datasets.py took 0.447 seconds
[2026-04-15T02:23:45.137+0000] {processor.py:161} INFO - Started process (PID=2196) to work on /home/airflow/.local/lib/python3.12/site-packages/airflow/example_dags/example_datasets.py
[2026-04-15T02:23:45.151+0000] {processor.py:830} INFO - Processing file /home/airflow/.local/lib/python3.12/site-packages/airflow/example_dags/example_datasets.py for tasks to queue
[2026-04-15T02:23:45.157+0000] {logging_mixin.py:188} INFO - [2026-04-15T02:23:45.156+0000] {dagbag.py:545} INFO - Filling up the DagBag from /home/airflow/.local/lib/python3.12/site-packages/airflow/example_dags/example_datasets.py
[2026-04-15T02:23:45.185+0000] {processor.py:840} INFO - DAG(s) 'consume_1_and_2_with_dataset_expressions', 'consume_1_or_2_with_dataset_expressions', 'dataset_consumes_1', 'dataset_consumes_1_and_2', 'dataset_consumes_1_never_scheduled', 'conditional_dataset_and_time_based_timetable', 'consume_1_or_both_2_and_3_with_dataset_expressions', 'dataset_produces_2', 'dataset_consumes_unknown_never_scheduled', 'dataset_produces_1' retrieved from /home/airflow/.local/lib/python3.12/site-packages/airflow/example_dags/example_datasets.py
[2026-04-15T02:23:45.314+0000] {logging_mixin.py:188} INFO - [2026-04-15T02:23:45.314+0000] {dag.py:3089} INFO - Sync 10 DAGs
[2026-04-15T02:23:45.386+0000] {logging_mixin.py:188} INFO - [2026-04-15T02:23:45.386+0000] {dag.py:3947} INFO - Setting next_dagrun for conditional_dataset_and_time_based_timetable to 2026-04-15 01:00:00+00:00, run_after=2026-04-15 01:00:00+00:00
[2026-04-15T02:23:45.397+0000] {logging_mixin.py:188} INFO - [2026-04-15T02:23:45.397+0000] {dag.py:3947} INFO - Setting next_dagrun for consume_1_and_2_with_dataset_expressions to None, run_after=None
[2026-04-15T02:23:45.401+0000] {logging_mixin.py:188} INFO - [2026-04-15T02:23:45.401+0000] {dag.py:3947} INFO - Setting next_dagrun for consume_1_or_2_with_dataset_expressions to None, run_after=None
[2026-04-15T02:23:45.404+0000] {logging_mixin.py:188} INFO - [2026-04-15T02:23:45.404+0000] {dag.py:3947} INFO - Setting next_dagrun for consume_1_or_both_2_and_3_with_dataset_expressions to None, run_after=None
[2026-04-15T02:23:45.407+0000] {logging_mixin.py:188} INFO - [2026-04-15T02:23:45.406+0000] {dag.py:3947} INFO - Setting next_dagrun for dataset_consumes_1 to None, run_after=None
[2026-04-15T02:23:45.409+0000] {logging_mixin.py:188} INFO - [2026-04-15T02:23:45.409+0000] {dag.py:3947} INFO - Setting next_dagrun for dataset_consumes_1_and_2 to None, run_after=None
[2026-04-15T02:23:45.411+0000] {logging_mixin.py:188} INFO - [2026-04-15T02:23:45.411+0000] {dag.py:3947} INFO - Setting next_dagrun for dataset_consumes_1_never_scheduled to None, run_after=None
[2026-04-15T02:23:45.414+0000] {logging_mixin.py:188} INFO - [2026-04-15T02:23:45.413+0000] {dag.py:3947} INFO - Setting next_dagrun for dataset_consumes_unknown_never_scheduled to None, run_after=None
[2026-04-15T02:23:45.420+0000] {logging_mixin.py:188} INFO - [2026-04-15T02:23:45.419+0000] {dag.py:3947} INFO - Setting next_dagrun for dataset_produces_1 to 2026-04-14 00:00:00+00:00, run_after=2026-04-15 00:00:00+00:00
[2026-04-15T02:23:45.422+0000] {logging_mixin.py:188} INFO - [2026-04-15T02:23:45.422+0000] {dag.py:3947} INFO - Setting next_dagrun for dataset_produces_2 to None, run_after=None
[2026-04-15T02:23:45.517+0000] {processor.py:183} INFO - Processing /home/airflow/.local/lib/python3.12/site-packages/airflow/example_dags/example_datasets.py took 0.402 seconds
[2026-04-15T02:24:15.720+0000] {processor.py:161} INFO - Started process (PID=2256) to work on /home/airflow/.local/lib/python3.12/site-packages/airflow/example_dags/example_datasets.py
[2026-04-15T02:24:15.725+0000] {processor.py:830} INFO - Processing file /home/airflow/.local/lib/python3.12/site-packages/airflow/example_dags/example_datasets.py for tasks to queue
[2026-04-15T02:24:15.737+0000] {logging_mixin.py:188} INFO - [2026-04-15T02:24:15.736+0000] {dagbag.py:545} INFO - Filling up the DagBag from /home/airflow/.local/lib/python3.12/site-packages/airflow/example_dags/example_datasets.py
[2026-04-15T02:24:15.791+0000] {processor.py:840} INFO - DAG(s) 'dataset_consumes_1', 'dataset_consumes_1_and_2', 'dataset_consumes_1_never_scheduled', 'dataset_produces_2', 'dataset_produces_1', 'consume_1_and_2_with_dataset_expressions', 'consume_1_or_both_2_and_3_with_dataset_expressions', 'consume_1_or_2_with_dataset_expressions', 'conditional_dataset_and_time_based_timetable', 'dataset_consumes_unknown_never_scheduled' retrieved from /home/airflow/.local/lib/python3.12/site-packages/airflow/example_dags/example_datasets.py
[2026-04-15T02:24:15.928+0000] {logging_mixin.py:188} INFO - [2026-04-15T02:24:15.927+0000] {dag.py:3089} INFO - Sync 10 DAGs
[2026-04-15T02:24:16.042+0000] {logging_mixin.py:188} INFO - [2026-04-15T02:24:16.040+0000] {dag.py:3947} INFO - Setting next_dagrun for conditional_dataset_and_time_based_timetable to 2026-04-15 01:00:00+00:00, run_after=2026-04-15 01:00:00+00:00
[2026-04-15T02:24:16.066+0000] {logging_mixin.py:188} INFO - [2026-04-15T02:24:16.065+0000] {dag.py:3947} INFO - Setting next_dagrun for consume_1_and_2_with_dataset_expressions to None, run_after=None
[2026-04-15T02:24:16.082+0000] {logging_mixin.py:188} INFO - [2026-04-15T02:24:16.081+0000] {dag.py:3947} INFO - Setting next_dagrun for consume_1_or_2_with_dataset_expressions to None, run_after=None
[2026-04-15T02:24:16.088+0000] {logging_mixin.py:188} INFO - [2026-04-15T02:24:16.088+0000] {dag.py:3947} INFO - Setting next_dagrun for consume_1_or_both_2_and_3_with_dataset_expressions to None, run_after=None
[2026-04-15T02:24:16.091+0000] {logging_mixin.py:188} INFO - [2026-04-15T02:24:16.091+0000] {dag.py:3947} INFO - Setting next_dagrun for dataset_consumes_1 to None, run_after=None
[2026-04-15T02:24:16.096+0000] {logging_mixin.py:188} INFO - [2026-04-15T02:24:16.095+0000] {dag.py:3947} INFO - Setting next_dagrun for dataset_consumes_1_and_2 to None, run_after=None
[2026-04-15T02:24:16.099+0000] {logging_mixin.py:188} INFO - [2026-04-15T02:24:16.098+0000] {dag.py:3947} INFO - Setting next_dagrun for dataset_consumes_1_never_scheduled to None, run_after=None
[2026-04-15T02:24:16.102+0000] {logging_mixin.py:188} INFO - [2026-04-15T02:24:16.102+0000] {dag.py:3947} INFO - Setting next_dagrun for dataset_consumes_unknown_never_scheduled to None, run_after=None
[2026-04-15T02:24:16.110+0000] {logging_mixin.py:188} INFO - [2026-04-15T02:24:16.109+0000] {dag.py:3947} INFO - Setting next_dagrun for dataset_produces_1 to 2026-04-14 00:00:00+00:00, run_after=2026-04-15 00:00:00+00:00
[2026-04-15T02:24:16.113+0000] {logging_mixin.py:188} INFO - [2026-04-15T02:24:16.112+0000] {dag.py:3947} INFO - Setting next_dagrun for dataset_produces_2 to None, run_after=None
[2026-04-15T02:24:16.253+0000] {processor.py:183} INFO - Processing /home/airflow/.local/lib/python3.12/site-packages/airflow/example_dags/example_datasets.py took 0.561 seconds
[2026-04-15T02:24:47.127+0000] {processor.py:161} INFO - Started process (PID=2315) to work on /home/airflow/.local/lib/python3.12/site-packages/airflow/example_dags/example_datasets.py
[2026-04-15T02:24:47.131+0000] {processor.py:830} INFO - Processing file /home/airflow/.local/lib/python3.12/site-packages/airflow/example_dags/example_datasets.py for tasks to queue
[2026-04-15T02:24:47.141+0000] {logging_mixin.py:188} INFO - [2026-04-15T02:24:47.139+0000] {dagbag.py:545} INFO - Filling up the DagBag from /home/airflow/.local/lib/python3.12/site-packages/airflow/example_dags/example_datasets.py
[2026-04-15T02:24:47.199+0000] {processor.py:840} INFO - DAG(s) 'dataset_produces_1', 'dataset_consumes_1', 'dataset_produces_2', 'dataset_consumes_1_and_2', 'dataset_consumes_1_never_scheduled', 'consume_1_or_2_with_dataset_expressions', 'dataset_consumes_unknown_never_scheduled', 'consume_1_and_2_with_dataset_expressions', 'conditional_dataset_and_time_based_timetable', 'consume_1_or_both_2_and_3_with_dataset_expressions' retrieved from /home/airflow/.local/lib/python3.12/site-packages/airflow/example_dags/example_datasets.py
[2026-04-15T02:24:47.431+0000] {logging_mixin.py:188} INFO - [2026-04-15T02:24:47.430+0000] {dag.py:3089} INFO - Sync 10 DAGs
[2026-04-15T02:24:47.563+0000] {logging_mixin.py:188} INFO - [2026-04-15T02:24:47.563+0000] {dag.py:3947} INFO - Setting next_dagrun for conditional_dataset_and_time_based_timetable to 2026-04-15 01:00:00+00:00, run_after=2026-04-15 01:00:00+00:00
[2026-04-15T02:24:47.576+0000] {logging_mixin.py:188} INFO - [2026-04-15T02:24:47.575+0000] {dag.py:3947} INFO - Setting next_dagrun for consume_1_and_2_with_dataset_expressions to None, run_after=None
[2026-04-15T02:24:47.578+0000] {logging_mixin.py:188} INFO - [2026-04-15T02:24:47.578+0000] {dag.py:3947} INFO - Setting next_dagrun for consume_1_or_2_with_dataset_expressions to None, run_after=None
[2026-04-15T02:24:47.580+0000] {logging_mixin.py:188} INFO - [2026-04-15T02:24:47.580+0000] {dag.py:3947} INFO - Setting next_dagrun for consume_1_or_both_2_and_3_with_dataset_expressions to None, run_after=None
[2026-04-15T02:24:47.582+0000] {logging_mixin.py:188} INFO - [2026-04-15T02:24:47.582+0000] {dag.py:3947} INFO - Setting next_dagrun for dataset_consumes_1 to None, run_after=None
[2026-04-15T02:24:47.585+0000] {logging_mixin.py:188} INFO - [2026-04-15T02:24:47.585+0000] {dag.py:3947} INFO - Setting next_dagrun for dataset_consumes_1_and_2 to None, run_after=None
[2026-04-15T02:24:47.587+0000] {logging_mixin.py:188} INFO - [2026-04-15T02:24:47.587+0000] {dag.py:3947} INFO - Setting next_dagrun for dataset_consumes_1_never_scheduled to None, run_after=None
[2026-04-15T02:24:47.590+0000] {logging_mixin.py:188} INFO - [2026-04-15T02:24:47.590+0000] {dag.py:3947} INFO - Setting next_dagrun for dataset_consumes_unknown_never_scheduled to None, run_after=None
[2026-04-15T02:24:47.594+0000] {logging_mixin.py:188} INFO - [2026-04-15T02:24:47.594+0000] {dag.py:3947} INFO - Setting next_dagrun for dataset_produces_1 to 2026-04-14 00:00:00+00:00, run_after=2026-04-15 00:00:00+00:00
[2026-04-15T02:24:47.596+0000] {logging_mixin.py:188} INFO - [2026-04-15T02:24:47.596+0000] {dag.py:3947} INFO - Setting next_dagrun for dataset_produces_2 to None, run_after=None
[2026-04-15T02:24:47.714+0000] {processor.py:183} INFO - Processing /home/airflow/.local/lib/python3.12/site-packages/airflow/example_dags/example_datasets.py took 0.610 seconds
[2026-04-15T02:25:18.011+0000] {processor.py:161} INFO - Started process (PID=2373) to work on /home/airflow/.local/lib/python3.12/site-packages/airflow/example_dags/example_datasets.py
[2026-04-15T02:25:18.017+0000] {processor.py:830} INFO - Processing file /home/airflow/.local/lib/python3.12/site-packages/airflow/example_dags/example_datasets.py for tasks to queue
[2026-04-15T02:25:18.038+0000] {logging_mixin.py:188} INFO - [2026-04-15T02:25:18.035+0000] {dagbag.py:545} INFO - Filling up the DagBag from /home/airflow/.local/lib/python3.12/site-packages/airflow/example_dags/example_datasets.py
[2026-04-15T02:25:18.152+0000] {processor.py:840} INFO - DAG(s) 'dataset_consumes_1_never_scheduled', 'dataset_consumes_1', 'consume_1_or_both_2_and_3_with_dataset_expressions', 'dataset_produces_2', 'conditional_dataset_and_time_based_timetable', 'consume_1_and_2_with_dataset_expressions', 'dataset_produces_1', 'consume_1_or_2_with_dataset_expressions', 'dataset_consumes_unknown_never_scheduled', 'dataset_consumes_1_and_2' retrieved from /home/airflow/.local/lib/python3.12/site-packages/airflow/example_dags/example_datasets.py
[2026-04-15T02:25:18.411+0000] {logging_mixin.py:188} INFO - [2026-04-15T02:25:18.411+0000] {dag.py:3089} INFO - Sync 10 DAGs
[2026-04-15T02:25:18.496+0000] {logging_mixin.py:188} INFO - [2026-04-15T02:25:18.495+0000] {dag.py:3947} INFO - Setting next_dagrun for conditional_dataset_and_time_based_timetable to 2026-04-15 01:00:00+00:00, run_after=2026-04-15 01:00:00+00:00
[2026-04-15T02:25:18.505+0000] {logging_mixin.py:188} INFO - [2026-04-15T02:25:18.505+0000] {dag.py:3947} INFO - Setting next_dagrun for consume_1_and_2_with_dataset_expressions to None, run_after=None
[2026-04-15T02:25:18.509+0000] {logging_mixin.py:188} INFO - [2026-04-15T02:25:18.509+0000] {dag.py:3947} INFO - Setting next_dagrun for consume_1_or_2_with_dataset_expressions to None, run_after=None
[2026-04-15T02:25:18.513+0000] {logging_mixin.py:188} INFO - [2026-04-15T02:25:18.512+0000] {dag.py:3947} INFO - Setting next_dagrun for consume_1_or_both_2_and_3_with_dataset_expressions to None, run_after=None
[2026-04-15T02:25:18.516+0000] {logging_mixin.py:188} INFO - [2026-04-15T02:25:18.515+0000] {dag.py:3947} INFO - Setting next_dagrun for dataset_consumes_1 to None, run_after=None
[2026-04-15T02:25:18.521+0000] {logging_mixin.py:188} INFO - [2026-04-15T02:25:18.520+0000] {dag.py:3947} INFO - Setting next_dagrun for dataset_consumes_1_and_2 to None, run_after=None
[2026-04-15T02:25:18.525+0000] {logging_mixin.py:188} INFO - [2026-04-15T02:25:18.524+0000] {dag.py:3947} INFO - Setting next_dagrun for dataset_consumes_1_never_scheduled to None, run_after=None
[2026-04-15T02:25:18.528+0000] {logging_mixin.py:188} INFO - [2026-04-15T02:25:18.528+0000] {dag.py:3947} INFO - Setting next_dagrun for dataset_consumes_unknown_never_scheduled to None, run_after=None
[2026-04-15T02:25:18.534+0000] {logging_mixin.py:188} INFO - [2026-04-15T02:25:18.534+0000] {dag.py:3947} INFO - Setting next_dagrun for dataset_produces_1 to 2026-04-14 00:00:00+00:00, run_after=2026-04-15 00:00:00+00:00
[2026-04-15T02:25:18.538+0000] {logging_mixin.py:188} INFO - [2026-04-15T02:25:18.537+0000] {dag.py:3947} INFO - Setting next_dagrun for dataset_produces_2 to None, run_after=None
[2026-04-15T02:25:18.658+0000] {processor.py:183} INFO - Processing /home/airflow/.local/lib/python3.12/site-packages/airflow/example_dags/example_datasets.py took 0.717 seconds
[2026-04-15T02:25:48.993+0000] {processor.py:161} INFO - Started process (PID=2432) to work on /home/airflow/.local/lib/python3.12/site-packages/airflow/example_dags/example_datasets.py
[2026-04-15T02:25:48.995+0000] {processor.py:830} INFO - Processing file /home/airflow/.local/lib/python3.12/site-packages/airflow/example_dags/example_datasets.py for tasks to queue
[2026-04-15T02:25:49.002+0000] {logging_mixin.py:188} INFO - [2026-04-15T02:25:49.001+0000] {dagbag.py:545} INFO - Filling up the DagBag from /home/airflow/.local/lib/python3.12/site-packages/airflow/example_dags/example_datasets.py
[2026-04-15T02:25:49.056+0000] {processor.py:840} INFO - DAG(s) 'dataset_consumes_1_and_2', 'dataset_consumes_1_never_scheduled', 'dataset_produces_2', 'dataset_produces_1', 'dataset_consumes_1', 'consume_1_and_2_with_dataset_expressions', 'dataset_consumes_unknown_never_scheduled', 'conditional_dataset_and_time_based_timetable', 'consume_1_or_2_with_dataset_expressions', 'consume_1_or_both_2_and_3_with_dataset_expressions' retrieved from /home/airflow/.local/lib/python3.12/site-packages/airflow/example_dags/example_datasets.py
[2026-04-15T02:25:49.206+0000] {logging_mixin.py:188} INFO - [2026-04-15T02:25:49.205+0000] {dag.py:3089} INFO - Sync 10 DAGs
[2026-04-15T02:25:49.285+0000] {logging_mixin.py:188} INFO - [2026-04-15T02:25:49.284+0000] {dag.py:3947} INFO - Setting next_dagrun for conditional_dataset_and_time_based_timetable to 2026-04-15 01:00:00+00:00, run_after=2026-04-15 01:00:00+00:00
[2026-04-15T02:25:49.297+0000] {logging_mixin.py:188} INFO - [2026-04-15T02:25:49.296+0000] {dag.py:3947} INFO - Setting next_dagrun for consume_1_and_2_with_dataset_expressions to None, run_after=None
[2026-04-15T02:25:49.302+0000] {logging_mixin.py:188} INFO - [2026-04-15T02:25:49.302+0000] {dag.py:3947} INFO - Setting next_dagrun for consume_1_or_2_with_dataset_expressions to None, run_after=None
[2026-04-15T02:25:49.306+0000] {logging_mixin.py:188} INFO - [2026-04-15T02:25:49.305+0000] {dag.py:3947} INFO - Setting next_dagrun for consume_1_or_both_2_and_3_with_dataset_expressions to None, run_after=None
[2026-04-15T02:25:49.309+0000] {logging_mixin.py:188} INFO - [2026-04-15T02:25:49.309+0000] {dag.py:3947} INFO - Setting next_dagrun for dataset_consumes_1 to None, run_after=None
[2026-04-15T02:25:49.312+0000] {logging_mixin.py:188} INFO - [2026-04-15T02:25:49.312+0000] {dag.py:3947} INFO - Setting next_dagrun for dataset_consumes_1_and_2 to None, run_after=None
[2026-04-15T02:25:49.315+0000] {logging_mixin.py:188} INFO - [2026-04-15T02:25:49.314+0000] {dag.py:3947} INFO - Setting next_dagrun for dataset_consumes_1_never_scheduled to None, run_after=None
[2026-04-15T02:25:49.318+0000] {logging_mixin.py:188} INFO - [2026-04-15T02:25:49.318+0000] {dag.py:3947} INFO - Setting next_dagrun for dataset_consumes_unknown_never_scheduled to None, run_after=None
[2026-04-15T02:25:49.321+0000] {logging_mixin.py:188} INFO - [2026-04-15T02:25:49.321+0000] {dag.py:3947} INFO - Setting next_dagrun for dataset_produces_1 to 2026-04-14 00:00:00+00:00, run_after=2026-04-15 00:00:00+00:00
[2026-04-15T02:25:49.323+0000] {logging_mixin.py:188} INFO - [2026-04-15T02:25:49.323+0000] {dag.py:3947} INFO - Setting next_dagrun for dataset_produces_2 to None, run_after=None
[2026-04-15T02:25:49.408+0000] {processor.py:183} INFO - Processing /home/airflow/.local/lib/python3.12/site-packages/airflow/example_dags/example_datasets.py took 0.427 seconds
[2026-04-15T02:26:19.911+0000] {processor.py:161} INFO - Started process (PID=2491) to work on /home/airflow/.local/lib/python3.12/site-packages/airflow/example_dags/example_datasets.py
[2026-04-15T02:26:19.914+0000] {processor.py:830} INFO - Processing file /home/airflow/.local/lib/python3.12/site-packages/airflow/example_dags/example_datasets.py for tasks to queue
[2026-04-15T02:26:19.923+0000] {logging_mixin.py:188} INFO - [2026-04-15T02:26:19.922+0000] {dagbag.py:545} INFO - Filling up the DagBag from /home/airflow/.local/lib/python3.12/site-packages/airflow/example_dags/example_datasets.py
[2026-04-15T02:26:19.980+0000] {processor.py:840} INFO - DAG(s) 'dataset_consumes_unknown_never_scheduled', 'consume_1_or_2_with_dataset_expressions', 'consume_1_or_both_2_and_3_with_dataset_expressions', 'dataset_consumes_1', 'dataset_consumes_1_and_2', 'dataset_produces_2', 'consume_1_and_2_with_dataset_expressions', 'dataset_produces_1', 'dataset_consumes_1_never_scheduled', 'conditional_dataset_and_time_based_timetable' retrieved from /home/airflow/.local/lib/python3.12/site-packages/airflow/example_dags/example_datasets.py
[2026-04-15T02:26:20.140+0000] {logging_mixin.py:188} INFO - [2026-04-15T02:26:20.139+0000] {dag.py:3089} INFO - Sync 10 DAGs
[2026-04-15T02:26:20.233+0000] {logging_mixin.py:188} INFO - [2026-04-15T02:26:20.233+0000] {dag.py:3947} INFO - Setting next_dagrun for conditional_dataset_and_time_based_timetable to 2026-04-15 01:00:00+00:00, run_after=2026-04-15 01:00:00+00:00
[2026-04-15T02:26:20.249+0000] {logging_mixin.py:188} INFO - [2026-04-15T02:26:20.248+0000] {dag.py:3947} INFO - Setting next_dagrun for consume_1_and_2_with_dataset_expressions to None, run_after=None
[2026-04-15T02:26:20.255+0000] {logging_mixin.py:188} INFO - [2026-04-15T02:26:20.253+0000] {dag.py:3947} INFO - Setting next_dagrun for consume_1_or_2_with_dataset_expressions to None, run_after=None
[2026-04-15T02:26:20.259+0000] {logging_mixin.py:188} INFO - [2026-04-15T02:26:20.259+0000] {dag.py:3947} INFO - Setting next_dagrun for consume_1_or_both_2_and_3_with_dataset_expressions to None, run_after=None
[2026-04-15T02:26:20.264+0000] {logging_mixin.py:188} INFO - [2026-04-15T02:26:20.263+0000] {dag.py:3947} INFO - Setting next_dagrun for dataset_consumes_1 to None, run_after=None
[2026-04-15T02:26:20.269+0000] {logging_mixin.py:188} INFO - [2026-04-15T02:26:20.268+0000] {dag.py:3947} INFO - Setting next_dagrun for dataset_consumes_1_and_2 to None, run_after=None
[2026-04-15T02:26:20.274+0000] {logging_mixin.py:188} INFO - [2026-04-15T02:26:20.273+0000] {dag.py:3947} INFO - Setting next_dagrun for dataset_consumes_1_never_scheduled to None, run_after=None
[2026-04-15T02:26:20.278+0000] {logging_mixin.py:188} INFO - [2026-04-15T02:26:20.278+0000] {dag.py:3947} INFO - Setting next_dagrun for dataset_consumes_unknown_never_scheduled to None, run_after=None
[2026-04-15T02:26:20.282+0000] {logging_mixin.py:188} INFO - [2026-04-15T02:26:20.282+0000] {dag.py:3947} INFO - Setting next_dagrun for dataset_produces_1 to 2026-04-14 00:00:00+00:00, run_after=2026-04-15 00:00:00+00:00
[2026-04-15T02:26:20.285+0000] {logging_mixin.py:188} INFO - [2026-04-15T02:26:20.284+0000] {dag.py:3947} INFO - Setting next_dagrun for dataset_produces_2 to None, run_after=None
[2026-04-15T02:26:20.411+0000] {processor.py:183} INFO - Processing /home/airflow/.local/lib/python3.12/site-packages/airflow/example_dags/example_datasets.py took 0.513 seconds
[2026-04-15T02:26:51.079+0000] {processor.py:161} INFO - Started process (PID=2551) to work on /home/airflow/.local/lib/python3.12/site-packages/airflow/example_dags/example_datasets.py
[2026-04-15T02:26:51.083+0000] {processor.py:830} INFO - Processing file /home/airflow/.local/lib/python3.12/site-packages/airflow/example_dags/example_datasets.py for tasks to queue
[2026-04-15T02:26:51.089+0000] {logging_mixin.py:188} INFO - [2026-04-15T02:26:51.088+0000] {dagbag.py:545} INFO - Filling up the DagBag from /home/airflow/.local/lib/python3.12/site-packages/airflow/example_dags/example_datasets.py
[2026-04-15T02:26:51.122+0000] {processor.py:840} INFO - DAG(s) 'dataset_consumes_1_never_scheduled', 'dataset_consumes_1_and_2', 'consume_1_and_2_with_dataset_expressions', 'conditional_dataset_and_time_based_timetable', 'dataset_consumes_unknown_never_scheduled', 'dataset_produces_2', 'consume_1_or_both_2_and_3_with_dataset_expressions', 'dataset_consumes_1', 'consume_1_or_2_with_dataset_expressions', 'dataset_produces_1' retrieved from /home/airflow/.local/lib/python3.12/site-packages/airflow/example_dags/example_datasets.py
[2026-04-15T02:26:51.386+0000] {logging_mixin.py:188} INFO - [2026-04-15T02:26:51.386+0000] {dag.py:3089} INFO - Sync 10 DAGs
[2026-04-15T02:26:51.473+0000] {logging_mixin.py:188} INFO - [2026-04-15T02:26:51.472+0000] {dag.py:3947} INFO - Setting next_dagrun for conditional_dataset_and_time_based_timetable to 2026-04-15 01:00:00+00:00, run_after=2026-04-15 01:00:00+00:00
[2026-04-15T02:26:51.482+0000] {logging_mixin.py:188} INFO - [2026-04-15T02:26:51.482+0000] {dag.py:3947} INFO - Setting next_dagrun for consume_1_and_2_with_dataset_expressions to None, run_after=None
[2026-04-15T02:26:51.489+0000] {logging_mixin.py:188} INFO - [2026-04-15T02:26:51.488+0000] {dag.py:3947} INFO - Setting next_dagrun for consume_1_or_2_with_dataset_expressions to None, run_after=None
[2026-04-15T02:26:51.493+0000] {logging_mixin.py:188} INFO - [2026-04-15T02:26:51.493+0000] {dag.py:3947} INFO - Setting next_dagrun for consume_1_or_both_2_and_3_with_dataset_expressions to None, run_after=None
[2026-04-15T02:26:51.498+0000] {logging_mixin.py:188} INFO - [2026-04-15T02:26:51.497+0000] {dag.py:3947} INFO - Setting next_dagrun for dataset_consumes_1 to None, run_after=None
[2026-04-15T02:26:51.503+0000] {logging_mixin.py:188} INFO - [2026-04-15T02:26:51.502+0000] {dag.py:3947} INFO - Setting next_dagrun for dataset_consumes_1_and_2 to None, run_after=None
[2026-04-15T02:26:51.506+0000] {logging_mixin.py:188} INFO - [2026-04-15T02:26:51.506+0000] {dag.py:3947} INFO - Setting next_dagrun for dataset_consumes_1_never_scheduled to None, run_after=None
[2026-04-15T02:26:51.510+0000] {logging_mixin.py:188} INFO - [2026-04-15T02:26:51.509+0000] {dag.py:3947} INFO - Setting next_dagrun for dataset_consumes_unknown_never_scheduled to None, run_after=None
[2026-04-15T02:26:51.519+0000] {logging_mixin.py:188} INFO - [2026-04-15T02:26:51.518+0000] {dag.py:3947} INFO - Setting next_dagrun for dataset_produces_1 to 2026-04-14 00:00:00+00:00, run_after=2026-04-15 00:00:00+00:00
[2026-04-15T02:26:51.523+0000] {logging_mixin.py:188} INFO - [2026-04-15T02:26:51.523+0000] {dag.py:3947} INFO - Setting next_dagrun for dataset_produces_2 to None, run_after=None
[2026-04-15T02:26:51.640+0000] {processor.py:183} INFO - Processing /home/airflow/.local/lib/python3.12/site-packages/airflow/example_dags/example_datasets.py took 0.587 seconds
[2026-04-15T02:27:21.953+0000] {processor.py:161} INFO - Started process (PID=2610) to work on /home/airflow/.local/lib/python3.12/site-packages/airflow/example_dags/example_datasets.py
[2026-04-15T02:27:21.960+0000] {processor.py:830} INFO - Processing file /home/airflow/.local/lib/python3.12/site-packages/airflow/example_dags/example_datasets.py for tasks to queue
[2026-04-15T02:27:21.971+0000] {logging_mixin.py:188} INFO - [2026-04-15T02:27:21.969+0000] {dagbag.py:545} INFO - Filling up the DagBag from /home/airflow/.local/lib/python3.12/site-packages/airflow/example_dags/example_datasets.py
[2026-04-15T02:27:22.011+0000] {processor.py:840} INFO - DAG(s) 'dataset_produces_1', 'dataset_consumes_1', 'dataset_consumes_1_never_scheduled', 'dataset_produces_2', 'consume_1_or_both_2_and_3_with_dataset_expressions', 'conditional_dataset_and_time_based_timetable', 'consume_1_and_2_with_dataset_expressions', 'dataset_consumes_unknown_never_scheduled', 'dataset_consumes_1_and_2', 'consume_1_or_2_with_dataset_expressions' retrieved from /home/airflow/.local/lib/python3.12/site-packages/airflow/example_dags/example_datasets.py
[2026-04-15T02:27:22.125+0000] {logging_mixin.py:188} INFO - [2026-04-15T02:27:22.125+0000] {dag.py:3089} INFO - Sync 10 DAGs
[2026-04-15T02:27:22.208+0000] {logging_mixin.py:188} INFO - [2026-04-15T02:27:22.207+0000] {dag.py:3947} INFO - Setting next_dagrun for conditional_dataset_and_time_based_timetable to 2026-04-15 01:00:00+00:00, run_after=2026-04-15 01:00:00+00:00
[2026-04-15T02:27:22.232+0000] {logging_mixin.py:188} INFO - [2026-04-15T02:27:22.231+0000] {dag.py:3947} INFO - Setting next_dagrun for consume_1_and_2_with_dataset_expressions to None, run_after=None
[2026-04-15T02:27:22.242+0000] {logging_mixin.py:188} INFO - [2026-04-15T02:27:22.241+0000] {dag.py:3947} INFO - Setting next_dagrun for consume_1_or_2_with_dataset_expressions to None, run_after=None
[2026-04-15T02:27:22.250+0000] {logging_mixin.py:188} INFO - [2026-04-15T02:27:22.249+0000] {dag.py:3947} INFO - Setting next_dagrun for consume_1_or_both_2_and_3_with_dataset_expressions to None, run_after=None
[2026-04-15T02:27:22.258+0000] {logging_mixin.py:188} INFO - [2026-04-15T02:27:22.257+0000] {dag.py:3947} INFO - Setting next_dagrun for dataset_consumes_1 to None, run_after=None
[2026-04-15T02:27:22.269+0000] {logging_mixin.py:188} INFO - [2026-04-15T02:27:22.268+0000] {dag.py:3947} INFO - Setting next_dagrun for dataset_consumes_1_and_2 to None, run_after=None
[2026-04-15T02:27:22.276+0000] {logging_mixin.py:188} INFO - [2026-04-15T02:27:22.274+0000] {dag.py:3947} INFO - Setting next_dagrun for dataset_consumes_1_never_scheduled to None, run_after=None
[2026-04-15T02:27:22.284+0000] {logging_mixin.py:188} INFO - [2026-04-15T02:27:22.283+0000] {dag.py:3947} INFO - Setting next_dagrun for dataset_consumes_unknown_never_scheduled to None, run_after=None
[2026-04-15T02:27:22.304+0000] {logging_mixin.py:188} INFO - [2026-04-15T02:27:22.300+0000] {dag.py:3947} INFO - Setting next_dagrun for dataset_produces_1 to 2026-04-14 00:00:00+00:00, run_after=2026-04-15 00:00:00+00:00
[2026-04-15T02:27:22.307+0000] {logging_mixin.py:188} INFO - [2026-04-15T02:27:22.307+0000] {dag.py:3947} INFO - Setting next_dagrun for dataset_produces_2 to None, run_after=None
[2026-04-15T02:27:22.467+0000] {processor.py:183} INFO - Processing /home/airflow/.local/lib/python3.12/site-packages/airflow/example_dags/example_datasets.py took 0.557 seconds
[2026-04-15T02:27:52.787+0000] {processor.py:161} INFO - Started process (PID=2669) to work on /home/airflow/.local/lib/python3.12/site-packages/airflow/example_dags/example_datasets.py
[2026-04-15T02:27:52.793+0000] {processor.py:830} INFO - Processing file /home/airflow/.local/lib/python3.12/site-packages/airflow/example_dags/example_datasets.py for tasks to queue
[2026-04-15T02:27:52.822+0000] {logging_mixin.py:188} INFO - [2026-04-15T02:27:52.819+0000] {dagbag.py:545} INFO - Filling up the DagBag from /home/airflow/.local/lib/python3.12/site-packages/airflow/example_dags/example_datasets.py
[2026-04-15T02:27:52.939+0000] {processor.py:840} INFO - DAG(s) 'dataset_consumes_1_and_2', 'consume_1_or_both_2_and_3_with_dataset_expressions', 'dataset_consumes_1_never_scheduled', 'dataset_produces_2', 'dataset_consumes_unknown_never_scheduled', 'consume_1_and_2_with_dataset_expressions', 'consume_1_or_2_with_dataset_expressions', 'dataset_produces_1', 'dataset_consumes_1', 'conditional_dataset_and_time_based_timetable' retrieved from /home/airflow/.local/lib/python3.12/site-packages/airflow/example_dags/example_datasets.py
[2026-04-15T02:27:53.200+0000] {logging_mixin.py:188} INFO - [2026-04-15T02:27:53.199+0000] {dag.py:3089} INFO - Sync 10 DAGs
[2026-04-15T02:27:53.481+0000] {logging_mixin.py:188} INFO - [2026-04-15T02:27:53.480+0000] {dag.py:3947} INFO - Setting next_dagrun for conditional_dataset_and_time_based_timetable to 2026-04-15 01:00:00+00:00, run_after=2026-04-15 01:00:00+00:00
[2026-04-15T02:27:53.504+0000] {logging_mixin.py:188} INFO - [2026-04-15T02:27:53.500+0000] {dag.py:3947} INFO - Setting next_dagrun for consume_1_and_2_with_dataset_expressions to None, run_after=None
[2026-04-15T02:27:53.509+0000] {logging_mixin.py:188} INFO - [2026-04-15T02:27:53.508+0000] {dag.py:3947} INFO - Setting next_dagrun for consume_1_or_2_with_dataset_expressions to None, run_after=None
[2026-04-15T02:27:53.516+0000] {logging_mixin.py:188} INFO - [2026-04-15T02:27:53.515+0000] {dag.py:3947} INFO - Setting next_dagrun for consume_1_or_both_2_and_3_with_dataset_expressions to None, run_after=None
[2026-04-15T02:27:53.523+0000] {logging_mixin.py:188} INFO - [2026-04-15T02:27:53.522+0000] {dag.py:3947} INFO - Setting next_dagrun for dataset_consumes_1 to None, run_after=None
[2026-04-15T02:27:53.530+0000] {logging_mixin.py:188} INFO - [2026-04-15T02:27:53.528+0000] {dag.py:3947} INFO - Setting next_dagrun for dataset_consumes_1_and_2 to None, run_after=None
[2026-04-15T02:27:53.538+0000] {logging_mixin.py:188} INFO - [2026-04-15T02:27:53.534+0000] {dag.py:3947} INFO - Setting next_dagrun for dataset_consumes_1_never_scheduled to None, run_after=None
[2026-04-15T02:27:53.542+0000] {logging_mixin.py:188} INFO - [2026-04-15T02:27:53.541+0000] {dag.py:3947} INFO - Setting next_dagrun for dataset_consumes_unknown_never_scheduled to None, run_after=None
[2026-04-15T02:27:53.554+0000] {logging_mixin.py:188} INFO - [2026-04-15T02:27:53.553+0000] {dag.py:3947} INFO - Setting next_dagrun for dataset_produces_1 to 2026-04-14 00:00:00+00:00, run_after=2026-04-15 00:00:00+00:00
[2026-04-15T02:27:53.573+0000] {logging_mixin.py:188} INFO - [2026-04-15T02:27:53.572+0000] {dag.py:3947} INFO - Setting next_dagrun for dataset_produces_2 to None, run_after=None
[2026-04-15T02:27:53.945+0000] {processor.py:183} INFO - Processing /home/airflow/.local/lib/python3.12/site-packages/airflow/example_dags/example_datasets.py took 1.258 seconds
[2026-04-15T02:28:24.137+0000] {processor.py:161} INFO - Started process (PID=2728) to work on /home/airflow/.local/lib/python3.12/site-packages/airflow/example_dags/example_datasets.py
[2026-04-15T02:28:24.143+0000] {processor.py:830} INFO - Processing file /home/airflow/.local/lib/python3.12/site-packages/airflow/example_dags/example_datasets.py for tasks to queue
[2026-04-15T02:28:24.151+0000] {logging_mixin.py:188} INFO - [2026-04-15T02:28:24.150+0000] {dagbag.py:545} INFO - Filling up the DagBag from /home/airflow/.local/lib/python3.12/site-packages/airflow/example_dags/example_datasets.py
[2026-04-15T02:28:24.190+0000] {processor.py:840} INFO - DAG(s) 'conditional_dataset_and_time_based_timetable', 'dataset_consumes_unknown_never_scheduled', 'consume_1_or_both_2_and_3_with_dataset_expressions', 'dataset_consumes_1', 'dataset_consumes_1_never_scheduled', 'consume_1_and_2_with_dataset_expressions', 'consume_1_or_2_with_dataset_expressions', 'dataset_produces_2', 'dataset_produces_1', 'dataset_consumes_1_and_2' retrieved from /home/airflow/.local/lib/python3.12/site-packages/airflow/example_dags/example_datasets.py
[2026-04-15T02:28:24.347+0000] {logging_mixin.py:188} INFO - [2026-04-15T02:28:24.346+0000] {dag.py:3089} INFO - Sync 10 DAGs
[2026-04-15T02:28:24.434+0000] {logging_mixin.py:188} INFO - [2026-04-15T02:28:24.433+0000] {dag.py:3947} INFO - Setting next_dagrun for conditional_dataset_and_time_based_timetable to 2026-04-15 01:00:00+00:00, run_after=2026-04-15 01:00:00+00:00
[2026-04-15T02:28:24.448+0000] {logging_mixin.py:188} INFO - [2026-04-15T02:28:24.448+0000] {dag.py:3947} INFO - Setting next_dagrun for consume_1_and_2_with_dataset_expressions to None, run_after=None
[2026-04-15T02:28:24.458+0000] {logging_mixin.py:188} INFO - [2026-04-15T02:28:24.457+0000] {dag.py:3947} INFO - Setting next_dagrun for consume_1_or_2_with_dataset_expressions to None, run_after=None
[2026-04-15T02:28:24.462+0000] {logging_mixin.py:188} INFO - [2026-04-15T02:28:24.461+0000] {dag.py:3947} INFO - Setting next_dagrun for consume_1_or_both_2_and_3_with_dataset_expressions to None, run_after=None
[2026-04-15T02:28:24.465+0000] {logging_mixin.py:188} INFO - [2026-04-15T02:28:24.465+0000] {dag.py:3947} INFO - Setting next_dagrun for dataset_consumes_1 to None, run_after=None
[2026-04-15T02:28:24.469+0000] {logging_mixin.py:188} INFO - [2026-04-15T02:28:24.468+0000] {dag.py:3947} INFO - Setting next_dagrun for dataset_consumes_1_and_2 to None, run_after=None
[2026-04-15T02:28:24.473+0000] {logging_mixin.py:188} INFO - [2026-04-15T02:28:24.473+0000] {dag.py:3947} INFO - Setting next_dagrun for dataset_consumes_1_never_scheduled to None, run_after=None
[2026-04-15T02:28:24.477+0000] {logging_mixin.py:188} INFO - [2026-04-15T02:28:24.477+0000] {dag.py:3947} INFO - Setting next_dagrun for dataset_consumes_unknown_never_scheduled to None, run_after=None
[2026-04-15T02:28:24.487+0000] {logging_mixin.py:188} INFO - [2026-04-15T02:28:24.486+0000] {dag.py:3947} INFO - Setting next_dagrun for dataset_produces_1 to 2026-04-14 00:00:00+00:00, run_after=2026-04-15 00:00:00+00:00
[2026-04-15T02:28:24.491+0000] {logging_mixin.py:188} INFO - [2026-04-15T02:28:24.491+0000] {dag.py:3947} INFO - Setting next_dagrun for dataset_produces_2 to None, run_after=None
[2026-04-15T02:28:24.680+0000] {processor.py:183} INFO - Processing /home/airflow/.local/lib/python3.12/site-packages/airflow/example_dags/example_datasets.py took 0.576 seconds
[2026-04-15T02:28:55.577+0000] {processor.py:161} INFO - Started process (PID=2786) to work on /home/airflow/.local/lib/python3.12/site-packages/airflow/example_dags/example_datasets.py
[2026-04-15T02:28:55.580+0000] {processor.py:830} INFO - Processing file /home/airflow/.local/lib/python3.12/site-packages/airflow/example_dags/example_datasets.py for tasks to queue
[2026-04-15T02:28:55.584+0000] {logging_mixin.py:188} INFO - [2026-04-15T02:28:55.583+0000] {dagbag.py:545} INFO - Filling up the DagBag from /home/airflow/.local/lib/python3.12/site-packages/airflow/example_dags/example_datasets.py
[2026-04-15T02:28:55.632+0000] {processor.py:840} INFO - DAG(s) 'dataset_consumes_1_never_scheduled', 'dataset_consumes_1_and_2', 'dataset_produces_1', 'conditional_dataset_and_time_based_timetable', 'dataset_consumes_1', 'consume_1_or_2_with_dataset_expressions', 'consume_1_or_both_2_and_3_with_dataset_expressions', 'dataset_consumes_unknown_never_scheduled', 'dataset_produces_2', 'consume_1_and_2_with_dataset_expressions' retrieved from /home/airflow/.local/lib/python3.12/site-packages/airflow/example_dags/example_datasets.py
[2026-04-15T02:28:55.771+0000] {logging_mixin.py:188} INFO - [2026-04-15T02:28:55.771+0000] {dag.py:3089} INFO - Sync 10 DAGs
[2026-04-15T02:28:55.837+0000] {logging_mixin.py:188} INFO - [2026-04-15T02:28:55.836+0000] {dag.py:3947} INFO - Setting next_dagrun for conditional_dataset_and_time_based_timetable to 2026-04-15 01:00:00+00:00, run_after=2026-04-15 01:00:00+00:00
[2026-04-15T02:28:55.860+0000] {logging_mixin.py:188} INFO - [2026-04-15T02:28:55.859+0000] {dag.py:3947} INFO - Setting next_dagrun for consume_1_and_2_with_dataset_expressions to None, run_after=None
[2026-04-15T02:28:55.864+0000] {logging_mixin.py:188} INFO - [2026-04-15T02:28:55.863+0000] {dag.py:3947} INFO - Setting next_dagrun for consume_1_or_2_with_dataset_expressions to None, run_after=None
[2026-04-15T02:28:55.866+0000] {logging_mixin.py:188} INFO - [2026-04-15T02:28:55.865+0000] {dag.py:3947} INFO - Setting next_dagrun for consume_1_or_both_2_and_3_with_dataset_expressions to None, run_after=None
[2026-04-15T02:28:55.868+0000] {logging_mixin.py:188} INFO - [2026-04-15T02:28:55.867+0000] {dag.py:3947} INFO - Setting next_dagrun for dataset_consumes_1 to None, run_after=None
[2026-04-15T02:28:55.871+0000] {logging_mixin.py:188} INFO - [2026-04-15T02:28:55.871+0000] {dag.py:3947} INFO - Setting next_dagrun for dataset_consumes_1_and_2 to None, run_after=None
[2026-04-15T02:28:55.874+0000] {logging_mixin.py:188} INFO - [2026-04-15T02:28:55.874+0000] {dag.py:3947} INFO - Setting next_dagrun for dataset_consumes_1_never_scheduled to None, run_after=None
[2026-04-15T02:28:55.877+0000] {logging_mixin.py:188} INFO - [2026-04-15T02:28:55.876+0000] {dag.py:3947} INFO - Setting next_dagrun for dataset_consumes_unknown_never_scheduled to None, run_after=None
[2026-04-15T02:28:55.886+0000] {logging_mixin.py:188} INFO - [2026-04-15T02:28:55.885+0000] {dag.py:3947} INFO - Setting next_dagrun for dataset_produces_1 to 2026-04-14 00:00:00+00:00, run_after=2026-04-15 00:00:00+00:00
[2026-04-15T02:28:55.891+0000] {logging_mixin.py:188} INFO - [2026-04-15T02:28:55.891+0000] {dag.py:3947} INFO - Setting next_dagrun for dataset_produces_2 to None, run_after=None
[2026-04-15T02:28:56.011+0000] {processor.py:183} INFO - Processing /home/airflow/.local/lib/python3.12/site-packages/airflow/example_dags/example_datasets.py took 0.457 seconds
[2026-04-15T02:29:26.755+0000] {processor.py:161} INFO - Started process (PID=2844) to work on /home/airflow/.local/lib/python3.12/site-packages/airflow/example_dags/example_datasets.py
[2026-04-15T02:29:26.764+0000] {processor.py:830} INFO - Processing file /home/airflow/.local/lib/python3.12/site-packages/airflow/example_dags/example_datasets.py for tasks to queue
[2026-04-15T02:29:26.776+0000] {logging_mixin.py:188} INFO - [2026-04-15T02:29:26.774+0000] {dagbag.py:545} INFO - Filling up the DagBag from /home/airflow/.local/lib/python3.12/site-packages/airflow/example_dags/example_datasets.py
[2026-04-15T02:29:26.818+0000] {processor.py:840} INFO - DAG(s) 'consume_1_and_2_with_dataset_expressions', 'dataset_consumes_unknown_never_scheduled', 'conditional_dataset_and_time_based_timetable', 'dataset_consumes_1_and_2', 'dataset_consumes_1_never_scheduled', 'consume_1_or_2_with_dataset_expressions', 'dataset_consumes_1', 'dataset_produces_2', 'dataset_produces_1', 'consume_1_or_both_2_and_3_with_dataset_expressions' retrieved from /home/airflow/.local/lib/python3.12/site-packages/airflow/example_dags/example_datasets.py
[2026-04-15T02:29:26.977+0000] {logging_mixin.py:188} INFO - [2026-04-15T02:29:26.976+0000] {dag.py:3089} INFO - Sync 10 DAGs
[2026-04-15T02:29:27.058+0000] {logging_mixin.py:188} INFO - [2026-04-15T02:29:27.057+0000] {dag.py:3947} INFO - Setting next_dagrun for conditional_dataset_and_time_based_timetable to 2026-04-15 01:00:00+00:00, run_after=2026-04-15 01:00:00+00:00
[2026-04-15T02:29:27.067+0000] {logging_mixin.py:188} INFO - [2026-04-15T02:29:27.066+0000] {dag.py:3947} INFO - Setting next_dagrun for consume_1_and_2_with_dataset_expressions to None, run_after=None
[2026-04-15T02:29:27.070+0000] {logging_mixin.py:188} INFO - [2026-04-15T02:29:27.069+0000] {dag.py:3947} INFO - Setting next_dagrun for consume_1_or_2_with_dataset_expressions to None, run_after=None
[2026-04-15T02:29:27.072+0000] {logging_mixin.py:188} INFO - [2026-04-15T02:29:27.071+0000] {dag.py:3947} INFO - Setting next_dagrun for consume_1_or_both_2_and_3_with_dataset_expressions to None, run_after=None
[2026-04-15T02:29:27.074+0000] {logging_mixin.py:188} INFO - [2026-04-15T02:29:27.074+0000] {dag.py:3947} INFO - Setting next_dagrun for dataset_consumes_1 to None, run_after=None
[2026-04-15T02:29:27.076+0000] {logging_mixin.py:188} INFO - [2026-04-15T02:29:27.076+0000] {dag.py:3947} INFO - Setting next_dagrun for dataset_consumes_1_and_2 to None, run_after=None
[2026-04-15T02:29:27.079+0000] {logging_mixin.py:188} INFO - [2026-04-15T02:29:27.078+0000] {dag.py:3947} INFO - Setting next_dagrun for dataset_consumes_1_never_scheduled to None, run_after=None
[2026-04-15T02:29:27.082+0000] {logging_mixin.py:188} INFO - [2026-04-15T02:29:27.082+0000] {dag.py:3947} INFO - Setting next_dagrun for dataset_consumes_unknown_never_scheduled to None, run_after=None
[2026-04-15T02:29:27.091+0000] {logging_mixin.py:188} INFO - [2026-04-15T02:29:27.090+0000] {dag.py:3947} INFO - Setting next_dagrun for dataset_produces_1 to 2026-04-14 00:00:00+00:00, run_after=2026-04-15 00:00:00+00:00
[2026-04-15T02:29:27.096+0000] {logging_mixin.py:188} INFO - [2026-04-15T02:29:27.095+0000] {dag.py:3947} INFO - Setting next_dagrun for dataset_produces_2 to None, run_after=None
[2026-04-15T02:29:27.220+0000] {processor.py:183} INFO - Processing /home/airflow/.local/lib/python3.12/site-packages/airflow/example_dags/example_datasets.py took 0.478 seconds
[2026-04-15T02:29:57.645+0000] {processor.py:161} INFO - Started process (PID=2903) to work on /home/airflow/.local/lib/python3.12/site-packages/airflow/example_dags/example_datasets.py
[2026-04-15T02:29:57.649+0000] {processor.py:830} INFO - Processing file /home/airflow/.local/lib/python3.12/site-packages/airflow/example_dags/example_datasets.py for tasks to queue
[2026-04-15T02:29:57.671+0000] {logging_mixin.py:188} INFO - [2026-04-15T02:29:57.656+0000] {dagbag.py:545} INFO - Filling up the DagBag from /home/airflow/.local/lib/python3.12/site-packages/airflow/example_dags/example_datasets.py
[2026-04-15T02:29:57.713+0000] {processor.py:840} INFO - DAG(s) 'consume_1_or_both_2_and_3_with_dataset_expressions', 'dataset_consumes_unknown_never_scheduled', 'dataset_consumes_1_and_2', 'dataset_consumes_1_never_scheduled', 'consume_1_and_2_with_dataset_expressions', 'conditional_dataset_and_time_based_timetable', 'dataset_produces_2', 'dataset_produces_1', 'consume_1_or_2_with_dataset_expressions', 'dataset_consumes_1' retrieved from /home/airflow/.local/lib/python3.12/site-packages/airflow/example_dags/example_datasets.py
[2026-04-15T02:29:57.879+0000] {logging_mixin.py:188} INFO - [2026-04-15T02:29:57.879+0000] {dag.py:3089} INFO - Sync 10 DAGs
[2026-04-15T02:29:57.991+0000] {logging_mixin.py:188} INFO - [2026-04-15T02:29:57.991+0000] {dag.py:3947} INFO - Setting next_dagrun for conditional_dataset_and_time_based_timetable to 2026-04-15 01:00:00+00:00, run_after=2026-04-15 01:00:00+00:00
[2026-04-15T02:29:58.000+0000] {logging_mixin.py:188} INFO - [2026-04-15T02:29:57.999+0000] {dag.py:3947} INFO - Setting next_dagrun for consume_1_and_2_with_dataset_expressions to None, run_after=None
[2026-04-15T02:29:58.002+0000] {logging_mixin.py:188} INFO - [2026-04-15T02:29:58.002+0000] {dag.py:3947} INFO - Setting next_dagrun for consume_1_or_2_with_dataset_expressions to None, run_after=None
[2026-04-15T02:29:58.005+0000] {logging_mixin.py:188} INFO - [2026-04-15T02:29:58.005+0000] {dag.py:3947} INFO - Setting next_dagrun for consume_1_or_both_2_and_3_with_dataset_expressions to None, run_after=None
[2026-04-15T02:29:58.008+0000] {logging_mixin.py:188} INFO - [2026-04-15T02:29:58.007+0000] {dag.py:3947} INFO - Setting next_dagrun for dataset_consumes_1 to None, run_after=None
[2026-04-15T02:29:58.010+0000] {logging_mixin.py:188} INFO - [2026-04-15T02:29:58.010+0000] {dag.py:3947} INFO - Setting next_dagrun for dataset_consumes_1_and_2 to None, run_after=None
[2026-04-15T02:29:58.013+0000] {logging_mixin.py:188} INFO - [2026-04-15T02:29:58.012+0000] {dag.py:3947} INFO - Setting next_dagrun for dataset_consumes_1_never_scheduled to None, run_after=None
[2026-04-15T02:29:58.016+0000] {logging_mixin.py:188} INFO - [2026-04-15T02:29:58.016+0000] {dag.py:3947} INFO - Setting next_dagrun for dataset_consumes_unknown_never_scheduled to None, run_after=None
[2026-04-15T02:29:58.021+0000] {logging_mixin.py:188} INFO - [2026-04-15T02:29:58.021+0000] {dag.py:3947} INFO - Setting next_dagrun for dataset_produces_1 to 2026-04-14 00:00:00+00:00, run_after=2026-04-15 00:00:00+00:00
[2026-04-15T02:29:58.024+0000] {logging_mixin.py:188} INFO - [2026-04-15T02:29:58.023+0000] {dag.py:3947} INFO - Setting next_dagrun for dataset_produces_2 to None, run_after=None
[2026-04-15T02:29:58.134+0000] {processor.py:183} INFO - Processing /home/airflow/.local/lib/python3.12/site-packages/airflow/example_dags/example_datasets.py took 0.507 seconds
[2026-04-15T02:30:28.501+0000] {processor.py:161} INFO - Started process (PID=2962) to work on /home/airflow/.local/lib/python3.12/site-packages/airflow/example_dags/example_datasets.py
[2026-04-15T02:30:28.507+0000] {processor.py:830} INFO - Processing file /home/airflow/.local/lib/python3.12/site-packages/airflow/example_dags/example_datasets.py for tasks to queue
[2026-04-15T02:30:28.514+0000] {logging_mixin.py:188} INFO - [2026-04-15T02:30:28.512+0000] {dagbag.py:545} INFO - Filling up the DagBag from /home/airflow/.local/lib/python3.12/site-packages/airflow/example_dags/example_datasets.py
[2026-04-15T02:30:28.556+0000] {processor.py:840} INFO - DAG(s) 'conditional_dataset_and_time_based_timetable', 'consume_1_or_both_2_and_3_with_dataset_expressions', 'dataset_consumes_1', 'dataset_produces_1', 'consume_1_and_2_with_dataset_expressions', 'dataset_consumes_unknown_never_scheduled', 'consume_1_or_2_with_dataset_expressions', 'dataset_consumes_1_never_scheduled', 'dataset_consumes_1_and_2', 'dataset_produces_2' retrieved from /home/airflow/.local/lib/python3.12/site-packages/airflow/example_dags/example_datasets.py
[2026-04-15T02:30:28.698+0000] {logging_mixin.py:188} INFO - [2026-04-15T02:30:28.698+0000] {dag.py:3089} INFO - Sync 10 DAGs
[2026-04-15T02:30:28.780+0000] {logging_mixin.py:188} INFO - [2026-04-15T02:30:28.779+0000] {dag.py:3947} INFO - Setting next_dagrun for conditional_dataset_and_time_based_timetable to 2026-04-15 01:00:00+00:00, run_after=2026-04-15 01:00:00+00:00
[2026-04-15T02:30:28.789+0000] {logging_mixin.py:188} INFO - [2026-04-15T02:30:28.788+0000] {dag.py:3947} INFO - Setting next_dagrun for consume_1_and_2_with_dataset_expressions to None, run_after=None
[2026-04-15T02:30:28.792+0000] {logging_mixin.py:188} INFO - [2026-04-15T02:30:28.792+0000] {dag.py:3947} INFO - Setting next_dagrun for consume_1_or_2_with_dataset_expressions to None, run_after=None
[2026-04-15T02:30:28.795+0000] {logging_mixin.py:188} INFO - [2026-04-15T02:30:28.794+0000] {dag.py:3947} INFO - Setting next_dagrun for consume_1_or_both_2_and_3_with_dataset_expressions to None, run_after=None
[2026-04-15T02:30:28.798+0000] {logging_mixin.py:188} INFO - [2026-04-15T02:30:28.797+0000] {dag.py:3947} INFO - Setting next_dagrun for dataset_consumes_1 to None, run_after=None
[2026-04-15T02:30:28.801+0000] {logging_mixin.py:188} INFO - [2026-04-15T02:30:28.800+0000] {dag.py:3947} INFO - Setting next_dagrun for dataset_consumes_1_and_2 to None, run_after=None
[2026-04-15T02:30:28.804+0000] {logging_mixin.py:188} INFO - [2026-04-15T02:30:28.803+0000] {dag.py:3947} INFO - Setting next_dagrun for dataset_consumes_1_never_scheduled to None, run_after=None
[2026-04-15T02:30:28.807+0000] {logging_mixin.py:188} INFO - [2026-04-15T02:30:28.806+0000] {dag.py:3947} INFO - Setting next_dagrun for dataset_consumes_unknown_never_scheduled to None, run_after=None
[2026-04-15T02:30:28.812+0000] {logging_mixin.py:188} INFO - [2026-04-15T02:30:28.812+0000] {dag.py:3947} INFO - Setting next_dagrun for dataset_produces_1 to 2026-04-14 00:00:00+00:00, run_after=2026-04-15 00:00:00+00:00
[2026-04-15T02:30:28.815+0000] {logging_mixin.py:188} INFO - [2026-04-15T02:30:28.815+0000] {dag.py:3947} INFO - Setting next_dagrun for dataset_produces_2 to None, run_after=None
[2026-04-15T02:30:28.915+0000] {processor.py:183} INFO - Processing /home/airflow/.local/lib/python3.12/site-packages/airflow/example_dags/example_datasets.py took 0.429 seconds
[2026-04-15T02:30:59.607+0000] {processor.py:161} INFO - Started process (PID=3021) to work on /home/airflow/.local/lib/python3.12/site-packages/airflow/example_dags/example_datasets.py
[2026-04-15T02:30:59.611+0000] {processor.py:830} INFO - Processing file /home/airflow/.local/lib/python3.12/site-packages/airflow/example_dags/example_datasets.py for tasks to queue
[2026-04-15T02:30:59.618+0000] {logging_mixin.py:188} INFO - [2026-04-15T02:30:59.616+0000] {dagbag.py:545} INFO - Filling up the DagBag from /home/airflow/.local/lib/python3.12/site-packages/airflow/example_dags/example_datasets.py
[2026-04-15T02:30:59.662+0000] {processor.py:840} INFO - DAG(s) 'dataset_consumes_1', 'consume_1_or_2_with_dataset_expressions', 'dataset_consumes_1_never_scheduled', 'consume_1_or_both_2_and_3_with_dataset_expressions', 'consume_1_and_2_with_dataset_expressions', 'conditional_dataset_and_time_based_timetable', 'dataset_produces_1', 'dataset_consumes_1_and_2', 'dataset_consumes_unknown_never_scheduled', 'dataset_produces_2' retrieved from /home/airflow/.local/lib/python3.12/site-packages/airflow/example_dags/example_datasets.py
[2026-04-15T02:30:59.766+0000] {logging_mixin.py:188} INFO - [2026-04-15T02:30:59.765+0000] {dag.py:3089} INFO - Sync 10 DAGs
[2026-04-15T02:30:59.828+0000] {logging_mixin.py:188} INFO - [2026-04-15T02:30:59.827+0000] {dag.py:3947} INFO - Setting next_dagrun for conditional_dataset_and_time_based_timetable to 2026-04-15 01:00:00+00:00, run_after=2026-04-15 01:00:00+00:00
[2026-04-15T02:30:59.834+0000] {logging_mixin.py:188} INFO - [2026-04-15T02:30:59.834+0000] {dag.py:3947} INFO - Setting next_dagrun for consume_1_and_2_with_dataset_expressions to None, run_after=None
[2026-04-15T02:30:59.836+0000] {logging_mixin.py:188} INFO - [2026-04-15T02:30:59.836+0000] {dag.py:3947} INFO - Setting next_dagrun for consume_1_or_2_with_dataset_expressions to None, run_after=None
[2026-04-15T02:30:59.838+0000] {logging_mixin.py:188} INFO - [2026-04-15T02:30:59.838+0000] {dag.py:3947} INFO - Setting next_dagrun for consume_1_or_both_2_and_3_with_dataset_expressions to None, run_after=None
[2026-04-15T02:30:59.840+0000] {logging_mixin.py:188} INFO - [2026-04-15T02:30:59.840+0000] {dag.py:3947} INFO - Setting next_dagrun for dataset_consumes_1 to None, run_after=None
[2026-04-15T02:30:59.842+0000] {logging_mixin.py:188} INFO - [2026-04-15T02:30:59.842+0000] {dag.py:3947} INFO - Setting next_dagrun for dataset_consumes_1_and_2 to None, run_after=None
[2026-04-15T02:30:59.844+0000] {logging_mixin.py:188} INFO - [2026-04-15T02:30:59.844+0000] {dag.py:3947} INFO - Setting next_dagrun for dataset_consumes_1_never_scheduled to None, run_after=None
[2026-04-15T02:30:59.846+0000] {logging_mixin.py:188} INFO - [2026-04-15T02:30:59.846+0000] {dag.py:3947} INFO - Setting next_dagrun for dataset_consumes_unknown_never_scheduled to None, run_after=None
[2026-04-15T02:30:59.851+0000] {logging_mixin.py:188} INFO - [2026-04-15T02:30:59.851+0000] {dag.py:3947} INFO - Setting next_dagrun for dataset_produces_1 to 2026-04-14 00:00:00+00:00, run_after=2026-04-15 00:00:00+00:00
[2026-04-15T02:30:59.854+0000] {logging_mixin.py:188} INFO - [2026-04-15T02:30:59.853+0000] {dag.py:3947} INFO - Setting next_dagrun for dataset_produces_2 to None, run_after=None
[2026-04-15T02:30:59.929+0000] {processor.py:183} INFO - Processing /home/airflow/.local/lib/python3.12/site-packages/airflow/example_dags/example_datasets.py took 0.342 seconds
[2026-04-15T02:31:30.087+0000] {processor.py:161} INFO - Started process (PID=3080) to work on /home/airflow/.local/lib/python3.12/site-packages/airflow/example_dags/example_datasets.py
[2026-04-15T02:31:30.090+0000] {processor.py:830} INFO - Processing file /home/airflow/.local/lib/python3.12/site-packages/airflow/example_dags/example_datasets.py for tasks to queue
[2026-04-15T02:31:30.100+0000] {logging_mixin.py:188} INFO - [2026-04-15T02:31:30.099+0000] {dagbag.py:545} INFO - Filling up the DagBag from /home/airflow/.local/lib/python3.12/site-packages/airflow/example_dags/example_datasets.py
[2026-04-15T02:31:30.142+0000] {processor.py:840} INFO - DAG(s) 'dataset_consumes_1', 'dataset_consumes_1_never_scheduled', 'consume_1_and_2_with_dataset_expressions', 'conditional_dataset_and_time_based_timetable', 'dataset_consumes_unknown_never_scheduled', 'dataset_produces_1', 'consume_1_or_both_2_and_3_with_dataset_expressions', 'dataset_consumes_1_and_2', 'consume_1_or_2_with_dataset_expressions', 'dataset_produces_2' retrieved from /home/airflow/.local/lib/python3.12/site-packages/airflow/example_dags/example_datasets.py
[2026-04-15T02:31:30.273+0000] {logging_mixin.py:188} INFO - [2026-04-15T02:31:30.272+0000] {dag.py:3089} INFO - Sync 10 DAGs
[2026-04-15T02:31:30.368+0000] {logging_mixin.py:188} INFO - [2026-04-15T02:31:30.367+0000] {dag.py:3947} INFO - Setting next_dagrun for conditional_dataset_and_time_based_timetable to 2026-04-15 01:00:00+00:00, run_after=2026-04-15 01:00:00+00:00
[2026-04-15T02:31:30.380+0000] {logging_mixin.py:188} INFO - [2026-04-15T02:31:30.379+0000] {dag.py:3947} INFO - Setting next_dagrun for consume_1_and_2_with_dataset_expressions to None, run_after=None
[2026-04-15T02:31:30.384+0000] {logging_mixin.py:188} INFO - [2026-04-15T02:31:30.383+0000] {dag.py:3947} INFO - Setting next_dagrun for consume_1_or_2_with_dataset_expressions to None, run_after=None
[2026-04-15T02:31:30.387+0000] {logging_mixin.py:188} INFO - [2026-04-15T02:31:30.387+0000] {dag.py:3947} INFO - Setting next_dagrun for consume_1_or_both_2_and_3_with_dataset_expressions to None, run_after=None
[2026-04-15T02:31:30.391+0000] {logging_mixin.py:188} INFO - [2026-04-15T02:31:30.390+0000] {dag.py:3947} INFO - Setting next_dagrun for dataset_consumes_1 to None, run_after=None
[2026-04-15T02:31:30.393+0000] {logging_mixin.py:188} INFO - [2026-04-15T02:31:30.393+0000] {dag.py:3947} INFO - Setting next_dagrun for dataset_consumes_1_and_2 to None, run_after=None
[2026-04-15T02:31:30.396+0000] {logging_mixin.py:188} INFO - [2026-04-15T02:31:30.396+0000] {dag.py:3947} INFO - Setting next_dagrun for dataset_consumes_1_never_scheduled to None, run_after=None
[2026-04-15T02:31:30.399+0000] {logging_mixin.py:188} INFO - [2026-04-15T02:31:30.398+0000] {dag.py:3947} INFO - Setting next_dagrun for dataset_consumes_unknown_never_scheduled to None, run_after=None
[2026-04-15T02:31:30.408+0000] {logging_mixin.py:188} INFO - [2026-04-15T02:31:30.407+0000] {dag.py:3947} INFO - Setting next_dagrun for dataset_produces_1 to 2026-04-14 00:00:00+00:00, run_after=2026-04-15 00:00:00+00:00
[2026-04-15T02:31:30.412+0000] {logging_mixin.py:188} INFO - [2026-04-15T02:31:30.411+0000] {dag.py:3947} INFO - Setting next_dagrun for dataset_produces_2 to None, run_after=None
[2026-04-15T02:31:30.510+0000] {processor.py:183} INFO - Processing /home/airflow/.local/lib/python3.12/site-packages/airflow/example_dags/example_datasets.py took 0.436 seconds
[2026-04-15T02:32:00.799+0000] {processor.py:161} INFO - Started process (PID=3140) to work on /home/airflow/.local/lib/python3.12/site-packages/airflow/example_dags/example_datasets.py
[2026-04-15T02:32:00.803+0000] {processor.py:830} INFO - Processing file /home/airflow/.local/lib/python3.12/site-packages/airflow/example_dags/example_datasets.py for tasks to queue
[2026-04-15T02:32:00.821+0000] {logging_mixin.py:188} INFO - [2026-04-15T02:32:00.818+0000] {dagbag.py:545} INFO - Filling up the DagBag from /home/airflow/.local/lib/python3.12/site-packages/airflow/example_dags/example_datasets.py
[2026-04-15T02:32:00.886+0000] {processor.py:840} INFO - DAG(s) 'consume_1_and_2_with_dataset_expressions', 'dataset_consumes_1_and_2', 'dataset_produces_2', 'dataset_consumes_1_never_scheduled', 'dataset_produces_1', 'consume_1_or_both_2_and_3_with_dataset_expressions', 'dataset_consumes_unknown_never_scheduled', 'dataset_consumes_1', 'consume_1_or_2_with_dataset_expressions', 'conditional_dataset_and_time_based_timetable' retrieved from /home/airflow/.local/lib/python3.12/site-packages/airflow/example_dags/example_datasets.py
[2026-04-15T02:32:01.001+0000] {logging_mixin.py:188} INFO - [2026-04-15T02:32:01.000+0000] {dag.py:3089} INFO - Sync 10 DAGs
[2026-04-15T02:32:01.084+0000] {logging_mixin.py:188} INFO - [2026-04-15T02:32:01.083+0000] {dag.py:3947} INFO - Setting next_dagrun for conditional_dataset_and_time_based_timetable to 2026-04-15 01:00:00+00:00, run_after=2026-04-15 01:00:00+00:00
[2026-04-15T02:32:01.094+0000] {logging_mixin.py:188} INFO - [2026-04-15T02:32:01.093+0000] {dag.py:3947} INFO - Setting next_dagrun for consume_1_and_2_with_dataset_expressions to None, run_after=None
[2026-04-15T02:32:01.096+0000] {logging_mixin.py:188} INFO - [2026-04-15T02:32:01.096+0000] {dag.py:3947} INFO - Setting next_dagrun for consume_1_or_2_with_dataset_expressions to None, run_after=None
[2026-04-15T02:32:01.098+0000] {logging_mixin.py:188} INFO - [2026-04-15T02:32:01.098+0000] {dag.py:3947} INFO - Setting next_dagrun for consume_1_or_both_2_and_3_with_dataset_expressions to None, run_after=None
[2026-04-15T02:32:01.102+0000] {logging_mixin.py:188} INFO - [2026-04-15T02:32:01.101+0000] {dag.py:3947} INFO - Setting next_dagrun for dataset_consumes_1 to None, run_after=None
[2026-04-15T02:32:01.106+0000] {logging_mixin.py:188} INFO - [2026-04-15T02:32:01.105+0000] {dag.py:3947} INFO - Setting next_dagrun for dataset_consumes_1_and_2 to None, run_after=None
[2026-04-15T02:32:01.109+0000] {logging_mixin.py:188} INFO - [2026-04-15T02:32:01.109+0000] {dag.py:3947} INFO - Setting next_dagrun for dataset_consumes_1_never_scheduled to None, run_after=None
[2026-04-15T02:32:01.113+0000] {logging_mixin.py:188} INFO - [2026-04-15T02:32:01.112+0000] {dag.py:3947} INFO - Setting next_dagrun for dataset_consumes_unknown_never_scheduled to None, run_after=None
[2026-04-15T02:32:01.122+0000] {logging_mixin.py:188} INFO - [2026-04-15T02:32:01.122+0000] {dag.py:3947} INFO - Setting next_dagrun for dataset_produces_1 to 2026-04-14 00:00:00+00:00, run_after=2026-04-15 00:00:00+00:00
[2026-04-15T02:32:01.127+0000] {logging_mixin.py:188} INFO - [2026-04-15T02:32:01.126+0000] {dag.py:3947} INFO - Setting next_dagrun for dataset_produces_2 to None, run_after=None
[2026-04-15T02:32:01.220+0000] {processor.py:183} INFO - Processing /home/airflow/.local/lib/python3.12/site-packages/airflow/example_dags/example_datasets.py took 0.445 seconds
[2026-04-15T02:32:31.354+0000] {processor.py:161} INFO - Started process (PID=3205) to work on /home/airflow/.local/lib/python3.12/site-packages/airflow/example_dags/example_datasets.py
[2026-04-15T02:32:31.369+0000] {processor.py:830} INFO - Processing file /home/airflow/.local/lib/python3.12/site-packages/airflow/example_dags/example_datasets.py for tasks to queue
[2026-04-15T02:32:31.375+0000] {logging_mixin.py:188} INFO - [2026-04-15T02:32:31.374+0000] {dagbag.py:545} INFO - Filling up the DagBag from /home/airflow/.local/lib/python3.12/site-packages/airflow/example_dags/example_datasets.py
[2026-04-15T02:32:31.484+0000] {processor.py:840} INFO - DAG(s) 'conditional_dataset_and_time_based_timetable', 'dataset_produces_2', 'dataset_consumes_1_never_scheduled', 'consume_1_and_2_with_dataset_expressions', 'dataset_produces_1', 'dataset_consumes_1_and_2', 'dataset_consumes_unknown_never_scheduled', 'dataset_consumes_1', 'consume_1_or_2_with_dataset_expressions', 'consume_1_or_both_2_and_3_with_dataset_expressions' retrieved from /home/airflow/.local/lib/python3.12/site-packages/airflow/example_dags/example_datasets.py
[2026-04-15T02:32:31.612+0000] {logging_mixin.py:188} INFO - [2026-04-15T02:32:31.612+0000] {dag.py:3089} INFO - Sync 10 DAGs
[2026-04-15T02:32:31.679+0000] {logging_mixin.py:188} INFO - [2026-04-15T02:32:31.678+0000] {dag.py:3947} INFO - Setting next_dagrun for conditional_dataset_and_time_based_timetable to 2026-04-15 01:00:00+00:00, run_after=2026-04-15 01:00:00+00:00
[2026-04-15T02:32:31.691+0000] {logging_mixin.py:188} INFO - [2026-04-15T02:32:31.690+0000] {dag.py:3947} INFO - Setting next_dagrun for consume_1_and_2_with_dataset_expressions to None, run_after=None
[2026-04-15T02:32:31.693+0000] {logging_mixin.py:188} INFO - [2026-04-15T02:32:31.692+0000] {dag.py:3947} INFO - Setting next_dagrun for consume_1_or_2_with_dataset_expressions to None, run_after=None
[2026-04-15T02:32:31.694+0000] {logging_mixin.py:188} INFO - [2026-04-15T02:32:31.694+0000] {dag.py:3947} INFO - Setting next_dagrun for consume_1_or_both_2_and_3_with_dataset_expressions to None, run_after=None
[2026-04-15T02:32:31.697+0000] {logging_mixin.py:188} INFO - [2026-04-15T02:32:31.697+0000] {dag.py:3947} INFO - Setting next_dagrun for dataset_consumes_1 to None, run_after=None
[2026-04-15T02:32:31.701+0000] {logging_mixin.py:188} INFO - [2026-04-15T02:32:31.700+0000] {dag.py:3947} INFO - Setting next_dagrun for dataset_consumes_1_and_2 to None, run_after=None
[2026-04-15T02:32:31.704+0000] {logging_mixin.py:188} INFO - [2026-04-15T02:32:31.703+0000] {dag.py:3947} INFO - Setting next_dagrun for dataset_consumes_1_never_scheduled to None, run_after=None
[2026-04-15T02:32:31.707+0000] {logging_mixin.py:188} INFO - [2026-04-15T02:32:31.706+0000] {dag.py:3947} INFO - Setting next_dagrun for dataset_consumes_unknown_never_scheduled to None, run_after=None
[2026-04-15T02:32:31.711+0000] {logging_mixin.py:188} INFO - [2026-04-15T02:32:31.711+0000] {dag.py:3947} INFO - Setting next_dagrun for dataset_produces_1 to 2026-04-14 00:00:00+00:00, run_after=2026-04-15 00:00:00+00:00
[2026-04-15T02:32:31.714+0000] {logging_mixin.py:188} INFO - [2026-04-15T02:32:31.714+0000] {dag.py:3947} INFO - Setting next_dagrun for dataset_produces_2 to None, run_after=None
[2026-04-15T02:32:31.815+0000] {processor.py:183} INFO - Processing /home/airflow/.local/lib/python3.12/site-packages/airflow/example_dags/example_datasets.py took 0.492 seconds
[2026-04-15T02:33:01.906+0000] {processor.py:161} INFO - Started process (PID=3263) to work on /home/airflow/.local/lib/python3.12/site-packages/airflow/example_dags/example_datasets.py
[2026-04-15T02:33:01.910+0000] {processor.py:830} INFO - Processing file /home/airflow/.local/lib/python3.12/site-packages/airflow/example_dags/example_datasets.py for tasks to queue
[2026-04-15T02:33:01.913+0000] {logging_mixin.py:188} INFO - [2026-04-15T02:33:01.913+0000] {dagbag.py:545} INFO - Filling up the DagBag from /home/airflow/.local/lib/python3.12/site-packages/airflow/example_dags/example_datasets.py
[2026-04-15T02:33:01.964+0000] {processor.py:840} INFO - DAG(s) 'dataset_consumes_unknown_never_scheduled', 'consume_1_or_both_2_and_3_with_dataset_expressions', 'dataset_produces_2', 'dataset_consumes_1_and_2', 'dataset_consumes_1_never_scheduled', 'conditional_dataset_and_time_based_timetable', 'dataset_produces_1', 'consume_1_or_2_with_dataset_expressions', 'consume_1_and_2_with_dataset_expressions', 'dataset_consumes_1' retrieved from /home/airflow/.local/lib/python3.12/site-packages/airflow/example_dags/example_datasets.py
[2026-04-15T02:33:02.089+0000] {logging_mixin.py:188} INFO - [2026-04-15T02:33:02.089+0000] {dag.py:3089} INFO - Sync 10 DAGs
[2026-04-15T02:33:02.157+0000] {logging_mixin.py:188} INFO - [2026-04-15T02:33:02.156+0000] {dag.py:3947} INFO - Setting next_dagrun for conditional_dataset_and_time_based_timetable to 2026-04-15 01:00:00+00:00, run_after=2026-04-15 01:00:00+00:00
[2026-04-15T02:33:02.165+0000] {logging_mixin.py:188} INFO - [2026-04-15T02:33:02.165+0000] {dag.py:3947} INFO - Setting next_dagrun for consume_1_and_2_with_dataset_expressions to None, run_after=None
[2026-04-15T02:33:02.168+0000] {logging_mixin.py:188} INFO - [2026-04-15T02:33:02.168+0000] {dag.py:3947} INFO - Setting next_dagrun for consume_1_or_2_with_dataset_expressions to None, run_after=None
[2026-04-15T02:33:02.170+0000] {logging_mixin.py:188} INFO - [2026-04-15T02:33:02.170+0000] {dag.py:3947} INFO - Setting next_dagrun for consume_1_or_both_2_and_3_with_dataset_expressions to None, run_after=None
[2026-04-15T02:33:02.173+0000] {logging_mixin.py:188} INFO - [2026-04-15T02:33:02.173+0000] {dag.py:3947} INFO - Setting next_dagrun for dataset_consumes_1 to None, run_after=None
[2026-04-15T02:33:02.175+0000] {logging_mixin.py:188} INFO - [2026-04-15T02:33:02.175+0000] {dag.py:3947} INFO - Setting next_dagrun for dataset_consumes_1_and_2 to None, run_after=None
[2026-04-15T02:33:02.179+0000] {logging_mixin.py:188} INFO - [2026-04-15T02:33:02.178+0000] {dag.py:3947} INFO - Setting next_dagrun for dataset_consumes_1_never_scheduled to None, run_after=None
[2026-04-15T02:33:02.181+0000] {logging_mixin.py:188} INFO - [2026-04-15T02:33:02.181+0000] {dag.py:3947} INFO - Setting next_dagrun for dataset_consumes_unknown_never_scheduled to None, run_after=None
[2026-04-15T02:33:02.188+0000] {logging_mixin.py:188} INFO - [2026-04-15T02:33:02.187+0000] {dag.py:3947} INFO - Setting next_dagrun for dataset_produces_1 to 2026-04-14 00:00:00+00:00, run_after=2026-04-15 00:00:00+00:00
[2026-04-15T02:33:02.192+0000] {logging_mixin.py:188} INFO - [2026-04-15T02:33:02.191+0000] {dag.py:3947} INFO - Setting next_dagrun for dataset_produces_2 to None, run_after=None
[2026-04-15T02:33:02.279+0000] {processor.py:183} INFO - Processing /home/airflow/.local/lib/python3.12/site-packages/airflow/example_dags/example_datasets.py took 0.385 seconds
[2026-04-15T02:33:32.620+0000] {processor.py:161} INFO - Started process (PID=3321) to work on /home/airflow/.local/lib/python3.12/site-packages/airflow/example_dags/example_datasets.py
[2026-04-15T02:33:32.630+0000] {processor.py:830} INFO - Processing file /home/airflow/.local/lib/python3.12/site-packages/airflow/example_dags/example_datasets.py for tasks to queue
[2026-04-15T02:33:32.638+0000] {logging_mixin.py:188} INFO - [2026-04-15T02:33:32.637+0000] {dagbag.py:545} INFO - Filling up the DagBag from /home/airflow/.local/lib/python3.12/site-packages/airflow/example_dags/example_datasets.py
[2026-04-15T02:33:32.682+0000] {processor.py:840} INFO - DAG(s) 'dataset_produces_2', 'dataset_consumes_1_never_scheduled', 'conditional_dataset_and_time_based_timetable', 'consume_1_and_2_with_dataset_expressions', 'dataset_consumes_1', 'dataset_consumes_unknown_never_scheduled', 'dataset_produces_1', 'consume_1_or_2_with_dataset_expressions', 'dataset_consumes_1_and_2', 'consume_1_or_both_2_and_3_with_dataset_expressions' retrieved from /home/airflow/.local/lib/python3.12/site-packages/airflow/example_dags/example_datasets.py
[2026-04-15T02:33:32.801+0000] {logging_mixin.py:188} INFO - [2026-04-15T02:33:32.800+0000] {dag.py:3089} INFO - Sync 10 DAGs
[2026-04-15T02:33:32.867+0000] {logging_mixin.py:188} INFO - [2026-04-15T02:33:32.867+0000] {dag.py:3947} INFO - Setting next_dagrun for conditional_dataset_and_time_based_timetable to 2026-04-15 01:00:00+00:00, run_after=2026-04-15 01:00:00+00:00
[2026-04-15T02:33:32.874+0000] {logging_mixin.py:188} INFO - [2026-04-15T02:33:32.873+0000] {dag.py:3947} INFO - Setting next_dagrun for consume_1_and_2_with_dataset_expressions to None, run_after=None
[2026-04-15T02:33:32.877+0000] {logging_mixin.py:188} INFO - [2026-04-15T02:33:32.876+0000] {dag.py:3947} INFO - Setting next_dagrun for consume_1_or_2_with_dataset_expressions to None, run_after=None
[2026-04-15T02:33:32.880+0000] {logging_mixin.py:188} INFO - [2026-04-15T02:33:32.879+0000] {dag.py:3947} INFO - Setting next_dagrun for consume_1_or_both_2_and_3_with_dataset_expressions to None, run_after=None
[2026-04-15T02:33:32.885+0000] {logging_mixin.py:188} INFO - [2026-04-15T02:33:32.885+0000] {dag.py:3947} INFO - Setting next_dagrun for dataset_consumes_1 to None, run_after=None
[2026-04-15T02:33:32.892+0000] {logging_mixin.py:188} INFO - [2026-04-15T02:33:32.891+0000] {dag.py:3947} INFO - Setting next_dagrun for dataset_consumes_1_and_2 to None, run_after=None
[2026-04-15T02:33:32.897+0000] {logging_mixin.py:188} INFO - [2026-04-15T02:33:32.897+0000] {dag.py:3947} INFO - Setting next_dagrun for dataset_consumes_1_never_scheduled to None, run_after=None
[2026-04-15T02:33:32.903+0000] {logging_mixin.py:188} INFO - [2026-04-15T02:33:32.903+0000] {dag.py:3947} INFO - Setting next_dagrun for dataset_consumes_unknown_never_scheduled to None, run_after=None
[2026-04-15T02:33:32.913+0000] {logging_mixin.py:188} INFO - [2026-04-15T02:33:32.912+0000] {dag.py:3947} INFO - Setting next_dagrun for dataset_produces_1 to 2026-04-14 00:00:00+00:00, run_after=2026-04-15 00:00:00+00:00
[2026-04-15T02:33:32.917+0000] {logging_mixin.py:188} INFO - [2026-04-15T02:33:32.916+0000] {dag.py:3947} INFO - Setting next_dagrun for dataset_produces_2 to None, run_after=None
[2026-04-15T02:33:33.001+0000] {processor.py:183} INFO - Processing /home/airflow/.local/lib/python3.12/site-packages/airflow/example_dags/example_datasets.py took 0.405 seconds
[2026-04-15T02:34:03.515+0000] {processor.py:161} INFO - Started process (PID=3381) to work on /home/airflow/.local/lib/python3.12/site-packages/airflow/example_dags/example_datasets.py
[2026-04-15T02:34:03.527+0000] {processor.py:830} INFO - Processing file /home/airflow/.local/lib/python3.12/site-packages/airflow/example_dags/example_datasets.py for tasks to queue
[2026-04-15T02:34:03.533+0000] {logging_mixin.py:188} INFO - [2026-04-15T02:34:03.532+0000] {dagbag.py:545} INFO - Filling up the DagBag from /home/airflow/.local/lib/python3.12/site-packages/airflow/example_dags/example_datasets.py
[2026-04-15T02:34:03.572+0000] {processor.py:840} INFO - DAG(s) 'consume_1_or_2_with_dataset_expressions', 'dataset_consumes_1', 'consume_1_or_both_2_and_3_with_dataset_expressions', 'dataset_produces_2', 'consume_1_and_2_with_dataset_expressions', 'dataset_produces_1', 'dataset_consumes_1_and_2', 'conditional_dataset_and_time_based_timetable', 'dataset_consumes_unknown_never_scheduled', 'dataset_consumes_1_never_scheduled' retrieved from /home/airflow/.local/lib/python3.12/site-packages/airflow/example_dags/example_datasets.py
[2026-04-15T02:34:03.682+0000] {logging_mixin.py:188} INFO - [2026-04-15T02:34:03.681+0000] {dag.py:3089} INFO - Sync 10 DAGs
[2026-04-15T02:34:03.744+0000] {logging_mixin.py:188} INFO - [2026-04-15T02:34:03.744+0000] {dag.py:3947} INFO - Setting next_dagrun for conditional_dataset_and_time_based_timetable to 2026-04-15 01:00:00+00:00, run_after=2026-04-15 01:00:00+00:00
[2026-04-15T02:34:03.752+0000] {logging_mixin.py:188} INFO - [2026-04-15T02:34:03.752+0000] {dag.py:3947} INFO - Setting next_dagrun for consume_1_and_2_with_dataset_expressions to None, run_after=None
[2026-04-15T02:34:03.755+0000] {logging_mixin.py:188} INFO - [2026-04-15T02:34:03.754+0000] {dag.py:3947} INFO - Setting next_dagrun for consume_1_or_2_with_dataset_expressions to None, run_after=None
[2026-04-15T02:34:03.758+0000] {logging_mixin.py:188} INFO - [2026-04-15T02:34:03.757+0000] {dag.py:3947} INFO - Setting next_dagrun for consume_1_or_both_2_and_3_with_dataset_expressions to None, run_after=None
[2026-04-15T02:34:03.761+0000] {logging_mixin.py:188} INFO - [2026-04-15T02:34:03.760+0000] {dag.py:3947} INFO - Setting next_dagrun for dataset_consumes_1 to None, run_after=None
[2026-04-15T02:34:03.763+0000] {logging_mixin.py:188} INFO - [2026-04-15T02:34:03.763+0000] {dag.py:3947} INFO - Setting next_dagrun for dataset_consumes_1_and_2 to None, run_after=None
[2026-04-15T02:34:03.766+0000] {logging_mixin.py:188} INFO - [2026-04-15T02:34:03.765+0000] {dag.py:3947} INFO - Setting next_dagrun for dataset_consumes_1_never_scheduled to None, run_after=None
[2026-04-15T02:34:03.768+0000] {logging_mixin.py:188} INFO - [2026-04-15T02:34:03.768+0000] {dag.py:3947} INFO - Setting next_dagrun for dataset_consumes_unknown_never_scheduled to None, run_after=None
[2026-04-15T02:34:03.773+0000] {logging_mixin.py:188} INFO - [2026-04-15T02:34:03.773+0000] {dag.py:3947} INFO - Setting next_dagrun for dataset_produces_1 to 2026-04-14 00:00:00+00:00, run_after=2026-04-15 00:00:00+00:00
[2026-04-15T02:34:03.776+0000] {logging_mixin.py:188} INFO - [2026-04-15T02:34:03.775+0000] {dag.py:3947} INFO - Setting next_dagrun for dataset_produces_2 to None, run_after=None
[2026-04-15T02:34:03.861+0000] {processor.py:183} INFO - Processing /home/airflow/.local/lib/python3.12/site-packages/airflow/example_dags/example_datasets.py took 0.376 seconds
[2026-04-15T02:34:34.072+0000] {processor.py:161} INFO - Started process (PID=3441) to work on /home/airflow/.local/lib/python3.12/site-packages/airflow/example_dags/example_datasets.py
[2026-04-15T02:34:34.083+0000] {processor.py:830} INFO - Processing file /home/airflow/.local/lib/python3.12/site-packages/airflow/example_dags/example_datasets.py for tasks to queue
[2026-04-15T02:34:34.089+0000] {logging_mixin.py:188} INFO - [2026-04-15T02:34:34.088+0000] {dagbag.py:545} INFO - Filling up the DagBag from /home/airflow/.local/lib/python3.12/site-packages/airflow/example_dags/example_datasets.py
[2026-04-15T02:34:34.127+0000] {processor.py:840} INFO - DAG(s) 'dataset_produces_1', 'dataset_produces_2', 'conditional_dataset_and_time_based_timetable', 'dataset_consumes_unknown_never_scheduled', 'dataset_consumes_1_and_2', 'consume_1_or_both_2_and_3_with_dataset_expressions', 'dataset_consumes_1_never_scheduled', 'dataset_consumes_1', 'consume_1_or_2_with_dataset_expressions', 'consume_1_and_2_with_dataset_expressions' retrieved from /home/airflow/.local/lib/python3.12/site-packages/airflow/example_dags/example_datasets.py
[2026-04-15T02:34:34.290+0000] {logging_mixin.py:188} INFO - [2026-04-15T02:34:34.289+0000] {dag.py:3089} INFO - Sync 10 DAGs
[2026-04-15T02:34:34.393+0000] {logging_mixin.py:188} INFO - [2026-04-15T02:34:34.393+0000] {dag.py:3947} INFO - Setting next_dagrun for conditional_dataset_and_time_based_timetable to 2026-04-15 01:00:00+00:00, run_after=2026-04-15 01:00:00+00:00
[2026-04-15T02:34:34.402+0000] {logging_mixin.py:188} INFO - [2026-04-15T02:34:34.402+0000] {dag.py:3947} INFO - Setting next_dagrun for consume_1_and_2_with_dataset_expressions to None, run_after=None
[2026-04-15T02:34:34.406+0000] {logging_mixin.py:188} INFO - [2026-04-15T02:34:34.405+0000] {dag.py:3947} INFO - Setting next_dagrun for consume_1_or_2_with_dataset_expressions to None, run_after=None
[2026-04-15T02:34:34.409+0000] {logging_mixin.py:188} INFO - [2026-04-15T02:34:34.408+0000] {dag.py:3947} INFO - Setting next_dagrun for consume_1_or_both_2_and_3_with_dataset_expressions to None, run_after=None
[2026-04-15T02:34:34.412+0000] {logging_mixin.py:188} INFO - [2026-04-15T02:34:34.411+0000] {dag.py:3947} INFO - Setting next_dagrun for dataset_consumes_1 to None, run_after=None
[2026-04-15T02:34:34.415+0000] {logging_mixin.py:188} INFO - [2026-04-15T02:34:34.414+0000] {dag.py:3947} INFO - Setting next_dagrun for dataset_consumes_1_and_2 to None, run_after=None
[2026-04-15T02:34:34.418+0000] {logging_mixin.py:188} INFO - [2026-04-15T02:34:34.417+0000] {dag.py:3947} INFO - Setting next_dagrun for dataset_consumes_1_never_scheduled to None, run_after=None
[2026-04-15T02:34:34.426+0000] {logging_mixin.py:188} INFO - [2026-04-15T02:34:34.425+0000] {dag.py:3947} INFO - Setting next_dagrun for dataset_consumes_unknown_never_scheduled to None, run_after=None
[2026-04-15T02:34:34.431+0000] {logging_mixin.py:188} INFO - [2026-04-15T02:34:34.431+0000] {dag.py:3947} INFO - Setting next_dagrun for dataset_produces_1 to 2026-04-14 00:00:00+00:00, run_after=2026-04-15 00:00:00+00:00
[2026-04-15T02:34:34.434+0000] {logging_mixin.py:188} INFO - [2026-04-15T02:34:34.434+0000] {dag.py:3947} INFO - Setting next_dagrun for dataset_produces_2 to None, run_after=None
[2026-04-15T02:34:34.514+0000] {processor.py:183} INFO - Processing /home/airflow/.local/lib/python3.12/site-packages/airflow/example_dags/example_datasets.py took 0.470 seconds
[2026-04-15T02:35:04.634+0000] {processor.py:161} INFO - Started process (PID=3501) to work on /home/airflow/.local/lib/python3.12/site-packages/airflow/example_dags/example_datasets.py
[2026-04-15T02:35:04.636+0000] {processor.py:830} INFO - Processing file /home/airflow/.local/lib/python3.12/site-packages/airflow/example_dags/example_datasets.py for tasks to queue
[2026-04-15T02:35:04.640+0000] {logging_mixin.py:188} INFO - [2026-04-15T02:35:04.639+0000] {dagbag.py:545} INFO - Filling up the DagBag from /home/airflow/.local/lib/python3.12/site-packages/airflow/example_dags/example_datasets.py
[2026-04-15T02:35:04.672+0000] {processor.py:840} INFO - DAG(s) 'consume_1_or_2_with_dataset_expressions', 'dataset_produces_2', 'dataset_consumes_1_never_scheduled', 'conditional_dataset_and_time_based_timetable', 'consume_1_and_2_with_dataset_expressions', 'dataset_consumes_1', 'dataset_consumes_1_and_2', 'dataset_produces_1', 'consume_1_or_both_2_and_3_with_dataset_expressions', 'dataset_consumes_unknown_never_scheduled' retrieved from /home/airflow/.local/lib/python3.12/site-packages/airflow/example_dags/example_datasets.py
[2026-04-15T02:35:04.800+0000] {logging_mixin.py:188} INFO - [2026-04-15T02:35:04.799+0000] {dag.py:3089} INFO - Sync 10 DAGs
[2026-04-15T02:35:04.855+0000] {logging_mixin.py:188} INFO - [2026-04-15T02:35:04.855+0000] {dag.py:3947} INFO - Setting next_dagrun for conditional_dataset_and_time_based_timetable to 2026-04-15 01:00:00+00:00, run_after=2026-04-15 01:00:00+00:00
[2026-04-15T02:35:04.865+0000] {logging_mixin.py:188} INFO - [2026-04-15T02:35:04.864+0000] {dag.py:3947} INFO - Setting next_dagrun for consume_1_and_2_with_dataset_expressions to None, run_after=None
[2026-04-15T02:35:04.867+0000] {logging_mixin.py:188} INFO - [2026-04-15T02:35:04.867+0000] {dag.py:3947} INFO - Setting next_dagrun for consume_1_or_2_with_dataset_expressions to None, run_after=None
[2026-04-15T02:35:04.869+0000] {logging_mixin.py:188} INFO - [2026-04-15T02:35:04.869+0000] {dag.py:3947} INFO - Setting next_dagrun for consume_1_or_both_2_and_3_with_dataset_expressions to None, run_after=None
[2026-04-15T02:35:04.871+0000] {logging_mixin.py:188} INFO - [2026-04-15T02:35:04.871+0000] {dag.py:3947} INFO - Setting next_dagrun for dataset_consumes_1 to None, run_after=None
[2026-04-15T02:35:04.873+0000] {logging_mixin.py:188} INFO - [2026-04-15T02:35:04.872+0000] {dag.py:3947} INFO - Setting next_dagrun for dataset_consumes_1_and_2 to None, run_after=None
[2026-04-15T02:35:04.874+0000] {logging_mixin.py:188} INFO - [2026-04-15T02:35:04.874+0000] {dag.py:3947} INFO - Setting next_dagrun for dataset_consumes_1_never_scheduled to None, run_after=None
[2026-04-15T02:35:04.876+0000] {logging_mixin.py:188} INFO - [2026-04-15T02:35:04.876+0000] {dag.py:3947} INFO - Setting next_dagrun for dataset_consumes_unknown_never_scheduled to None, run_after=None
[2026-04-15T02:35:04.882+0000] {logging_mixin.py:188} INFO - [2026-04-15T02:35:04.881+0000] {dag.py:3947} INFO - Setting next_dagrun for dataset_produces_1 to 2026-04-14 00:00:00+00:00, run_after=2026-04-15 00:00:00+00:00
[2026-04-15T02:35:04.885+0000] {logging_mixin.py:188} INFO - [2026-04-15T02:35:04.884+0000] {dag.py:3947} INFO - Setting next_dagrun for dataset_produces_2 to None, run_after=None
[2026-04-15T02:35:05.004+0000] {processor.py:183} INFO - Processing /home/airflow/.local/lib/python3.12/site-packages/airflow/example_dags/example_datasets.py took 0.385 seconds
[2026-04-15T02:35:35.998+0000] {processor.py:161} INFO - Started process (PID=3560) to work on /home/airflow/.local/lib/python3.12/site-packages/airflow/example_dags/example_datasets.py
[2026-04-15T02:35:36.011+0000] {processor.py:830} INFO - Processing file /home/airflow/.local/lib/python3.12/site-packages/airflow/example_dags/example_datasets.py for tasks to queue
[2026-04-15T02:35:36.017+0000] {logging_mixin.py:188} INFO - [2026-04-15T02:35:36.016+0000] {dagbag.py:545} INFO - Filling up the DagBag from /home/airflow/.local/lib/python3.12/site-packages/airflow/example_dags/example_datasets.py
[2026-04-15T02:35:36.047+0000] {processor.py:840} INFO - DAG(s) 'consume_1_or_2_with_dataset_expressions', 'dataset_consumes_1_and_2', 'dataset_produces_2', 'consume_1_or_both_2_and_3_with_dataset_expressions', 'consume_1_and_2_with_dataset_expressions', 'dataset_consumes_unknown_never_scheduled', 'conditional_dataset_and_time_based_timetable', 'dataset_produces_1', 'dataset_consumes_1_never_scheduled', 'dataset_consumes_1' retrieved from /home/airflow/.local/lib/python3.12/site-packages/airflow/example_dags/example_datasets.py
[2026-04-15T02:35:36.201+0000] {logging_mixin.py:188} INFO - [2026-04-15T02:35:36.200+0000] {dag.py:3089} INFO - Sync 10 DAGs
[2026-04-15T02:35:36.252+0000] {logging_mixin.py:188} INFO - [2026-04-15T02:35:36.251+0000] {dag.py:3947} INFO - Setting next_dagrun for conditional_dataset_and_time_based_timetable to 2026-04-15 01:00:00+00:00, run_after=2026-04-15 01:00:00+00:00
[2026-04-15T02:35:36.258+0000] {logging_mixin.py:188} INFO - [2026-04-15T02:35:36.257+0000] {dag.py:3947} INFO - Setting next_dagrun for consume_1_and_2_with_dataset_expressions to None, run_after=None
[2026-04-15T02:35:36.262+0000] {logging_mixin.py:188} INFO - [2026-04-15T02:35:36.261+0000] {dag.py:3947} INFO - Setting next_dagrun for consume_1_or_2_with_dataset_expressions to None, run_after=None
[2026-04-15T02:35:36.266+0000] {logging_mixin.py:188} INFO - [2026-04-15T02:35:36.265+0000] {dag.py:3947} INFO - Setting next_dagrun for consume_1_or_both_2_and_3_with_dataset_expressions to None, run_after=None
[2026-04-15T02:35:36.269+0000] {logging_mixin.py:188} INFO - [2026-04-15T02:35:36.268+0000] {dag.py:3947} INFO - Setting next_dagrun for dataset_consumes_1 to None, run_after=None
[2026-04-15T02:35:36.270+0000] {logging_mixin.py:188} INFO - [2026-04-15T02:35:36.270+0000] {dag.py:3947} INFO - Setting next_dagrun for dataset_consumes_1_and_2 to None, run_after=None
[2026-04-15T02:35:36.272+0000] {logging_mixin.py:188} INFO - [2026-04-15T02:35:36.272+0000] {dag.py:3947} INFO - Setting next_dagrun for dataset_consumes_1_never_scheduled to None, run_after=None
[2026-04-15T02:35:36.273+0000] {logging_mixin.py:188} INFO - [2026-04-15T02:35:36.273+0000] {dag.py:3947} INFO - Setting next_dagrun for dataset_consumes_unknown_never_scheduled to None, run_after=None
[2026-04-15T02:35:36.275+0000] {logging_mixin.py:188} INFO - [2026-04-15T02:35:36.275+0000] {dag.py:3947} INFO - Setting next_dagrun for dataset_produces_1 to 2026-04-14 00:00:00+00:00, run_after=2026-04-15 00:00:00+00:00
[2026-04-15T02:35:36.277+0000] {logging_mixin.py:188} INFO - [2026-04-15T02:35:36.277+0000] {dag.py:3947} INFO - Setting next_dagrun for dataset_produces_2 to None, run_after=None
[2026-04-15T02:35:36.334+0000] {processor.py:183} INFO - Processing /home/airflow/.local/lib/python3.12/site-packages/airflow/example_dags/example_datasets.py took 0.351 seconds
[2026-04-15T02:36:06.552+0000] {processor.py:161} INFO - Started process (PID=3620) to work on /home/airflow/.local/lib/python3.12/site-packages/airflow/example_dags/example_datasets.py
[2026-04-15T02:36:06.566+0000] {processor.py:830} INFO - Processing file /home/airflow/.local/lib/python3.12/site-packages/airflow/example_dags/example_datasets.py for tasks to queue
[2026-04-15T02:36:06.574+0000] {logging_mixin.py:188} INFO - [2026-04-15T02:36:06.573+0000] {dagbag.py:545} INFO - Filling up the DagBag from /home/airflow/.local/lib/python3.12/site-packages/airflow/example_dags/example_datasets.py
[2026-04-15T02:36:06.624+0000] {processor.py:840} INFO - DAG(s) 'dataset_consumes_1_and_2', 'dataset_produces_2', 'dataset_consumes_1', 'consume_1_or_both_2_and_3_with_dataset_expressions', 'dataset_produces_1', 'consume_1_and_2_with_dataset_expressions', 'dataset_consumes_1_never_scheduled', 'conditional_dataset_and_time_based_timetable', 'consume_1_or_2_with_dataset_expressions', 'dataset_consumes_unknown_never_scheduled' retrieved from /home/airflow/.local/lib/python3.12/site-packages/airflow/example_dags/example_datasets.py
[2026-04-15T02:36:06.750+0000] {logging_mixin.py:188} INFO - [2026-04-15T02:36:06.749+0000] {dag.py:3089} INFO - Sync 10 DAGs
[2026-04-15T02:36:06.822+0000] {logging_mixin.py:188} INFO - [2026-04-15T02:36:06.821+0000] {dag.py:3947} INFO - Setting next_dagrun for conditional_dataset_and_time_based_timetable to 2026-04-15 01:00:00+00:00, run_after=2026-04-15 01:00:00+00:00
[2026-04-15T02:36:06.828+0000] {logging_mixin.py:188} INFO - [2026-04-15T02:36:06.828+0000] {dag.py:3947} INFO - Setting next_dagrun for consume_1_and_2_with_dataset_expressions to None, run_after=None
[2026-04-15T02:36:06.832+0000] {logging_mixin.py:188} INFO - [2026-04-15T02:36:06.831+0000] {dag.py:3947} INFO - Setting next_dagrun for consume_1_or_2_with_dataset_expressions to None, run_after=None
[2026-04-15T02:36:06.835+0000] {logging_mixin.py:188} INFO - [2026-04-15T02:36:06.835+0000] {dag.py:3947} INFO - Setting next_dagrun for consume_1_or_both_2_and_3_with_dataset_expressions to None, run_after=None
[2026-04-15T02:36:06.839+0000] {logging_mixin.py:188} INFO - [2026-04-15T02:36:06.839+0000] {dag.py:3947} INFO - Setting next_dagrun for dataset_consumes_1 to None, run_after=None
[2026-04-15T02:36:06.844+0000] {logging_mixin.py:188} INFO - [2026-04-15T02:36:06.843+0000] {dag.py:3947} INFO - Setting next_dagrun for dataset_consumes_1_and_2 to None, run_after=None
[2026-04-15T02:36:06.848+0000] {logging_mixin.py:188} INFO - [2026-04-15T02:36:06.847+0000] {dag.py:3947} INFO - Setting next_dagrun for dataset_consumes_1_never_scheduled to None, run_after=None
[2026-04-15T02:36:06.852+0000] {logging_mixin.py:188} INFO - [2026-04-15T02:36:06.852+0000] {dag.py:3947} INFO - Setting next_dagrun for dataset_consumes_unknown_never_scheduled to None, run_after=None
[2026-04-15T02:36:06.858+0000] {logging_mixin.py:188} INFO - [2026-04-15T02:36:06.857+0000] {dag.py:3947} INFO - Setting next_dagrun for dataset_produces_1 to 2026-04-14 00:00:00+00:00, run_after=2026-04-15 00:00:00+00:00
[2026-04-15T02:36:06.861+0000] {logging_mixin.py:188} INFO - [2026-04-15T02:36:06.860+0000] {dag.py:3947} INFO - Setting next_dagrun for dataset_produces_2 to None, run_after=None
[2026-04-15T02:36:06.946+0000] {processor.py:183} INFO - Processing /home/airflow/.local/lib/python3.12/site-packages/airflow/example_dags/example_datasets.py took 0.407 seconds
[2026-04-15T02:36:37.670+0000] {processor.py:161} INFO - Started process (PID=3679) to work on /home/airflow/.local/lib/python3.12/site-packages/airflow/example_dags/example_datasets.py
[2026-04-15T02:36:37.683+0000] {processor.py:830} INFO - Processing file /home/airflow/.local/lib/python3.12/site-packages/airflow/example_dags/example_datasets.py for tasks to queue
[2026-04-15T02:36:37.689+0000] {logging_mixin.py:188} INFO - [2026-04-15T02:36:37.689+0000] {dagbag.py:545} INFO - Filling up the DagBag from /home/airflow/.local/lib/python3.12/site-packages/airflow/example_dags/example_datasets.py
[2026-04-15T02:36:37.713+0000] {processor.py:840} INFO - DAG(s) 'consume_1_and_2_with_dataset_expressions', 'dataset_produces_2', 'consume_1_or_2_with_dataset_expressions', 'dataset_consumes_1', 'conditional_dataset_and_time_based_timetable', 'dataset_consumes_1_and_2', 'dataset_produces_1', 'dataset_consumes_unknown_never_scheduled', 'consume_1_or_both_2_and_3_with_dataset_expressions', 'dataset_consumes_1_never_scheduled' retrieved from /home/airflow/.local/lib/python3.12/site-packages/airflow/example_dags/example_datasets.py
[2026-04-15T02:36:37.806+0000] {logging_mixin.py:188} INFO - [2026-04-15T02:36:37.805+0000] {dag.py:3089} INFO - Sync 10 DAGs
[2026-04-15T02:36:37.851+0000] {logging_mixin.py:188} INFO - [2026-04-15T02:36:37.850+0000] {dag.py:3947} INFO - Setting next_dagrun for conditional_dataset_and_time_based_timetable to 2026-04-15 01:00:00+00:00, run_after=2026-04-15 01:00:00+00:00
[2026-04-15T02:36:37.857+0000] {logging_mixin.py:188} INFO - [2026-04-15T02:36:37.856+0000] {dag.py:3947} INFO - Setting next_dagrun for consume_1_and_2_with_dataset_expressions to None, run_after=None
[2026-04-15T02:36:37.858+0000] {logging_mixin.py:188} INFO - [2026-04-15T02:36:37.858+0000] {dag.py:3947} INFO - Setting next_dagrun for consume_1_or_2_with_dataset_expressions to None, run_after=None
[2026-04-15T02:36:37.860+0000] {logging_mixin.py:188} INFO - [2026-04-15T02:36:37.860+0000] {dag.py:3947} INFO - Setting next_dagrun for consume_1_or_both_2_and_3_with_dataset_expressions to None, run_after=None
[2026-04-15T02:36:37.862+0000] {logging_mixin.py:188} INFO - [2026-04-15T02:36:37.862+0000] {dag.py:3947} INFO - Setting next_dagrun for dataset_consumes_1 to None, run_after=None
[2026-04-15T02:36:37.865+0000] {logging_mixin.py:188} INFO - [2026-04-15T02:36:37.864+0000] {dag.py:3947} INFO - Setting next_dagrun for dataset_consumes_1_and_2 to None, run_after=None
[2026-04-15T02:36:37.867+0000] {logging_mixin.py:188} INFO - [2026-04-15T02:36:37.867+0000] {dag.py:3947} INFO - Setting next_dagrun for dataset_consumes_1_never_scheduled to None, run_after=None
[2026-04-15T02:36:37.869+0000] {logging_mixin.py:188} INFO - [2026-04-15T02:36:37.869+0000] {dag.py:3947} INFO - Setting next_dagrun for dataset_consumes_unknown_never_scheduled to None, run_after=None
[2026-04-15T02:36:37.876+0000] {logging_mixin.py:188} INFO - [2026-04-15T02:36:37.875+0000] {dag.py:3947} INFO - Setting next_dagrun for dataset_produces_1 to 2026-04-14 00:00:00+00:00, run_after=2026-04-15 00:00:00+00:00
[2026-04-15T02:36:37.879+0000] {logging_mixin.py:188} INFO - [2026-04-15T02:36:37.878+0000] {dag.py:3947} INFO - Setting next_dagrun for dataset_produces_2 to None, run_after=None
[2026-04-15T02:36:37.957+0000] {processor.py:183} INFO - Processing /home/airflow/.local/lib/python3.12/site-packages/airflow/example_dags/example_datasets.py took 0.303 seconds
[2026-04-15T02:37:08.107+0000] {processor.py:161} INFO - Started process (PID=3738) to work on /home/airflow/.local/lib/python3.12/site-packages/airflow/example_dags/example_datasets.py
[2026-04-15T02:37:08.108+0000] {processor.py:830} INFO - Processing file /home/airflow/.local/lib/python3.12/site-packages/airflow/example_dags/example_datasets.py for tasks to queue
[2026-04-15T02:37:08.112+0000] {logging_mixin.py:188} INFO - [2026-04-15T02:37:08.110+0000] {dagbag.py:545} INFO - Filling up the DagBag from /home/airflow/.local/lib/python3.12/site-packages/airflow/example_dags/example_datasets.py
[2026-04-15T02:37:08.132+0000] {processor.py:840} INFO - DAG(s) 'dataset_consumes_1', 'conditional_dataset_and_time_based_timetable', 'dataset_produces_2', 'dataset_consumes_1_never_scheduled', 'dataset_produces_1', 'dataset_consumes_1_and_2', 'consume_1_or_both_2_and_3_with_dataset_expressions', 'dataset_consumes_unknown_never_scheduled', 'consume_1_and_2_with_dataset_expressions', 'consume_1_or_2_with_dataset_expressions' retrieved from /home/airflow/.local/lib/python3.12/site-packages/airflow/example_dags/example_datasets.py
[2026-04-15T02:37:08.216+0000] {logging_mixin.py:188} INFO - [2026-04-15T02:37:08.215+0000] {dag.py:3089} INFO - Sync 10 DAGs
[2026-04-15T02:37:08.257+0000] {logging_mixin.py:188} INFO - [2026-04-15T02:37:08.256+0000] {dag.py:3947} INFO - Setting next_dagrun for conditional_dataset_and_time_based_timetable to 2026-04-15 01:00:00+00:00, run_after=2026-04-15 01:00:00+00:00
[2026-04-15T02:37:08.261+0000] {logging_mixin.py:188} INFO - [2026-04-15T02:37:08.261+0000] {dag.py:3947} INFO - Setting next_dagrun for consume_1_and_2_with_dataset_expressions to None, run_after=None
[2026-04-15T02:37:08.266+0000] {logging_mixin.py:188} INFO - [2026-04-15T02:37:08.265+0000] {dag.py:3947} INFO - Setting next_dagrun for consume_1_or_2_with_dataset_expressions to None, run_after=None
[2026-04-15T02:37:08.268+0000] {logging_mixin.py:188} INFO - [2026-04-15T02:37:08.268+0000] {dag.py:3947} INFO - Setting next_dagrun for consume_1_or_both_2_and_3_with_dataset_expressions to None, run_after=None
[2026-04-15T02:37:08.271+0000] {logging_mixin.py:188} INFO - [2026-04-15T02:37:08.270+0000] {dag.py:3947} INFO - Setting next_dagrun for dataset_consumes_1 to None, run_after=None
[2026-04-15T02:37:08.273+0000] {logging_mixin.py:188} INFO - [2026-04-15T02:37:08.273+0000] {dag.py:3947} INFO - Setting next_dagrun for dataset_consumes_1_and_2 to None, run_after=None
[2026-04-15T02:37:08.275+0000] {logging_mixin.py:188} INFO - [2026-04-15T02:37:08.275+0000] {dag.py:3947} INFO - Setting next_dagrun for dataset_consumes_1_never_scheduled to None, run_after=None
[2026-04-15T02:37:08.277+0000] {logging_mixin.py:188} INFO - [2026-04-15T02:37:08.277+0000] {dag.py:3947} INFO - Setting next_dagrun for dataset_consumes_unknown_never_scheduled to None, run_after=None
[2026-04-15T02:37:08.282+0000] {logging_mixin.py:188} INFO - [2026-04-15T02:37:08.282+0000] {dag.py:3947} INFO - Setting next_dagrun for dataset_produces_1 to 2026-04-14 00:00:00+00:00, run_after=2026-04-15 00:00:00+00:00
[2026-04-15T02:37:08.285+0000] {logging_mixin.py:188} INFO - [2026-04-15T02:37:08.285+0000] {dag.py:3947} INFO - Setting next_dagrun for dataset_produces_2 to None, run_after=None
[2026-04-15T02:37:08.355+0000] {processor.py:183} INFO - Processing /home/airflow/.local/lib/python3.12/site-packages/airflow/example_dags/example_datasets.py took 0.255 seconds
[2026-04-15T02:37:38.431+0000] {processor.py:161} INFO - Started process (PID=3797) to work on /home/airflow/.local/lib/python3.12/site-packages/airflow/example_dags/example_datasets.py
[2026-04-15T02:37:38.433+0000] {processor.py:830} INFO - Processing file /home/airflow/.local/lib/python3.12/site-packages/airflow/example_dags/example_datasets.py for tasks to queue
[2026-04-15T02:37:38.438+0000] {logging_mixin.py:188} INFO - [2026-04-15T02:37:38.437+0000] {dagbag.py:545} INFO - Filling up the DagBag from /home/airflow/.local/lib/python3.12/site-packages/airflow/example_dags/example_datasets.py
[2026-04-15T02:37:38.473+0000] {processor.py:840} INFO - DAG(s) 'dataset_produces_2', 'conditional_dataset_and_time_based_timetable', 'dataset_consumes_1_never_scheduled', 'consume_1_or_both_2_and_3_with_dataset_expressions', 'dataset_consumes_unknown_never_scheduled', 'consume_1_or_2_with_dataset_expressions', 'dataset_consumes_1', 'dataset_consumes_1_and_2', 'dataset_produces_1', 'consume_1_and_2_with_dataset_expressions' retrieved from /home/airflow/.local/lib/python3.12/site-packages/airflow/example_dags/example_datasets.py
[2026-04-15T02:37:38.592+0000] {logging_mixin.py:188} INFO - [2026-04-15T02:37:38.591+0000] {dag.py:3089} INFO - Sync 10 DAGs
[2026-04-15T02:37:38.670+0000] {logging_mixin.py:188} INFO - [2026-04-15T02:37:38.669+0000] {dag.py:3947} INFO - Setting next_dagrun for conditional_dataset_and_time_based_timetable to 2026-04-15 01:00:00+00:00, run_after=2026-04-15 01:00:00+00:00
[2026-04-15T02:37:38.684+0000] {logging_mixin.py:188} INFO - [2026-04-15T02:37:38.684+0000] {dag.py:3947} INFO - Setting next_dagrun for consume_1_and_2_with_dataset_expressions to None, run_after=None
[2026-04-15T02:37:38.688+0000] {logging_mixin.py:188} INFO - [2026-04-15T02:37:38.687+0000] {dag.py:3947} INFO - Setting next_dagrun for consume_1_or_2_with_dataset_expressions to None, run_after=None
[2026-04-15T02:37:38.694+0000] {logging_mixin.py:188} INFO - [2026-04-15T02:37:38.693+0000] {dag.py:3947} INFO - Setting next_dagrun for consume_1_or_both_2_and_3_with_dataset_expressions to None, run_after=None
[2026-04-15T02:37:38.701+0000] {logging_mixin.py:188} INFO - [2026-04-15T02:37:38.701+0000] {dag.py:3947} INFO - Setting next_dagrun for dataset_consumes_1 to None, run_after=None
[2026-04-15T02:37:38.705+0000] {logging_mixin.py:188} INFO - [2026-04-15T02:37:38.704+0000] {dag.py:3947} INFO - Setting next_dagrun for dataset_consumes_1_and_2 to None, run_after=None
[2026-04-15T02:37:38.708+0000] {logging_mixin.py:188} INFO - [2026-04-15T02:37:38.707+0000] {dag.py:3947} INFO - Setting next_dagrun for dataset_consumes_1_never_scheduled to None, run_after=None
[2026-04-15T02:37:38.713+0000] {logging_mixin.py:188} INFO - [2026-04-15T02:37:38.712+0000] {dag.py:3947} INFO - Setting next_dagrun for dataset_consumes_unknown_never_scheduled to None, run_after=None
[2026-04-15T02:37:38.725+0000] {logging_mixin.py:188} INFO - [2026-04-15T02:37:38.724+0000] {dag.py:3947} INFO - Setting next_dagrun for dataset_produces_1 to 2026-04-14 00:00:00+00:00, run_after=2026-04-15 00:00:00+00:00
[2026-04-15T02:37:38.729+0000] {logging_mixin.py:188} INFO - [2026-04-15T02:37:38.728+0000] {dag.py:3947} INFO - Setting next_dagrun for dataset_produces_2 to None, run_after=None
[2026-04-15T02:37:38.832+0000] {processor.py:183} INFO - Processing /home/airflow/.local/lib/python3.12/site-packages/airflow/example_dags/example_datasets.py took 0.409 seconds
[2026-04-15T02:38:09.019+0000] {processor.py:161} INFO - Started process (PID=3857) to work on /home/airflow/.local/lib/python3.12/site-packages/airflow/example_dags/example_datasets.py
[2026-04-15T02:38:09.019+0000] {processor.py:830} INFO - Processing file /home/airflow/.local/lib/python3.12/site-packages/airflow/example_dags/example_datasets.py for tasks to queue
[2026-04-15T02:38:09.022+0000] {logging_mixin.py:188} INFO - [2026-04-15T02:38:09.022+0000] {dagbag.py:545} INFO - Filling up the DagBag from /home/airflow/.local/lib/python3.12/site-packages/airflow/example_dags/example_datasets.py
[2026-04-15T02:38:09.048+0000] {processor.py:840} INFO - DAG(s) 'dataset_consumes_1_never_scheduled', 'dataset_consumes_1', 'consume_1_and_2_with_dataset_expressions', 'dataset_consumes_unknown_never_scheduled', 'consume_1_or_both_2_and_3_with_dataset_expressions', 'consume_1_or_2_with_dataset_expressions', 'dataset_produces_2', 'conditional_dataset_and_time_based_timetable', 'dataset_consumes_1_and_2', 'dataset_produces_1' retrieved from /home/airflow/.local/lib/python3.12/site-packages/airflow/example_dags/example_datasets.py
[2026-04-15T02:38:09.146+0000] {logging_mixin.py:188} INFO - [2026-04-15T02:38:09.145+0000] {dag.py:3089} INFO - Sync 10 DAGs
[2026-04-15T02:38:09.190+0000] {logging_mixin.py:188} INFO - [2026-04-15T02:38:09.189+0000] {dag.py:3947} INFO - Setting next_dagrun for conditional_dataset_and_time_based_timetable to 2026-04-15 01:00:00+00:00, run_after=2026-04-15 01:00:00+00:00
[2026-04-15T02:38:09.196+0000] {logging_mixin.py:188} INFO - [2026-04-15T02:38:09.195+0000] {dag.py:3947} INFO - Setting next_dagrun for consume_1_and_2_with_dataset_expressions to None, run_after=None
[2026-04-15T02:38:09.200+0000] {logging_mixin.py:188} INFO - [2026-04-15T02:38:09.200+0000] {dag.py:3947} INFO - Setting next_dagrun for consume_1_or_2_with_dataset_expressions to None, run_after=None
[2026-04-15T02:38:09.203+0000] {logging_mixin.py:188} INFO - [2026-04-15T02:38:09.203+0000] {dag.py:3947} INFO - Setting next_dagrun for consume_1_or_both_2_and_3_with_dataset_expressions to None, run_after=None
[2026-04-15T02:38:09.205+0000] {logging_mixin.py:188} INFO - [2026-04-15T02:38:09.205+0000] {dag.py:3947} INFO - Setting next_dagrun for dataset_consumes_1 to None, run_after=None
[2026-04-15T02:38:09.207+0000] {logging_mixin.py:188} INFO - [2026-04-15T02:38:09.207+0000] {dag.py:3947} INFO - Setting next_dagrun for dataset_consumes_1_and_2 to None, run_after=None
[2026-04-15T02:38:09.209+0000] {logging_mixin.py:188} INFO - [2026-04-15T02:38:09.209+0000] {dag.py:3947} INFO - Setting next_dagrun for dataset_consumes_1_never_scheduled to None, run_after=None
[2026-04-15T02:38:09.211+0000] {logging_mixin.py:188} INFO - [2026-04-15T02:38:09.211+0000] {dag.py:3947} INFO - Setting next_dagrun for dataset_consumes_unknown_never_scheduled to None, run_after=None
[2026-04-15T02:38:09.215+0000] {logging_mixin.py:188} INFO - [2026-04-15T02:38:09.215+0000] {dag.py:3947} INFO - Setting next_dagrun for dataset_produces_1 to 2026-04-14 00:00:00+00:00, run_after=2026-04-15 00:00:00+00:00
[2026-04-15T02:38:09.217+0000] {logging_mixin.py:188} INFO - [2026-04-15T02:38:09.217+0000] {dag.py:3947} INFO - Setting next_dagrun for dataset_produces_2 to None, run_after=None
[2026-04-15T02:38:09.296+0000] {processor.py:183} INFO - Processing /home/airflow/.local/lib/python3.12/site-packages/airflow/example_dags/example_datasets.py took 0.290 seconds
[2026-04-15T02:38:39.380+0000] {processor.py:161} INFO - Started process (PID=3916) to work on /home/airflow/.local/lib/python3.12/site-packages/airflow/example_dags/example_datasets.py
[2026-04-15T02:38:39.381+0000] {processor.py:830} INFO - Processing file /home/airflow/.local/lib/python3.12/site-packages/airflow/example_dags/example_datasets.py for tasks to queue
[2026-04-15T02:38:39.384+0000] {logging_mixin.py:188} INFO - [2026-04-15T02:38:39.383+0000] {dagbag.py:545} INFO - Filling up the DagBag from /home/airflow/.local/lib/python3.12/site-packages/airflow/example_dags/example_datasets.py
[2026-04-15T02:38:39.398+0000] {processor.py:840} INFO - DAG(s) 'consume_1_or_2_with_dataset_expressions', 'dataset_consumes_1_and_2', 'dataset_consumes_1_never_scheduled', 'consume_1_and_2_with_dataset_expressions', 'consume_1_or_both_2_and_3_with_dataset_expressions', 'conditional_dataset_and_time_based_timetable', 'dataset_produces_1', 'dataset_consumes_1', 'dataset_produces_2', 'dataset_consumes_unknown_never_scheduled' retrieved from /home/airflow/.local/lib/python3.12/site-packages/airflow/example_dags/example_datasets.py
[2026-04-15T02:38:39.462+0000] {logging_mixin.py:188} INFO - [2026-04-15T02:38:39.462+0000] {dag.py:3089} INFO - Sync 10 DAGs
[2026-04-15T02:38:39.492+0000] {logging_mixin.py:188} INFO - [2026-04-15T02:38:39.491+0000] {dag.py:3947} INFO - Setting next_dagrun for conditional_dataset_and_time_based_timetable to 2026-04-15 01:00:00+00:00, run_after=2026-04-15 01:00:00+00:00
[2026-04-15T02:38:39.496+0000] {logging_mixin.py:188} INFO - [2026-04-15T02:38:39.495+0000] {dag.py:3947} INFO - Setting next_dagrun for consume_1_and_2_with_dataset_expressions to None, run_after=None
[2026-04-15T02:38:39.497+0000] {logging_mixin.py:188} INFO - [2026-04-15T02:38:39.497+0000] {dag.py:3947} INFO - Setting next_dagrun for consume_1_or_2_with_dataset_expressions to None, run_after=None
[2026-04-15T02:38:39.498+0000] {logging_mixin.py:188} INFO - [2026-04-15T02:38:39.498+0000] {dag.py:3947} INFO - Setting next_dagrun for consume_1_or_both_2_and_3_with_dataset_expressions to None, run_after=None
[2026-04-15T02:38:39.499+0000] {logging_mixin.py:188} INFO - [2026-04-15T02:38:39.499+0000] {dag.py:3947} INFO - Setting next_dagrun for dataset_consumes_1 to None, run_after=None
[2026-04-15T02:38:39.500+0000] {logging_mixin.py:188} INFO - [2026-04-15T02:38:39.500+0000] {dag.py:3947} INFO - Setting next_dagrun for dataset_consumes_1_and_2 to None, run_after=None
[2026-04-15T02:38:39.502+0000] {logging_mixin.py:188} INFO - [2026-04-15T02:38:39.502+0000] {dag.py:3947} INFO - Setting next_dagrun for dataset_consumes_1_never_scheduled to None, run_after=None
[2026-04-15T02:38:39.503+0000] {logging_mixin.py:188} INFO - [2026-04-15T02:38:39.503+0000] {dag.py:3947} INFO - Setting next_dagrun for dataset_consumes_unknown_never_scheduled to None, run_after=None
[2026-04-15T02:38:39.506+0000] {logging_mixin.py:188} INFO - [2026-04-15T02:38:39.505+0000] {dag.py:3947} INFO - Setting next_dagrun for dataset_produces_1 to 2026-04-14 00:00:00+00:00, run_after=2026-04-15 00:00:00+00:00
[2026-04-15T02:38:39.507+0000] {logging_mixin.py:188} INFO - [2026-04-15T02:38:39.507+0000] {dag.py:3947} INFO - Setting next_dagrun for dataset_produces_2 to None, run_after=None
[2026-04-15T02:38:39.556+0000] {processor.py:183} INFO - Processing /home/airflow/.local/lib/python3.12/site-packages/airflow/example_dags/example_datasets.py took 0.183 seconds
[2026-04-15T02:39:09.853+0000] {processor.py:161} INFO - Started process (PID=3973) to work on /home/airflow/.local/lib/python3.12/site-packages/airflow/example_dags/example_datasets.py
[2026-04-15T02:39:09.854+0000] {processor.py:830} INFO - Processing file /home/airflow/.local/lib/python3.12/site-packages/airflow/example_dags/example_datasets.py for tasks to queue
[2026-04-15T02:39:09.858+0000] {logging_mixin.py:188} INFO - [2026-04-15T02:39:09.857+0000] {dagbag.py:545} INFO - Filling up the DagBag from /home/airflow/.local/lib/python3.12/site-packages/airflow/example_dags/example_datasets.py
[2026-04-15T02:39:09.879+0000] {processor.py:840} INFO - DAG(s) 'consume_1_and_2_with_dataset_expressions', 'dataset_consumes_1_and_2', 'dataset_produces_2', 'consume_1_or_2_with_dataset_expressions', 'conditional_dataset_and_time_based_timetable', 'dataset_consumes_1', 'dataset_produces_1', 'dataset_consumes_1_never_scheduled', 'consume_1_or_both_2_and_3_with_dataset_expressions', 'dataset_consumes_unknown_never_scheduled' retrieved from /home/airflow/.local/lib/python3.12/site-packages/airflow/example_dags/example_datasets.py
[2026-04-15T02:39:09.963+0000] {logging_mixin.py:188} INFO - [2026-04-15T02:39:09.962+0000] {dag.py:3089} INFO - Sync 10 DAGs
[2026-04-15T02:39:10.003+0000] {logging_mixin.py:188} INFO - [2026-04-15T02:39:10.003+0000] {dag.py:3947} INFO - Setting next_dagrun for conditional_dataset_and_time_based_timetable to 2026-04-15 01:00:00+00:00, run_after=2026-04-15 01:00:00+00:00
[2026-04-15T02:39:10.008+0000] {logging_mixin.py:188} INFO - [2026-04-15T02:39:10.007+0000] {dag.py:3947} INFO - Setting next_dagrun for consume_1_and_2_with_dataset_expressions to None, run_after=None
[2026-04-15T02:39:10.010+0000] {logging_mixin.py:188} INFO - [2026-04-15T02:39:10.010+0000] {dag.py:3947} INFO - Setting next_dagrun for consume_1_or_2_with_dataset_expressions to None, run_after=None
[2026-04-15T02:39:10.012+0000] {logging_mixin.py:188} INFO - [2026-04-15T02:39:10.012+0000] {dag.py:3947} INFO - Setting next_dagrun for consume_1_or_both_2_and_3_with_dataset_expressions to None, run_after=None
[2026-04-15T02:39:10.014+0000] {logging_mixin.py:188} INFO - [2026-04-15T02:39:10.013+0000] {dag.py:3947} INFO - Setting next_dagrun for dataset_consumes_1 to None, run_after=None
[2026-04-15T02:39:10.015+0000] {logging_mixin.py:188} INFO - [2026-04-15T02:39:10.015+0000] {dag.py:3947} INFO - Setting next_dagrun for dataset_consumes_1_and_2 to None, run_after=None
[2026-04-15T02:39:10.018+0000] {logging_mixin.py:188} INFO - [2026-04-15T02:39:10.017+0000] {dag.py:3947} INFO - Setting next_dagrun for dataset_consumes_1_never_scheduled to None, run_after=None
[2026-04-15T02:39:10.019+0000] {logging_mixin.py:188} INFO - [2026-04-15T02:39:10.019+0000] {dag.py:3947} INFO - Setting next_dagrun for dataset_consumes_unknown_never_scheduled to None, run_after=None
[2026-04-15T02:39:10.024+0000] {logging_mixin.py:188} INFO - [2026-04-15T02:39:10.024+0000] {dag.py:3947} INFO - Setting next_dagrun for dataset_produces_1 to 2026-04-14 00:00:00+00:00, run_after=2026-04-15 00:00:00+00:00
[2026-04-15T02:39:10.026+0000] {logging_mixin.py:188} INFO - [2026-04-15T02:39:10.026+0000] {dag.py:3947} INFO - Setting next_dagrun for dataset_produces_2 to None, run_after=None
[2026-04-15T02:39:10.086+0000] {processor.py:183} INFO - Processing /home/airflow/.local/lib/python3.12/site-packages/airflow/example_dags/example_datasets.py took 0.239 seconds
[2026-04-15T02:39:40.374+0000] {processor.py:161} INFO - Started process (PID=4032) to work on /home/airflow/.local/lib/python3.12/site-packages/airflow/example_dags/example_datasets.py
[2026-04-15T02:39:40.376+0000] {processor.py:830} INFO - Processing file /home/airflow/.local/lib/python3.12/site-packages/airflow/example_dags/example_datasets.py for tasks to queue
[2026-04-15T02:39:40.378+0000] {logging_mixin.py:188} INFO - [2026-04-15T02:39:40.377+0000] {dagbag.py:545} INFO - Filling up the DagBag from /home/airflow/.local/lib/python3.12/site-packages/airflow/example_dags/example_datasets.py
[2026-04-15T02:39:40.394+0000] {processor.py:840} INFO - DAG(s) 'consume_1_or_2_with_dataset_expressions', 'dataset_produces_1', 'dataset_consumes_1', 'consume_1_or_both_2_and_3_with_dataset_expressions', 'dataset_consumes_unknown_never_scheduled', 'dataset_consumes_1_never_scheduled', 'conditional_dataset_and_time_based_timetable', 'consume_1_and_2_with_dataset_expressions', 'dataset_consumes_1_and_2', 'dataset_produces_2' retrieved from /home/airflow/.local/lib/python3.12/site-packages/airflow/example_dags/example_datasets.py
[2026-04-15T02:39:40.484+0000] {logging_mixin.py:188} INFO - [2026-04-15T02:39:40.484+0000] {dag.py:3089} INFO - Sync 10 DAGs
[2026-04-15T02:39:40.537+0000] {logging_mixin.py:188} INFO - [2026-04-15T02:39:40.536+0000] {dag.py:3947} INFO - Setting next_dagrun for conditional_dataset_and_time_based_timetable to 2026-04-15 01:00:00+00:00, run_after=2026-04-15 01:00:00+00:00
[2026-04-15T02:39:40.542+0000] {logging_mixin.py:188} INFO - [2026-04-15T02:39:40.542+0000] {dag.py:3947} INFO - Setting next_dagrun for consume_1_and_2_with_dataset_expressions to None, run_after=None
[2026-04-15T02:39:40.547+0000] {logging_mixin.py:188} INFO - [2026-04-15T02:39:40.547+0000] {dag.py:3947} INFO - Setting next_dagrun for consume_1_or_2_with_dataset_expressions to None, run_after=None
[2026-04-15T02:39:40.550+0000] {logging_mixin.py:188} INFO - [2026-04-15T02:39:40.549+0000] {dag.py:3947} INFO - Setting next_dagrun for consume_1_or_both_2_and_3_with_dataset_expressions to None, run_after=None
[2026-04-15T02:39:40.553+0000] {logging_mixin.py:188} INFO - [2026-04-15T02:39:40.552+0000] {dag.py:3947} INFO - Setting next_dagrun for dataset_consumes_1 to None, run_after=None
[2026-04-15T02:39:40.555+0000] {logging_mixin.py:188} INFO - [2026-04-15T02:39:40.555+0000] {dag.py:3947} INFO - Setting next_dagrun for dataset_consumes_1_and_2 to None, run_after=None
[2026-04-15T02:39:40.557+0000] {logging_mixin.py:188} INFO - [2026-04-15T02:39:40.557+0000] {dag.py:3947} INFO - Setting next_dagrun for dataset_consumes_1_never_scheduled to None, run_after=None
[2026-04-15T02:39:40.559+0000] {logging_mixin.py:188} INFO - [2026-04-15T02:39:40.559+0000] {dag.py:3947} INFO - Setting next_dagrun for dataset_consumes_unknown_never_scheduled to None, run_after=None
[2026-04-15T02:39:40.562+0000] {logging_mixin.py:188} INFO - [2026-04-15T02:39:40.561+0000] {dag.py:3947} INFO - Setting next_dagrun for dataset_produces_1 to 2026-04-14 00:00:00+00:00, run_after=2026-04-15 00:00:00+00:00
[2026-04-15T02:39:40.563+0000] {logging_mixin.py:188} INFO - [2026-04-15T02:39:40.563+0000] {dag.py:3947} INFO - Setting next_dagrun for dataset_produces_2 to None, run_after=None
[2026-04-15T02:39:40.629+0000] {processor.py:183} INFO - Processing /home/airflow/.local/lib/python3.12/site-packages/airflow/example_dags/example_datasets.py took 0.263 seconds
[2026-04-15T02:40:10.779+0000] {processor.py:161} INFO - Started process (PID=4091) to work on /home/airflow/.local/lib/python3.12/site-packages/airflow/example_dags/example_datasets.py
[2026-04-15T02:40:10.780+0000] {processor.py:830} INFO - Processing file /home/airflow/.local/lib/python3.12/site-packages/airflow/example_dags/example_datasets.py for tasks to queue
[2026-04-15T02:40:10.782+0000] {logging_mixin.py:188} INFO - [2026-04-15T02:40:10.782+0000] {dagbag.py:545} INFO - Filling up the DagBag from /home/airflow/.local/lib/python3.12/site-packages/airflow/example_dags/example_datasets.py
[2026-04-15T02:40:10.798+0000] {processor.py:840} INFO - DAG(s) 'consume_1_or_2_with_dataset_expressions', 'consume_1_or_both_2_and_3_with_dataset_expressions', 'dataset_consumes_unknown_never_scheduled', 'consume_1_and_2_with_dataset_expressions', 'dataset_consumes_1', 'dataset_consumes_1_and_2', 'dataset_consumes_1_never_scheduled', 'conditional_dataset_and_time_based_timetable', 'dataset_produces_1', 'dataset_produces_2' retrieved from /home/airflow/.local/lib/python3.12/site-packages/airflow/example_dags/example_datasets.py
[2026-04-15T02:40:10.864+0000] {logging_mixin.py:188} INFO - [2026-04-15T02:40:10.864+0000] {dag.py:3089} INFO - Sync 10 DAGs
[2026-04-15T02:40:10.898+0000] {logging_mixin.py:188} INFO - [2026-04-15T02:40:10.898+0000] {dag.py:3947} INFO - Setting next_dagrun for conditional_dataset_and_time_based_timetable to 2026-04-15 01:00:00+00:00, run_after=2026-04-15 01:00:00+00:00
[2026-04-15T02:40:10.903+0000] {logging_mixin.py:188} INFO - [2026-04-15T02:40:10.902+0000] {dag.py:3947} INFO - Setting next_dagrun for consume_1_and_2_with_dataset_expressions to None, run_after=None
[2026-04-15T02:40:10.904+0000] {logging_mixin.py:188} INFO - [2026-04-15T02:40:10.904+0000] {dag.py:3947} INFO - Setting next_dagrun for consume_1_or_2_with_dataset_expressions to None, run_after=None
[2026-04-15T02:40:10.906+0000] {logging_mixin.py:188} INFO - [2026-04-15T02:40:10.906+0000] {dag.py:3947} INFO - Setting next_dagrun for consume_1_or_both_2_and_3_with_dataset_expressions to None, run_after=None
[2026-04-15T02:40:10.908+0000] {logging_mixin.py:188} INFO - [2026-04-15T02:40:10.907+0000] {dag.py:3947} INFO - Setting next_dagrun for dataset_consumes_1 to None, run_after=None
[2026-04-15T02:40:10.909+0000] {logging_mixin.py:188} INFO - [2026-04-15T02:40:10.909+0000] {dag.py:3947} INFO - Setting next_dagrun for dataset_consumes_1_and_2 to None, run_after=None
[2026-04-15T02:40:10.910+0000] {logging_mixin.py:188} INFO - [2026-04-15T02:40:10.910+0000] {dag.py:3947} INFO - Setting next_dagrun for dataset_consumes_1_never_scheduled to None, run_after=None
[2026-04-15T02:40:10.912+0000] {logging_mixin.py:188} INFO - [2026-04-15T02:40:10.912+0000] {dag.py:3947} INFO - Setting next_dagrun for dataset_consumes_unknown_never_scheduled to None, run_after=None
[2026-04-15T02:40:10.914+0000] {logging_mixin.py:188} INFO - [2026-04-15T02:40:10.914+0000] {dag.py:3947} INFO - Setting next_dagrun for dataset_produces_1 to 2026-04-14 00:00:00+00:00, run_after=2026-04-15 00:00:00+00:00
[2026-04-15T02:40:10.915+0000] {logging_mixin.py:188} INFO - [2026-04-15T02:40:10.915+0000] {dag.py:3947} INFO - Setting next_dagrun for dataset_produces_2 to None, run_after=None
[2026-04-15T02:40:10.977+0000] {processor.py:183} INFO - Processing /home/airflow/.local/lib/python3.12/site-packages/airflow/example_dags/example_datasets.py took 0.206 seconds
[2026-04-15T02:40:41.715+0000] {processor.py:161} INFO - Started process (PID=4148) to work on /home/airflow/.local/lib/python3.12/site-packages/airflow/example_dags/example_datasets.py
[2026-04-15T02:40:41.731+0000] {processor.py:830} INFO - Processing file /home/airflow/.local/lib/python3.12/site-packages/airflow/example_dags/example_datasets.py for tasks to queue
[2026-04-15T02:40:41.750+0000] {logging_mixin.py:188} INFO - [2026-04-15T02:40:41.747+0000] {dagbag.py:545} INFO - Filling up the DagBag from /home/airflow/.local/lib/python3.12/site-packages/airflow/example_dags/example_datasets.py
[2026-04-15T02:40:41.791+0000] {processor.py:840} INFO - DAG(s) 'conditional_dataset_and_time_based_timetable', 'consume_1_or_2_with_dataset_expressions', 'dataset_consumes_1_and_2', 'dataset_consumes_1_never_scheduled', 'dataset_produces_1', 'consume_1_or_both_2_and_3_with_dataset_expressions', 'dataset_consumes_unknown_never_scheduled', 'dataset_consumes_1', 'consume_1_and_2_with_dataset_expressions', 'dataset_produces_2' retrieved from /home/airflow/.local/lib/python3.12/site-packages/airflow/example_dags/example_datasets.py
[2026-04-15T02:40:41.895+0000] {logging_mixin.py:188} INFO - [2026-04-15T02:40:41.894+0000] {dag.py:3089} INFO - Sync 10 DAGs
[2026-04-15T02:40:41.935+0000] {logging_mixin.py:188} INFO - [2026-04-15T02:40:41.934+0000] {dag.py:3947} INFO - Setting next_dagrun for conditional_dataset_and_time_based_timetable to 2026-04-15 01:00:00+00:00, run_after=2026-04-15 01:00:00+00:00
[2026-04-15T02:40:41.943+0000] {logging_mixin.py:188} INFO - [2026-04-15T02:40:41.943+0000] {dag.py:3947} INFO - Setting next_dagrun for consume_1_and_2_with_dataset_expressions to None, run_after=None
[2026-04-15T02:40:41.946+0000] {logging_mixin.py:188} INFO - [2026-04-15T02:40:41.945+0000] {dag.py:3947} INFO - Setting next_dagrun for consume_1_or_2_with_dataset_expressions to None, run_after=None
[2026-04-15T02:40:41.948+0000] {logging_mixin.py:188} INFO - [2026-04-15T02:40:41.948+0000] {dag.py:3947} INFO - Setting next_dagrun for consume_1_or_both_2_and_3_with_dataset_expressions to None, run_after=None
[2026-04-15T02:40:41.951+0000] {logging_mixin.py:188} INFO - [2026-04-15T02:40:41.950+0000] {dag.py:3947} INFO - Setting next_dagrun for dataset_consumes_1 to None, run_after=None
[2026-04-15T02:40:41.953+0000] {logging_mixin.py:188} INFO - [2026-04-15T02:40:41.953+0000] {dag.py:3947} INFO - Setting next_dagrun for dataset_consumes_1_and_2 to None, run_after=None
[2026-04-15T02:40:41.956+0000] {logging_mixin.py:188} INFO - [2026-04-15T02:40:41.956+0000] {dag.py:3947} INFO - Setting next_dagrun for dataset_consumes_1_never_scheduled to None, run_after=None
[2026-04-15T02:40:41.958+0000] {logging_mixin.py:188} INFO - [2026-04-15T02:40:41.958+0000] {dag.py:3947} INFO - Setting next_dagrun for dataset_consumes_unknown_never_scheduled to None, run_after=None
[2026-04-15T02:40:41.962+0000] {logging_mixin.py:188} INFO - [2026-04-15T02:40:41.962+0000] {dag.py:3947} INFO - Setting next_dagrun for dataset_produces_1 to 2026-04-14 00:00:00+00:00, run_after=2026-04-15 00:00:00+00:00
[2026-04-15T02:40:41.964+0000] {logging_mixin.py:188} INFO - [2026-04-15T02:40:41.964+0000] {dag.py:3947} INFO - Setting next_dagrun for dataset_produces_2 to None, run_after=None
[2026-04-15T02:40:42.022+0000] {processor.py:183} INFO - Processing /home/airflow/.local/lib/python3.12/site-packages/airflow/example_dags/example_datasets.py took 0.333 seconds
[2026-04-15T02:41:12.455+0000] {processor.py:161} INFO - Started process (PID=4207) to work on /home/airflow/.local/lib/python3.12/site-packages/airflow/example_dags/example_datasets.py
[2026-04-15T02:41:12.468+0000] {processor.py:830} INFO - Processing file /home/airflow/.local/lib/python3.12/site-packages/airflow/example_dags/example_datasets.py for tasks to queue
[2026-04-15T02:41:12.474+0000] {logging_mixin.py:188} INFO - [2026-04-15T02:41:12.473+0000] {dagbag.py:545} INFO - Filling up the DagBag from /home/airflow/.local/lib/python3.12/site-packages/airflow/example_dags/example_datasets.py
[2026-04-15T02:41:12.510+0000] {processor.py:840} INFO - DAG(s) 'consume_1_and_2_with_dataset_expressions', 'dataset_produces_1', 'consume_1_or_both_2_and_3_with_dataset_expressions', 'conditional_dataset_and_time_based_timetable', 'dataset_consumes_unknown_never_scheduled', 'dataset_consumes_1_and_2', 'dataset_consumes_1', 'consume_1_or_2_with_dataset_expressions', 'dataset_produces_2', 'dataset_consumes_1_never_scheduled' retrieved from /home/airflow/.local/lib/python3.12/site-packages/airflow/example_dags/example_datasets.py
[2026-04-15T02:41:12.646+0000] {logging_mixin.py:188} INFO - [2026-04-15T02:41:12.646+0000] {dag.py:3089} INFO - Sync 10 DAGs
[2026-04-15T02:41:12.710+0000] {logging_mixin.py:188} INFO - [2026-04-15T02:41:12.709+0000] {dag.py:3947} INFO - Setting next_dagrun for conditional_dataset_and_time_based_timetable to 2026-04-15 01:00:00+00:00, run_after=2026-04-15 01:00:00+00:00
[2026-04-15T02:41:12.716+0000] {logging_mixin.py:188} INFO - [2026-04-15T02:41:12.715+0000] {dag.py:3947} INFO - Setting next_dagrun for consume_1_and_2_with_dataset_expressions to None, run_after=None
[2026-04-15T02:41:12.719+0000] {logging_mixin.py:188} INFO - [2026-04-15T02:41:12.719+0000] {dag.py:3947} INFO - Setting next_dagrun for consume_1_or_2_with_dataset_expressions to None, run_after=None
[2026-04-15T02:41:12.722+0000] {logging_mixin.py:188} INFO - [2026-04-15T02:41:12.722+0000] {dag.py:3947} INFO - Setting next_dagrun for consume_1_or_both_2_and_3_with_dataset_expressions to None, run_after=None
[2026-04-15T02:41:12.724+0000] {logging_mixin.py:188} INFO - [2026-04-15T02:41:12.724+0000] {dag.py:3947} INFO - Setting next_dagrun for dataset_consumes_1 to None, run_after=None
[2026-04-15T02:41:12.728+0000] {logging_mixin.py:188} INFO - [2026-04-15T02:41:12.727+0000] {dag.py:3947} INFO - Setting next_dagrun for dataset_consumes_1_and_2 to None, run_after=None
[2026-04-15T02:41:12.730+0000] {logging_mixin.py:188} INFO - [2026-04-15T02:41:12.730+0000] {dag.py:3947} INFO - Setting next_dagrun for dataset_consumes_1_never_scheduled to None, run_after=None
[2026-04-15T02:41:12.733+0000] {logging_mixin.py:188} INFO - [2026-04-15T02:41:12.732+0000] {dag.py:3947} INFO - Setting next_dagrun for dataset_consumes_unknown_never_scheduled to None, run_after=None
[2026-04-15T02:41:12.739+0000] {logging_mixin.py:188} INFO - [2026-04-15T02:41:12.739+0000] {dag.py:3947} INFO - Setting next_dagrun for dataset_produces_1 to 2026-04-14 00:00:00+00:00, run_after=2026-04-15 00:00:00+00:00
[2026-04-15T02:41:12.742+0000] {logging_mixin.py:188} INFO - [2026-04-15T02:41:12.741+0000] {dag.py:3947} INFO - Setting next_dagrun for dataset_produces_2 to None, run_after=None
[2026-04-15T02:41:12.838+0000] {processor.py:183} INFO - Processing /home/airflow/.local/lib/python3.12/site-packages/airflow/example_dags/example_datasets.py took 0.397 seconds
[2026-04-15T02:41:43.031+0000] {processor.py:161} INFO - Started process (PID=4266) to work on /home/airflow/.local/lib/python3.12/site-packages/airflow/example_dags/example_datasets.py
[2026-04-15T02:41:43.034+0000] {processor.py:830} INFO - Processing file /home/airflow/.local/lib/python3.12/site-packages/airflow/example_dags/example_datasets.py for tasks to queue
[2026-04-15T02:41:43.041+0000] {logging_mixin.py:188} INFO - [2026-04-15T02:41:43.039+0000] {dagbag.py:545} INFO - Filling up the DagBag from /home/airflow/.local/lib/python3.12/site-packages/airflow/example_dags/example_datasets.py
[2026-04-15T02:41:43.079+0000] {processor.py:840} INFO - DAG(s) 'dataset_produces_2', 'dataset_produces_1', 'consume_1_or_2_with_dataset_expressions', 'dataset_consumes_1_never_scheduled', 'dataset_consumes_1_and_2', 'conditional_dataset_and_time_based_timetable', 'dataset_consumes_unknown_never_scheduled', 'consume_1_and_2_with_dataset_expressions', 'dataset_consumes_1', 'consume_1_or_both_2_and_3_with_dataset_expressions' retrieved from /home/airflow/.local/lib/python3.12/site-packages/airflow/example_dags/example_datasets.py
[2026-04-15T02:41:43.192+0000] {logging_mixin.py:188} INFO - [2026-04-15T02:41:43.192+0000] {dag.py:3089} INFO - Sync 10 DAGs
[2026-04-15T02:41:43.247+0000] {logging_mixin.py:188} INFO - [2026-04-15T02:41:43.247+0000] {dag.py:3947} INFO - Setting next_dagrun for conditional_dataset_and_time_based_timetable to 2026-04-15 01:00:00+00:00, run_after=2026-04-15 01:00:00+00:00
[2026-04-15T02:41:43.254+0000] {logging_mixin.py:188} INFO - [2026-04-15T02:41:43.254+0000] {dag.py:3947} INFO - Setting next_dagrun for consume_1_and_2_with_dataset_expressions to None, run_after=None
[2026-04-15T02:41:43.257+0000] {logging_mixin.py:188} INFO - [2026-04-15T02:41:43.257+0000] {dag.py:3947} INFO - Setting next_dagrun for consume_1_or_2_with_dataset_expressions to None, run_after=None
[2026-04-15T02:41:43.260+0000] {logging_mixin.py:188} INFO - [2026-04-15T02:41:43.260+0000] {dag.py:3947} INFO - Setting next_dagrun for consume_1_or_both_2_and_3_with_dataset_expressions to None, run_after=None
[2026-04-15T02:41:43.263+0000] {logging_mixin.py:188} INFO - [2026-04-15T02:41:43.263+0000] {dag.py:3947} INFO - Setting next_dagrun for dataset_consumes_1 to None, run_after=None
[2026-04-15T02:41:43.266+0000] {logging_mixin.py:188} INFO - [2026-04-15T02:41:43.266+0000] {dag.py:3947} INFO - Setting next_dagrun for dataset_consumes_1_and_2 to None, run_after=None
[2026-04-15T02:41:43.270+0000] {logging_mixin.py:188} INFO - [2026-04-15T02:41:43.269+0000] {dag.py:3947} INFO - Setting next_dagrun for dataset_consumes_1_never_scheduled to None, run_after=None
[2026-04-15T02:41:43.272+0000] {logging_mixin.py:188} INFO - [2026-04-15T02:41:43.271+0000] {dag.py:3947} INFO - Setting next_dagrun for dataset_consumes_unknown_never_scheduled to None, run_after=None
[2026-04-15T02:41:43.275+0000] {logging_mixin.py:188} INFO - [2026-04-15T02:41:43.275+0000] {dag.py:3947} INFO - Setting next_dagrun for dataset_produces_1 to 2026-04-14 00:00:00+00:00, run_after=2026-04-15 00:00:00+00:00
[2026-04-15T02:41:43.277+0000] {logging_mixin.py:188} INFO - [2026-04-15T02:41:43.277+0000] {dag.py:3947} INFO - Setting next_dagrun for dataset_produces_2 to None, run_after=None
[2026-04-15T02:41:43.358+0000] {processor.py:183} INFO - Processing /home/airflow/.local/lib/python3.12/site-packages/airflow/example_dags/example_datasets.py took 0.347 seconds
[2026-04-15T02:42:13.726+0000] {processor.py:161} INFO - Started process (PID=4326) to work on /home/airflow/.local/lib/python3.12/site-packages/airflow/example_dags/example_datasets.py
[2026-04-15T02:42:13.738+0000] {processor.py:830} INFO - Processing file /home/airflow/.local/lib/python3.12/site-packages/airflow/example_dags/example_datasets.py for tasks to queue
[2026-04-15T02:42:13.747+0000] {logging_mixin.py:188} INFO - [2026-04-15T02:42:13.746+0000] {dagbag.py:545} INFO - Filling up the DagBag from /home/airflow/.local/lib/python3.12/site-packages/airflow/example_dags/example_datasets.py
[2026-04-15T02:42:13.810+0000] {processor.py:840} INFO - DAG(s) 'dataset_consumes_1_never_scheduled', 'dataset_consumes_1', 'dataset_produces_2', 'consume_1_or_2_with_dataset_expressions', 'consume_1_and_2_with_dataset_expressions', 'consume_1_or_both_2_and_3_with_dataset_expressions', 'dataset_consumes_unknown_never_scheduled', 'dataset_consumes_1_and_2', 'conditional_dataset_and_time_based_timetable', 'dataset_produces_1' retrieved from /home/airflow/.local/lib/python3.12/site-packages/airflow/example_dags/example_datasets.py
[2026-04-15T02:42:13.971+0000] {logging_mixin.py:188} INFO - [2026-04-15T02:42:13.970+0000] {dag.py:3089} INFO - Sync 10 DAGs
[2026-04-15T02:42:14.052+0000] {logging_mixin.py:188} INFO - [2026-04-15T02:42:14.052+0000] {dag.py:3947} INFO - Setting next_dagrun for conditional_dataset_and_time_based_timetable to 2026-04-15 01:00:00+00:00, run_after=2026-04-15 01:00:00+00:00
[2026-04-15T02:42:14.066+0000] {logging_mixin.py:188} INFO - [2026-04-15T02:42:14.065+0000] {dag.py:3947} INFO - Setting next_dagrun for consume_1_and_2_with_dataset_expressions to None, run_after=None
[2026-04-15T02:42:14.076+0000] {logging_mixin.py:188} INFO - [2026-04-15T02:42:14.076+0000] {dag.py:3947} INFO - Setting next_dagrun for consume_1_or_2_with_dataset_expressions to None, run_after=None
[2026-04-15T02:42:14.085+0000] {logging_mixin.py:188} INFO - [2026-04-15T02:42:14.084+0000] {dag.py:3947} INFO - Setting next_dagrun for consume_1_or_both_2_and_3_with_dataset_expressions to None, run_after=None
[2026-04-15T02:42:14.093+0000] {logging_mixin.py:188} INFO - [2026-04-15T02:42:14.092+0000] {dag.py:3947} INFO - Setting next_dagrun for dataset_consumes_1 to None, run_after=None
[2026-04-15T02:42:14.096+0000] {logging_mixin.py:188} INFO - [2026-04-15T02:42:14.095+0000] {dag.py:3947} INFO - Setting next_dagrun for dataset_consumes_1_and_2 to None, run_after=None
[2026-04-15T02:42:14.101+0000] {logging_mixin.py:188} INFO - [2026-04-15T02:42:14.100+0000] {dag.py:3947} INFO - Setting next_dagrun for dataset_consumes_1_never_scheduled to None, run_after=None
[2026-04-15T02:42:14.110+0000] {logging_mixin.py:188} INFO - [2026-04-15T02:42:14.109+0000] {dag.py:3947} INFO - Setting next_dagrun for dataset_consumes_unknown_never_scheduled to None, run_after=None
[2026-04-15T02:42:14.121+0000] {logging_mixin.py:188} INFO - [2026-04-15T02:42:14.121+0000] {dag.py:3947} INFO - Setting next_dagrun for dataset_produces_1 to 2026-04-14 00:00:00+00:00, run_after=2026-04-15 00:00:00+00:00
[2026-04-15T02:42:14.128+0000] {logging_mixin.py:188} INFO - [2026-04-15T02:42:14.127+0000] {dag.py:3947} INFO - Setting next_dagrun for dataset_produces_2 to None, run_after=None
[2026-04-15T02:42:14.255+0000] {processor.py:183} INFO - Processing /home/airflow/.local/lib/python3.12/site-packages/airflow/example_dags/example_datasets.py took 0.552 seconds
[2026-04-15T02:42:44.394+0000] {processor.py:161} INFO - Started process (PID=4386) to work on /home/airflow/.local/lib/python3.12/site-packages/airflow/example_dags/example_datasets.py
[2026-04-15T02:42:44.398+0000] {processor.py:830} INFO - Processing file /home/airflow/.local/lib/python3.12/site-packages/airflow/example_dags/example_datasets.py for tasks to queue
[2026-04-15T02:42:44.407+0000] {logging_mixin.py:188} INFO - [2026-04-15T02:42:44.406+0000] {dagbag.py:545} INFO - Filling up the DagBag from /home/airflow/.local/lib/python3.12/site-packages/airflow/example_dags/example_datasets.py
[2026-04-15T02:42:44.488+0000] {processor.py:840} INFO - DAG(s) 'consume_1_or_2_with_dataset_expressions', 'dataset_consumes_unknown_never_scheduled', 'dataset_consumes_1', 'consume_1_and_2_with_dataset_expressions', 'consume_1_or_both_2_and_3_with_dataset_expressions', 'dataset_consumes_1_never_scheduled', 'conditional_dataset_and_time_based_timetable', 'dataset_produces_2', 'dataset_produces_1', 'dataset_consumes_1_and_2' retrieved from /home/airflow/.local/lib/python3.12/site-packages/airflow/example_dags/example_datasets.py
[2026-04-15T02:42:44.837+0000] {logging_mixin.py:188} INFO - [2026-04-15T02:42:44.836+0000] {dag.py:3089} INFO - Sync 10 DAGs
[2026-04-15T02:42:44.934+0000] {logging_mixin.py:188} INFO - [2026-04-15T02:42:44.934+0000] {dag.py:3947} INFO - Setting next_dagrun for conditional_dataset_and_time_based_timetable to 2026-04-15 01:00:00+00:00, run_after=2026-04-15 01:00:00+00:00
[2026-04-15T02:42:44.947+0000] {logging_mixin.py:188} INFO - [2026-04-15T02:42:44.946+0000] {dag.py:3947} INFO - Setting next_dagrun for consume_1_and_2_with_dataset_expressions to None, run_after=None
[2026-04-15T02:42:44.951+0000] {logging_mixin.py:188} INFO - [2026-04-15T02:42:44.951+0000] {dag.py:3947} INFO - Setting next_dagrun for consume_1_or_2_with_dataset_expressions to None, run_after=None
[2026-04-15T02:42:44.954+0000] {logging_mixin.py:188} INFO - [2026-04-15T02:42:44.954+0000] {dag.py:3947} INFO - Setting next_dagrun for consume_1_or_both_2_and_3_with_dataset_expressions to None, run_after=None
[2026-04-15T02:42:44.957+0000] {logging_mixin.py:188} INFO - [2026-04-15T02:42:44.957+0000] {dag.py:3947} INFO - Setting next_dagrun for dataset_consumes_1 to None, run_after=None
[2026-04-15T02:42:44.959+0000] {logging_mixin.py:188} INFO - [2026-04-15T02:42:44.959+0000] {dag.py:3947} INFO - Setting next_dagrun for dataset_consumes_1_and_2 to None, run_after=None
[2026-04-15T02:42:44.960+0000] {logging_mixin.py:188} INFO - [2026-04-15T02:42:44.960+0000] {dag.py:3947} INFO - Setting next_dagrun for dataset_consumes_1_never_scheduled to None, run_after=None
[2026-04-15T02:42:44.962+0000] {logging_mixin.py:188} INFO - [2026-04-15T02:42:44.962+0000] {dag.py:3947} INFO - Setting next_dagrun for dataset_consumes_unknown_never_scheduled to None, run_after=None
[2026-04-15T02:42:44.967+0000] {logging_mixin.py:188} INFO - [2026-04-15T02:42:44.967+0000] {dag.py:3947} INFO - Setting next_dagrun for dataset_produces_1 to 2026-04-14 00:00:00+00:00, run_after=2026-04-15 00:00:00+00:00
[2026-04-15T02:42:44.972+0000] {logging_mixin.py:188} INFO - [2026-04-15T02:42:44.972+0000] {dag.py:3947} INFO - Setting next_dagrun for dataset_produces_2 to None, run_after=None
[2026-04-15T02:42:45.110+0000] {processor.py:183} INFO - Processing /home/airflow/.local/lib/python3.12/site-packages/airflow/example_dags/example_datasets.py took 0.751 seconds
[2026-04-15T02:43:15.287+0000] {processor.py:161} INFO - Started process (PID=4446) to work on /home/airflow/.local/lib/python3.12/site-packages/airflow/example_dags/example_datasets.py
[2026-04-15T02:43:15.290+0000] {processor.py:830} INFO - Processing file /home/airflow/.local/lib/python3.12/site-packages/airflow/example_dags/example_datasets.py for tasks to queue
[2026-04-15T02:43:15.292+0000] {logging_mixin.py:188} INFO - [2026-04-15T02:43:15.292+0000] {dagbag.py:545} INFO - Filling up the DagBag from /home/airflow/.local/lib/python3.12/site-packages/airflow/example_dags/example_datasets.py
[2026-04-15T02:43:15.312+0000] {processor.py:840} INFO - DAG(s) 'dataset_consumes_unknown_never_scheduled', 'consume_1_or_both_2_and_3_with_dataset_expressions', 'dataset_consumes_1_and_2', 'dataset_produces_1', 'conditional_dataset_and_time_based_timetable', 'dataset_consumes_1', 'consume_1_and_2_with_dataset_expressions', 'dataset_produces_2', 'dataset_consumes_1_never_scheduled', 'consume_1_or_2_with_dataset_expressions' retrieved from /home/airflow/.local/lib/python3.12/site-packages/airflow/example_dags/example_datasets.py
[2026-04-15T02:43:15.431+0000] {logging_mixin.py:188} INFO - [2026-04-15T02:43:15.431+0000] {dag.py:3089} INFO - Sync 10 DAGs
[2026-04-15T02:43:15.492+0000] {logging_mixin.py:188} INFO - [2026-04-15T02:43:15.491+0000] {dag.py:3947} INFO - Setting next_dagrun for conditional_dataset_and_time_based_timetable to 2026-04-15 01:00:00+00:00, run_after=2026-04-15 01:00:00+00:00
[2026-04-15T02:43:15.498+0000] {logging_mixin.py:188} INFO - [2026-04-15T02:43:15.498+0000] {dag.py:3947} INFO - Setting next_dagrun for consume_1_and_2_with_dataset_expressions to None, run_after=None
[2026-04-15T02:43:15.501+0000] {logging_mixin.py:188} INFO - [2026-04-15T02:43:15.500+0000] {dag.py:3947} INFO - Setting next_dagrun for consume_1_or_2_with_dataset_expressions to None, run_after=None
[2026-04-15T02:43:15.503+0000] {logging_mixin.py:188} INFO - [2026-04-15T02:43:15.503+0000] {dag.py:3947} INFO - Setting next_dagrun for consume_1_or_both_2_and_3_with_dataset_expressions to None, run_after=None
[2026-04-15T02:43:15.505+0000] {logging_mixin.py:188} INFO - [2026-04-15T02:43:15.504+0000] {dag.py:3947} INFO - Setting next_dagrun for dataset_consumes_1 to None, run_after=None
[2026-04-15T02:43:15.507+0000] {logging_mixin.py:188} INFO - [2026-04-15T02:43:15.507+0000] {dag.py:3947} INFO - Setting next_dagrun for dataset_consumes_1_and_2 to None, run_after=None
[2026-04-15T02:43:15.509+0000] {logging_mixin.py:188} INFO - [2026-04-15T02:43:15.509+0000] {dag.py:3947} INFO - Setting next_dagrun for dataset_consumes_1_never_scheduled to None, run_after=None
[2026-04-15T02:43:15.513+0000] {logging_mixin.py:188} INFO - [2026-04-15T02:43:15.512+0000] {dag.py:3947} INFO - Setting next_dagrun for dataset_consumes_unknown_never_scheduled to None, run_after=None
[2026-04-15T02:43:15.518+0000] {logging_mixin.py:188} INFO - [2026-04-15T02:43:15.517+0000] {dag.py:3947} INFO - Setting next_dagrun for dataset_produces_1 to 2026-04-14 00:00:00+00:00, run_after=2026-04-15 00:00:00+00:00
[2026-04-15T02:43:15.520+0000] {logging_mixin.py:188} INFO - [2026-04-15T02:43:15.519+0000] {dag.py:3947} INFO - Setting next_dagrun for dataset_produces_2 to None, run_after=None
[2026-04-15T02:43:15.624+0000] {processor.py:183} INFO - Processing /home/airflow/.local/lib/python3.12/site-packages/airflow/example_dags/example_datasets.py took 0.346 seconds
[2026-04-15T02:43:45.991+0000] {processor.py:161} INFO - Started process (PID=4505) to work on /home/airflow/.local/lib/python3.12/site-packages/airflow/example_dags/example_datasets.py
[2026-04-15T02:43:46.002+0000] {processor.py:830} INFO - Processing file /home/airflow/.local/lib/python3.12/site-packages/airflow/example_dags/example_datasets.py for tasks to queue
[2026-04-15T02:43:46.010+0000] {logging_mixin.py:188} INFO - [2026-04-15T02:43:46.009+0000] {dagbag.py:545} INFO - Filling up the DagBag from /home/airflow/.local/lib/python3.12/site-packages/airflow/example_dags/example_datasets.py
[2026-04-15T02:43:46.071+0000] {processor.py:840} INFO - DAG(s) 'dataset_consumes_1_never_scheduled', 'dataset_produces_2', 'dataset_consumes_1', 'consume_1_or_2_with_dataset_expressions', 'consume_1_or_both_2_and_3_with_dataset_expressions', 'consume_1_and_2_with_dataset_expressions', 'dataset_consumes_1_and_2', 'dataset_consumes_unknown_never_scheduled', 'conditional_dataset_and_time_based_timetable', 'dataset_produces_1' retrieved from /home/airflow/.local/lib/python3.12/site-packages/airflow/example_dags/example_datasets.py
[2026-04-15T02:43:46.416+0000] {logging_mixin.py:188} INFO - [2026-04-15T02:43:46.412+0000] {dag.py:3089} INFO - Sync 10 DAGs
[2026-04-15T02:43:46.546+0000] {logging_mixin.py:188} INFO - [2026-04-15T02:43:46.545+0000] {dag.py:3947} INFO - Setting next_dagrun for conditional_dataset_and_time_based_timetable to 2026-04-15 01:00:00+00:00, run_after=2026-04-15 01:00:00+00:00
[2026-04-15T02:43:46.557+0000] {logging_mixin.py:188} INFO - [2026-04-15T02:43:46.557+0000] {dag.py:3947} INFO - Setting next_dagrun for consume_1_and_2_with_dataset_expressions to None, run_after=None
[2026-04-15T02:43:46.562+0000] {logging_mixin.py:188} INFO - [2026-04-15T02:43:46.562+0000] {dag.py:3947} INFO - Setting next_dagrun for consume_1_or_2_with_dataset_expressions to None, run_after=None
[2026-04-15T02:43:46.565+0000] {logging_mixin.py:188} INFO - [2026-04-15T02:43:46.565+0000] {dag.py:3947} INFO - Setting next_dagrun for consume_1_or_both_2_and_3_with_dataset_expressions to None, run_after=None
[2026-04-15T02:43:46.568+0000] {logging_mixin.py:188} INFO - [2026-04-15T02:43:46.568+0000] {dag.py:3947} INFO - Setting next_dagrun for dataset_consumes_1 to None, run_after=None
[2026-04-15T02:43:46.572+0000] {logging_mixin.py:188} INFO - [2026-04-15T02:43:46.571+0000] {dag.py:3947} INFO - Setting next_dagrun for dataset_consumes_1_and_2 to None, run_after=None
[2026-04-15T02:43:46.575+0000] {logging_mixin.py:188} INFO - [2026-04-15T02:43:46.574+0000] {dag.py:3947} INFO - Setting next_dagrun for dataset_consumes_1_never_scheduled to None, run_after=None
[2026-04-15T02:43:46.578+0000] {logging_mixin.py:188} INFO - [2026-04-15T02:43:46.577+0000] {dag.py:3947} INFO - Setting next_dagrun for dataset_consumes_unknown_never_scheduled to None, run_after=None
[2026-04-15T02:43:46.583+0000] {logging_mixin.py:188} INFO - [2026-04-15T02:43:46.582+0000] {dag.py:3947} INFO - Setting next_dagrun for dataset_produces_1 to 2026-04-14 00:00:00+00:00, run_after=2026-04-15 00:00:00+00:00
[2026-04-15T02:43:46.586+0000] {logging_mixin.py:188} INFO - [2026-04-15T02:43:46.585+0000] {dag.py:3947} INFO - Setting next_dagrun for dataset_produces_2 to None, run_after=None
[2026-04-15T02:43:46.690+0000] {processor.py:183} INFO - Processing /home/airflow/.local/lib/python3.12/site-packages/airflow/example_dags/example_datasets.py took 0.722 seconds
[2026-04-15T02:44:17.317+0000] {processor.py:161} INFO - Started process (PID=4565) to work on /home/airflow/.local/lib/python3.12/site-packages/airflow/example_dags/example_datasets.py
[2026-04-15T02:44:17.336+0000] {processor.py:830} INFO - Processing file /home/airflow/.local/lib/python3.12/site-packages/airflow/example_dags/example_datasets.py for tasks to queue
[2026-04-15T02:44:17.351+0000] {logging_mixin.py:188} INFO - [2026-04-15T02:44:17.350+0000] {dagbag.py:545} INFO - Filling up the DagBag from /home/airflow/.local/lib/python3.12/site-packages/airflow/example_dags/example_datasets.py
[2026-04-15T02:44:17.480+0000] {processor.py:840} INFO - DAG(s) 'dataset_consumes_unknown_never_scheduled', 'conditional_dataset_and_time_based_timetable', 'dataset_consumes_1_and_2', 'consume_1_or_2_with_dataset_expressions', 'consume_1_or_both_2_and_3_with_dataset_expressions', 'dataset_consumes_1', 'dataset_produces_2', 'dataset_produces_1', 'dataset_consumes_1_never_scheduled', 'consume_1_and_2_with_dataset_expressions' retrieved from /home/airflow/.local/lib/python3.12/site-packages/airflow/example_dags/example_datasets.py
[2026-04-15T02:44:17.625+0000] {logging_mixin.py:188} INFO - [2026-04-15T02:44:17.624+0000] {dag.py:3089} INFO - Sync 10 DAGs
[2026-04-15T02:44:17.713+0000] {logging_mixin.py:188} INFO - [2026-04-15T02:44:17.712+0000] {dag.py:3947} INFO - Setting next_dagrun for conditional_dataset_and_time_based_timetable to 2026-04-15 01:00:00+00:00, run_after=2026-04-15 01:00:00+00:00
[2026-04-15T02:44:17.722+0000] {logging_mixin.py:188} INFO - [2026-04-15T02:44:17.721+0000] {dag.py:3947} INFO - Setting next_dagrun for consume_1_and_2_with_dataset_expressions to None, run_after=None
[2026-04-15T02:44:17.726+0000] {logging_mixin.py:188} INFO - [2026-04-15T02:44:17.726+0000] {dag.py:3947} INFO - Setting next_dagrun for consume_1_or_2_with_dataset_expressions to None, run_after=None
[2026-04-15T02:44:17.730+0000] {logging_mixin.py:188} INFO - [2026-04-15T02:44:17.729+0000] {dag.py:3947} INFO - Setting next_dagrun for consume_1_or_both_2_and_3_with_dataset_expressions to None, run_after=None
[2026-04-15T02:44:17.735+0000] {logging_mixin.py:188} INFO - [2026-04-15T02:44:17.734+0000] {dag.py:3947} INFO - Setting next_dagrun for dataset_consumes_1 to None, run_after=None
[2026-04-15T02:44:17.738+0000] {logging_mixin.py:188} INFO - [2026-04-15T02:44:17.738+0000] {dag.py:3947} INFO - Setting next_dagrun for dataset_consumes_1_and_2 to None, run_after=None
[2026-04-15T02:44:17.742+0000] {logging_mixin.py:188} INFO - [2026-04-15T02:44:17.741+0000] {dag.py:3947} INFO - Setting next_dagrun for dataset_consumes_1_never_scheduled to None, run_after=None
[2026-04-15T02:44:17.745+0000] {logging_mixin.py:188} INFO - [2026-04-15T02:44:17.745+0000] {dag.py:3947} INFO - Setting next_dagrun for dataset_consumes_unknown_never_scheduled to None, run_after=None
[2026-04-15T02:44:17.754+0000] {logging_mixin.py:188} INFO - [2026-04-15T02:44:17.753+0000] {dag.py:3947} INFO - Setting next_dagrun for dataset_produces_1 to 2026-04-14 00:00:00+00:00, run_after=2026-04-15 00:00:00+00:00
[2026-04-15T02:44:17.758+0000] {logging_mixin.py:188} INFO - [2026-04-15T02:44:17.757+0000] {dag.py:3947} INFO - Setting next_dagrun for dataset_produces_2 to None, run_after=None
[2026-04-15T02:44:17.845+0000] {processor.py:183} INFO - Processing /home/airflow/.local/lib/python3.12/site-packages/airflow/example_dags/example_datasets.py took 0.562 seconds
[2026-04-15T02:44:48.314+0000] {processor.py:161} INFO - Started process (PID=4624) to work on /home/airflow/.local/lib/python3.12/site-packages/airflow/example_dags/example_datasets.py
[2026-04-15T02:44:48.321+0000] {processor.py:830} INFO - Processing file /home/airflow/.local/lib/python3.12/site-packages/airflow/example_dags/example_datasets.py for tasks to queue
[2026-04-15T02:44:48.326+0000] {logging_mixin.py:188} INFO - [2026-04-15T02:44:48.325+0000] {dagbag.py:545} INFO - Filling up the DagBag from /home/airflow/.local/lib/python3.12/site-packages/airflow/example_dags/example_datasets.py
[2026-04-15T02:44:48.354+0000] {processor.py:840} INFO - DAG(s) 'dataset_produces_1', 'consume_1_and_2_with_dataset_expressions', 'consume_1_or_both_2_and_3_with_dataset_expressions', 'consume_1_or_2_with_dataset_expressions', 'dataset_produces_2', 'dataset_consumes_1_never_scheduled', 'conditional_dataset_and_time_based_timetable', 'dataset_consumes_unknown_never_scheduled', 'dataset_consumes_1', 'dataset_consumes_1_and_2' retrieved from /home/airflow/.local/lib/python3.12/site-packages/airflow/example_dags/example_datasets.py
[2026-04-15T02:44:48.489+0000] {logging_mixin.py:188} INFO - [2026-04-15T02:44:48.489+0000] {dag.py:3089} INFO - Sync 10 DAGs
[2026-04-15T02:44:48.537+0000] {logging_mixin.py:188} INFO - [2026-04-15T02:44:48.537+0000] {dag.py:3947} INFO - Setting next_dagrun for conditional_dataset_and_time_based_timetable to 2026-04-15 01:00:00+00:00, run_after=2026-04-15 01:00:00+00:00
[2026-04-15T02:44:48.548+0000] {logging_mixin.py:188} INFO - [2026-04-15T02:44:48.548+0000] {dag.py:3947} INFO - Setting next_dagrun for consume_1_and_2_with_dataset_expressions to None, run_after=None
[2026-04-15T02:44:48.552+0000] {logging_mixin.py:188} INFO - [2026-04-15T02:44:48.552+0000] {dag.py:3947} INFO - Setting next_dagrun for consume_1_or_2_with_dataset_expressions to None, run_after=None
[2026-04-15T02:44:48.556+0000] {logging_mixin.py:188} INFO - [2026-04-15T02:44:48.555+0000] {dag.py:3947} INFO - Setting next_dagrun for consume_1_or_both_2_and_3_with_dataset_expressions to None, run_after=None
[2026-04-15T02:44:48.567+0000] {logging_mixin.py:188} INFO - [2026-04-15T02:44:48.566+0000] {dag.py:3947} INFO - Setting next_dagrun for dataset_consumes_1 to None, run_after=None
[2026-04-15T02:44:48.571+0000] {logging_mixin.py:188} INFO - [2026-04-15T02:44:48.570+0000] {dag.py:3947} INFO - Setting next_dagrun for dataset_consumes_1_and_2 to None, run_after=None
[2026-04-15T02:44:48.574+0000] {logging_mixin.py:188} INFO - [2026-04-15T02:44:48.573+0000] {dag.py:3947} INFO - Setting next_dagrun for dataset_consumes_1_never_scheduled to None, run_after=None
[2026-04-15T02:44:48.578+0000] {logging_mixin.py:188} INFO - [2026-04-15T02:44:48.577+0000] {dag.py:3947} INFO - Setting next_dagrun for dataset_consumes_unknown_never_scheduled to None, run_after=None
[2026-04-15T02:44:48.584+0000] {logging_mixin.py:188} INFO - [2026-04-15T02:44:48.583+0000] {dag.py:3947} INFO - Setting next_dagrun for dataset_produces_1 to 2026-04-14 00:00:00+00:00, run_after=2026-04-15 00:00:00+00:00
[2026-04-15T02:44:48.587+0000] {logging_mixin.py:188} INFO - [2026-04-15T02:44:48.587+0000] {dag.py:3947} INFO - Setting next_dagrun for dataset_produces_2 to None, run_after=None
[2026-04-15T02:44:48.660+0000] {processor.py:183} INFO - Processing /home/airflow/.local/lib/python3.12/site-packages/airflow/example_dags/example_datasets.py took 0.370 seconds
[2026-04-15T02:45:18.824+0000] {processor.py:161} INFO - Started process (PID=4683) to work on /home/airflow/.local/lib/python3.12/site-packages/airflow/example_dags/example_datasets.py
[2026-04-15T02:45:18.826+0000] {processor.py:830} INFO - Processing file /home/airflow/.local/lib/python3.12/site-packages/airflow/example_dags/example_datasets.py for tasks to queue
[2026-04-15T02:45:18.837+0000] {logging_mixin.py:188} INFO - [2026-04-15T02:45:18.835+0000] {dagbag.py:545} INFO - Filling up the DagBag from /home/airflow/.local/lib/python3.12/site-packages/airflow/example_dags/example_datasets.py
[2026-04-15T02:45:18.907+0000] {processor.py:840} INFO - DAG(s) 'dataset_produces_1', 'dataset_consumes_1', 'consume_1_or_2_with_dataset_expressions', 'dataset_consumes_1_and_2', 'consume_1_and_2_with_dataset_expressions', 'dataset_consumes_1_never_scheduled', 'consume_1_or_both_2_and_3_with_dataset_expressions', 'conditional_dataset_and_time_based_timetable', 'dataset_consumes_unknown_never_scheduled', 'dataset_produces_2' retrieved from /home/airflow/.local/lib/python3.12/site-packages/airflow/example_dags/example_datasets.py
[2026-04-15T02:45:19.217+0000] {logging_mixin.py:188} INFO - [2026-04-15T02:45:19.216+0000] {dag.py:3089} INFO - Sync 10 DAGs
[2026-04-15T02:45:19.275+0000] {logging_mixin.py:188} INFO - [2026-04-15T02:45:19.275+0000] {dag.py:3947} INFO - Setting next_dagrun for conditional_dataset_and_time_based_timetable to 2026-04-15 01:00:00+00:00, run_after=2026-04-15 01:00:00+00:00
[2026-04-15T02:45:19.284+0000] {logging_mixin.py:188} INFO - [2026-04-15T02:45:19.283+0000] {dag.py:3947} INFO - Setting next_dagrun for consume_1_and_2_with_dataset_expressions to None, run_after=None
[2026-04-15T02:45:19.286+0000] {logging_mixin.py:188} INFO - [2026-04-15T02:45:19.286+0000] {dag.py:3947} INFO - Setting next_dagrun for consume_1_or_2_with_dataset_expressions to None, run_after=None
[2026-04-15T02:45:19.288+0000] {logging_mixin.py:188} INFO - [2026-04-15T02:45:19.287+0000] {dag.py:3947} INFO - Setting next_dagrun for consume_1_or_both_2_and_3_with_dataset_expressions to None, run_after=None
[2026-04-15T02:45:19.290+0000] {logging_mixin.py:188} INFO - [2026-04-15T02:45:19.290+0000] {dag.py:3947} INFO - Setting next_dagrun for dataset_consumes_1 to None, run_after=None
[2026-04-15T02:45:19.292+0000] {logging_mixin.py:188} INFO - [2026-04-15T02:45:19.292+0000] {dag.py:3947} INFO - Setting next_dagrun for dataset_consumes_1_and_2 to None, run_after=None
[2026-04-15T02:45:19.294+0000] {logging_mixin.py:188} INFO - [2026-04-15T02:45:19.294+0000] {dag.py:3947} INFO - Setting next_dagrun for dataset_consumes_1_never_scheduled to None, run_after=None
[2026-04-15T02:45:19.296+0000] {logging_mixin.py:188} INFO - [2026-04-15T02:45:19.296+0000] {dag.py:3947} INFO - Setting next_dagrun for dataset_consumes_unknown_never_scheduled to None, run_after=None
[2026-04-15T02:45:19.303+0000] {logging_mixin.py:188} INFO - [2026-04-15T02:45:19.303+0000] {dag.py:3947} INFO - Setting next_dagrun for dataset_produces_1 to 2026-04-14 00:00:00+00:00, run_after=2026-04-15 00:00:00+00:00
[2026-04-15T02:45:19.307+0000] {logging_mixin.py:188} INFO - [2026-04-15T02:45:19.307+0000] {dag.py:3947} INFO - Setting next_dagrun for dataset_produces_2 to None, run_after=None
[2026-04-15T02:45:19.429+0000] {processor.py:183} INFO - Processing /home/airflow/.local/lib/python3.12/site-packages/airflow/example_dags/example_datasets.py took 0.616 seconds
[2026-04-15T02:45:49.737+0000] {processor.py:161} INFO - Started process (PID=4742) to work on /home/airflow/.local/lib/python3.12/site-packages/airflow/example_dags/example_datasets.py
[2026-04-15T02:45:49.744+0000] {processor.py:830} INFO - Processing file /home/airflow/.local/lib/python3.12/site-packages/airflow/example_dags/example_datasets.py for tasks to queue
[2026-04-15T02:45:49.761+0000] {logging_mixin.py:188} INFO - [2026-04-15T02:45:49.758+0000] {dagbag.py:545} INFO - Filling up the DagBag from /home/airflow/.local/lib/python3.12/site-packages/airflow/example_dags/example_datasets.py
[2026-04-15T02:45:49.826+0000] {processor.py:840} INFO - DAG(s) 'conditional_dataset_and_time_based_timetable', 'dataset_consumes_1_never_scheduled', 'dataset_consumes_1_and_2', 'dataset_consumes_1', 'dataset_produces_2', 'consume_1_or_both_2_and_3_with_dataset_expressions', 'consume_1_or_2_with_dataset_expressions', 'consume_1_and_2_with_dataset_expressions', 'dataset_consumes_unknown_never_scheduled', 'dataset_produces_1' retrieved from /home/airflow/.local/lib/python3.12/site-packages/airflow/example_dags/example_datasets.py
[2026-04-15T02:45:49.981+0000] {logging_mixin.py:188} INFO - [2026-04-15T02:45:49.980+0000] {dag.py:3089} INFO - Sync 10 DAGs
[2026-04-15T02:45:50.087+0000] {logging_mixin.py:188} INFO - [2026-04-15T02:45:50.087+0000] {dag.py:3947} INFO - Setting next_dagrun for conditional_dataset_and_time_based_timetable to 2026-04-15 01:00:00+00:00, run_after=2026-04-15 01:00:00+00:00
[2026-04-15T02:45:50.100+0000] {logging_mixin.py:188} INFO - [2026-04-15T02:45:50.099+0000] {dag.py:3947} INFO - Setting next_dagrun for consume_1_and_2_with_dataset_expressions to None, run_after=None
[2026-04-15T02:45:50.103+0000] {logging_mixin.py:188} INFO - [2026-04-15T02:45:50.103+0000] {dag.py:3947} INFO - Setting next_dagrun for consume_1_or_2_with_dataset_expressions to None, run_after=None
[2026-04-15T02:45:50.106+0000] {logging_mixin.py:188} INFO - [2026-04-15T02:45:50.106+0000] {dag.py:3947} INFO - Setting next_dagrun for consume_1_or_both_2_and_3_with_dataset_expressions to None, run_after=None
[2026-04-15T02:45:50.109+0000] {logging_mixin.py:188} INFO - [2026-04-15T02:45:50.109+0000] {dag.py:3947} INFO - Setting next_dagrun for dataset_consumes_1 to None, run_after=None
[2026-04-15T02:45:50.113+0000] {logging_mixin.py:188} INFO - [2026-04-15T02:45:50.113+0000] {dag.py:3947} INFO - Setting next_dagrun for dataset_consumes_1_and_2 to None, run_after=None
[2026-04-15T02:45:50.117+0000] {logging_mixin.py:188} INFO - [2026-04-15T02:45:50.116+0000] {dag.py:3947} INFO - Setting next_dagrun for dataset_consumes_1_never_scheduled to None, run_after=None
[2026-04-15T02:45:50.120+0000] {logging_mixin.py:188} INFO - [2026-04-15T02:45:50.120+0000] {dag.py:3947} INFO - Setting next_dagrun for dataset_consumes_unknown_never_scheduled to None, run_after=None
[2026-04-15T02:45:50.126+0000] {logging_mixin.py:188} INFO - [2026-04-15T02:45:50.124+0000] {dag.py:3947} INFO - Setting next_dagrun for dataset_produces_1 to 2026-04-14 00:00:00+00:00, run_after=2026-04-15 00:00:00+00:00
[2026-04-15T02:45:50.131+0000] {logging_mixin.py:188} INFO - [2026-04-15T02:45:50.130+0000] {dag.py:3947} INFO - Setting next_dagrun for dataset_produces_2 to None, run_after=None
[2026-04-15T02:45:50.209+0000] {processor.py:183} INFO - Processing /home/airflow/.local/lib/python3.12/site-packages/airflow/example_dags/example_datasets.py took 0.517 seconds
[2026-04-15T02:46:20.395+0000] {processor.py:161} INFO - Started process (PID=4801) to work on /home/airflow/.local/lib/python3.12/site-packages/airflow/example_dags/example_datasets.py
[2026-04-15T02:46:20.399+0000] {processor.py:830} INFO - Processing file /home/airflow/.local/lib/python3.12/site-packages/airflow/example_dags/example_datasets.py for tasks to queue
[2026-04-15T02:46:20.413+0000] {logging_mixin.py:188} INFO - [2026-04-15T02:46:20.410+0000] {dagbag.py:545} INFO - Filling up the DagBag from /home/airflow/.local/lib/python3.12/site-packages/airflow/example_dags/example_datasets.py
[2026-04-15T02:46:20.501+0000] {processor.py:840} INFO - DAG(s) 'dataset_consumes_1_never_scheduled', 'dataset_consumes_1', 'consume_1_and_2_with_dataset_expressions', 'conditional_dataset_and_time_based_timetable', 'consume_1_or_both_2_and_3_with_dataset_expressions', 'dataset_consumes_1_and_2', 'dataset_produces_1', 'dataset_consumes_unknown_never_scheduled', 'consume_1_or_2_with_dataset_expressions', 'dataset_produces_2' retrieved from /home/airflow/.local/lib/python3.12/site-packages/airflow/example_dags/example_datasets.py
[2026-04-15T02:46:20.643+0000] {logging_mixin.py:188} INFO - [2026-04-15T02:46:20.643+0000] {dag.py:3089} INFO - Sync 10 DAGs
[2026-04-15T02:46:20.893+0000] {logging_mixin.py:188} INFO - [2026-04-15T02:46:20.892+0000] {dag.py:3947} INFO - Setting next_dagrun for conditional_dataset_and_time_based_timetable to 2026-04-15 01:00:00+00:00, run_after=2026-04-15 01:00:00+00:00
[2026-04-15T02:46:20.924+0000] {logging_mixin.py:188} INFO - [2026-04-15T02:46:20.923+0000] {dag.py:3947} INFO - Setting next_dagrun for consume_1_and_2_with_dataset_expressions to None, run_after=None
[2026-04-15T02:46:20.937+0000] {logging_mixin.py:188} INFO - [2026-04-15T02:46:20.936+0000] {dag.py:3947} INFO - Setting next_dagrun for consume_1_or_2_with_dataset_expressions to None, run_after=None
[2026-04-15T02:46:20.941+0000] {logging_mixin.py:188} INFO - [2026-04-15T02:46:20.940+0000] {dag.py:3947} INFO - Setting next_dagrun for consume_1_or_both_2_and_3_with_dataset_expressions to None, run_after=None
[2026-04-15T02:46:20.944+0000] {logging_mixin.py:188} INFO - [2026-04-15T02:46:20.944+0000] {dag.py:3947} INFO - Setting next_dagrun for dataset_consumes_1 to None, run_after=None
[2026-04-15T02:46:20.948+0000] {logging_mixin.py:188} INFO - [2026-04-15T02:46:20.948+0000] {dag.py:3947} INFO - Setting next_dagrun for dataset_consumes_1_and_2 to None, run_after=None
[2026-04-15T02:46:20.951+0000] {logging_mixin.py:188} INFO - [2026-04-15T02:46:20.951+0000] {dag.py:3947} INFO - Setting next_dagrun for dataset_consumes_1_never_scheduled to None, run_after=None
[2026-04-15T02:46:20.956+0000] {logging_mixin.py:188} INFO - [2026-04-15T02:46:20.955+0000] {dag.py:3947} INFO - Setting next_dagrun for dataset_consumes_unknown_never_scheduled to None, run_after=None
[2026-04-15T02:46:20.962+0000] {logging_mixin.py:188} INFO - [2026-04-15T02:46:20.962+0000] {dag.py:3947} INFO - Setting next_dagrun for dataset_produces_1 to 2026-04-14 00:00:00+00:00, run_after=2026-04-15 00:00:00+00:00
[2026-04-15T02:46:20.965+0000] {logging_mixin.py:188} INFO - [2026-04-15T02:46:20.965+0000] {dag.py:3947} INFO - Setting next_dagrun for dataset_produces_2 to None, run_after=None
[2026-04-15T02:46:21.116+0000] {processor.py:183} INFO - Processing /home/airflow/.local/lib/python3.12/site-packages/airflow/example_dags/example_datasets.py took 0.749 seconds
[2026-04-15T02:46:51.402+0000] {processor.py:161} INFO - Started process (PID=4861) to work on /home/airflow/.local/lib/python3.12/site-packages/airflow/example_dags/example_datasets.py
[2026-04-15T02:46:51.405+0000] {processor.py:830} INFO - Processing file /home/airflow/.local/lib/python3.12/site-packages/airflow/example_dags/example_datasets.py for tasks to queue
[2026-04-15T02:46:51.411+0000] {logging_mixin.py:188} INFO - [2026-04-15T02:46:51.410+0000] {dagbag.py:545} INFO - Filling up the DagBag from /home/airflow/.local/lib/python3.12/site-packages/airflow/example_dags/example_datasets.py
[2026-04-15T02:46:51.439+0000] {processor.py:840} INFO - DAG(s) 'dataset_consumes_1', 'dataset_consumes_1_never_scheduled', 'dataset_consumes_unknown_never_scheduled', 'dataset_produces_1', 'dataset_produces_2', 'consume_1_or_2_with_dataset_expressions', 'conditional_dataset_and_time_based_timetable', 'dataset_consumes_1_and_2', 'consume_1_or_both_2_and_3_with_dataset_expressions', 'consume_1_and_2_with_dataset_expressions' retrieved from /home/airflow/.local/lib/python3.12/site-packages/airflow/example_dags/example_datasets.py
[2026-04-15T02:46:51.537+0000] {logging_mixin.py:188} INFO - [2026-04-15T02:46:51.536+0000] {dag.py:3089} INFO - Sync 10 DAGs
[2026-04-15T02:46:51.583+0000] {logging_mixin.py:188} INFO - [2026-04-15T02:46:51.582+0000] {dag.py:3947} INFO - Setting next_dagrun for conditional_dataset_and_time_based_timetable to 2026-04-15 01:00:00+00:00, run_after=2026-04-15 01:00:00+00:00
[2026-04-15T02:46:51.598+0000] {logging_mixin.py:188} INFO - [2026-04-15T02:46:51.598+0000] {dag.py:3947} INFO - Setting next_dagrun for consume_1_and_2_with_dataset_expressions to None, run_after=None
[2026-04-15T02:46:51.602+0000] {logging_mixin.py:188} INFO - [2026-04-15T02:46:51.602+0000] {dag.py:3947} INFO - Setting next_dagrun for consume_1_or_2_with_dataset_expressions to None, run_after=None
[2026-04-15T02:46:51.605+0000] {logging_mixin.py:188} INFO - [2026-04-15T02:46:51.605+0000] {dag.py:3947} INFO - Setting next_dagrun for consume_1_or_both_2_and_3_with_dataset_expressions to None, run_after=None
[2026-04-15T02:46:51.608+0000] {logging_mixin.py:188} INFO - [2026-04-15T02:46:51.608+0000] {dag.py:3947} INFO - Setting next_dagrun for dataset_consumes_1 to None, run_after=None
[2026-04-15T02:46:51.611+0000] {logging_mixin.py:188} INFO - [2026-04-15T02:46:51.611+0000] {dag.py:3947} INFO - Setting next_dagrun for dataset_consumes_1_and_2 to None, run_after=None
[2026-04-15T02:46:51.614+0000] {logging_mixin.py:188} INFO - [2026-04-15T02:46:51.614+0000] {dag.py:3947} INFO - Setting next_dagrun for dataset_consumes_1_never_scheduled to None, run_after=None
[2026-04-15T02:46:51.617+0000] {logging_mixin.py:188} INFO - [2026-04-15T02:46:51.617+0000] {dag.py:3947} INFO - Setting next_dagrun for dataset_consumes_unknown_never_scheduled to None, run_after=None
[2026-04-15T02:46:51.623+0000] {logging_mixin.py:188} INFO - [2026-04-15T02:46:51.622+0000] {dag.py:3947} INFO - Setting next_dagrun for dataset_produces_1 to 2026-04-14 00:00:00+00:00, run_after=2026-04-15 00:00:00+00:00
[2026-04-15T02:46:51.626+0000] {logging_mixin.py:188} INFO - [2026-04-15T02:46:51.625+0000] {dag.py:3947} INFO - Setting next_dagrun for dataset_produces_2 to None, run_after=None
[2026-04-15T02:46:51.710+0000] {processor.py:183} INFO - Processing /home/airflow/.local/lib/python3.12/site-packages/airflow/example_dags/example_datasets.py took 0.326 seconds
[2026-04-15T02:47:22.221+0000] {processor.py:161} INFO - Started process (PID=4919) to work on /home/airflow/.local/lib/python3.12/site-packages/airflow/example_dags/example_datasets.py
[2026-04-15T02:47:22.227+0000] {processor.py:830} INFO - Processing file /home/airflow/.local/lib/python3.12/site-packages/airflow/example_dags/example_datasets.py for tasks to queue
[2026-04-15T02:47:22.230+0000] {logging_mixin.py:188} INFO - [2026-04-15T02:47:22.229+0000] {dagbag.py:545} INFO - Filling up the DagBag from /home/airflow/.local/lib/python3.12/site-packages/airflow/example_dags/example_datasets.py
[2026-04-15T02:47:22.352+0000] {processor.py:840} INFO - DAG(s) 'consume_1_and_2_with_dataset_expressions', 'conditional_dataset_and_time_based_timetable', 'dataset_consumes_1', 'dataset_produces_1', 'consume_1_or_both_2_and_3_with_dataset_expressions', 'dataset_consumes_1_and_2', 'dataset_consumes_unknown_never_scheduled', 'dataset_consumes_1_never_scheduled', 'dataset_produces_2', 'consume_1_or_2_with_dataset_expressions' retrieved from /home/airflow/.local/lib/python3.12/site-packages/airflow/example_dags/example_datasets.py
[2026-04-15T02:47:22.550+0000] {logging_mixin.py:188} INFO - [2026-04-15T02:47:22.549+0000] {dag.py:3089} INFO - Sync 10 DAGs
[2026-04-15T02:47:22.689+0000] {logging_mixin.py:188} INFO - [2026-04-15T02:47:22.688+0000] {dag.py:3947} INFO - Setting next_dagrun for conditional_dataset_and_time_based_timetable to 2026-04-15 01:00:00+00:00, run_after=2026-04-15 01:00:00+00:00
[2026-04-15T02:47:22.697+0000] {logging_mixin.py:188} INFO - [2026-04-15T02:47:22.696+0000] {dag.py:3947} INFO - Setting next_dagrun for consume_1_and_2_with_dataset_expressions to None, run_after=None
[2026-04-15T02:47:22.700+0000] {logging_mixin.py:188} INFO - [2026-04-15T02:47:22.700+0000] {dag.py:3947} INFO - Setting next_dagrun for consume_1_or_2_with_dataset_expressions to None, run_after=None
[2026-04-15T02:47:22.703+0000] {logging_mixin.py:188} INFO - [2026-04-15T02:47:22.702+0000] {dag.py:3947} INFO - Setting next_dagrun for consume_1_or_both_2_and_3_with_dataset_expressions to None, run_after=None
[2026-04-15T02:47:22.705+0000] {logging_mixin.py:188} INFO - [2026-04-15T02:47:22.705+0000] {dag.py:3947} INFO - Setting next_dagrun for dataset_consumes_1 to None, run_after=None
[2026-04-15T02:47:22.708+0000] {logging_mixin.py:188} INFO - [2026-04-15T02:47:22.708+0000] {dag.py:3947} INFO - Setting next_dagrun for dataset_consumes_1_and_2 to None, run_after=None
[2026-04-15T02:47:22.710+0000] {logging_mixin.py:188} INFO - [2026-04-15T02:47:22.710+0000] {dag.py:3947} INFO - Setting next_dagrun for dataset_consumes_1_never_scheduled to None, run_after=None
[2026-04-15T02:47:22.713+0000] {logging_mixin.py:188} INFO - [2026-04-15T02:47:22.712+0000] {dag.py:3947} INFO - Setting next_dagrun for dataset_consumes_unknown_never_scheduled to None, run_after=None
[2026-04-15T02:47:22.718+0000] {logging_mixin.py:188} INFO - [2026-04-15T02:47:22.718+0000] {dag.py:3947} INFO - Setting next_dagrun for dataset_produces_1 to 2026-04-14 00:00:00+00:00, run_after=2026-04-15 00:00:00+00:00
[2026-04-15T02:47:22.721+0000] {logging_mixin.py:188} INFO - [2026-04-15T02:47:22.720+0000] {dag.py:3947} INFO - Setting next_dagrun for dataset_produces_2 to None, run_after=None
[2026-04-15T02:47:22.828+0000] {processor.py:183} INFO - Processing /home/airflow/.local/lib/python3.12/site-packages/airflow/example_dags/example_datasets.py took 0.650 seconds
[2026-04-15T02:47:53.673+0000] {processor.py:161} INFO - Started process (PID=4979) to work on /home/airflow/.local/lib/python3.12/site-packages/airflow/example_dags/example_datasets.py
[2026-04-15T02:47:53.685+0000] {processor.py:830} INFO - Processing file /home/airflow/.local/lib/python3.12/site-packages/airflow/example_dags/example_datasets.py for tasks to queue
[2026-04-15T02:47:53.688+0000] {logging_mixin.py:188} INFO - [2026-04-15T02:47:53.688+0000] {dagbag.py:545} INFO - Filling up the DagBag from /home/airflow/.local/lib/python3.12/site-packages/airflow/example_dags/example_datasets.py
[2026-04-15T02:47:53.734+0000] {processor.py:840} INFO - DAG(s) 'consume_1_and_2_with_dataset_expressions', 'consume_1_or_both_2_and_3_with_dataset_expressions', 'dataset_consumes_unknown_never_scheduled', 'conditional_dataset_and_time_based_timetable', 'consume_1_or_2_with_dataset_expressions', 'dataset_produces_2', 'dataset_consumes_1_and_2', 'dataset_consumes_1_never_scheduled', 'dataset_consumes_1', 'dataset_produces_1' retrieved from /home/airflow/.local/lib/python3.12/site-packages/airflow/example_dags/example_datasets.py
[2026-04-15T02:47:53.846+0000] {logging_mixin.py:188} INFO - [2026-04-15T02:47:53.846+0000] {dag.py:3089} INFO - Sync 10 DAGs
[2026-04-15T02:47:53.893+0000] {logging_mixin.py:188} INFO - [2026-04-15T02:47:53.892+0000] {dag.py:3947} INFO - Setting next_dagrun for conditional_dataset_and_time_based_timetable to 2026-04-15 01:00:00+00:00, run_after=2026-04-15 01:00:00+00:00
[2026-04-15T02:47:53.898+0000] {logging_mixin.py:188} INFO - [2026-04-15T02:47:53.897+0000] {dag.py:3947} INFO - Setting next_dagrun for consume_1_and_2_with_dataset_expressions to None, run_after=None
[2026-04-15T02:47:53.900+0000] {logging_mixin.py:188} INFO - [2026-04-15T02:47:53.900+0000] {dag.py:3947} INFO - Setting next_dagrun for consume_1_or_2_with_dataset_expressions to None, run_after=None
[2026-04-15T02:47:53.903+0000] {logging_mixin.py:188} INFO - [2026-04-15T02:47:53.903+0000] {dag.py:3947} INFO - Setting next_dagrun for consume_1_or_both_2_and_3_with_dataset_expressions to None, run_after=None
[2026-04-15T02:47:53.907+0000] {logging_mixin.py:188} INFO - [2026-04-15T02:47:53.906+0000] {dag.py:3947} INFO - Setting next_dagrun for dataset_consumes_1 to None, run_after=None
[2026-04-15T02:47:53.909+0000] {logging_mixin.py:188} INFO - [2026-04-15T02:47:53.909+0000] {dag.py:3947} INFO - Setting next_dagrun for dataset_consumes_1_and_2 to None, run_after=None
[2026-04-15T02:47:53.912+0000] {logging_mixin.py:188} INFO - [2026-04-15T02:47:53.911+0000] {dag.py:3947} INFO - Setting next_dagrun for dataset_consumes_1_never_scheduled to None, run_after=None
[2026-04-15T02:47:53.914+0000] {logging_mixin.py:188} INFO - [2026-04-15T02:47:53.914+0000] {dag.py:3947} INFO - Setting next_dagrun for dataset_consumes_unknown_never_scheduled to None, run_after=None
[2026-04-15T02:47:53.917+0000] {logging_mixin.py:188} INFO - [2026-04-15T02:47:53.917+0000] {dag.py:3947} INFO - Setting next_dagrun for dataset_produces_1 to 2026-04-14 00:00:00+00:00, run_after=2026-04-15 00:00:00+00:00
[2026-04-15T02:47:53.919+0000] {logging_mixin.py:188} INFO - [2026-04-15T02:47:53.918+0000] {dag.py:3947} INFO - Setting next_dagrun for dataset_produces_2 to None, run_after=None
[2026-04-15T02:47:53.985+0000] {processor.py:183} INFO - Processing /home/airflow/.local/lib/python3.12/site-packages/airflow/example_dags/example_datasets.py took 0.341 seconds
[2026-04-15T02:50:34.336+0000] {processor.py:161} INFO - Started process (PID=68) to work on /home/airflow/.local/lib/python3.12/site-packages/airflow/example_dags/example_datasets.py
[2026-04-15T02:50:34.338+0000] {processor.py:830} INFO - Processing file /home/airflow/.local/lib/python3.12/site-packages/airflow/example_dags/example_datasets.py for tasks to queue
[2026-04-15T02:50:34.340+0000] {logging_mixin.py:188} INFO - [2026-04-15T02:50:34.339+0000] {dagbag.py:545} INFO - Filling up the DagBag from /home/airflow/.local/lib/python3.12/site-packages/airflow/example_dags/example_datasets.py
[2026-04-15T02:50:34.400+0000] {processor.py:840} INFO - DAG(s) 'dataset_consumes_1_never_scheduled', 'consume_1_or_both_2_and_3_with_dataset_expressions', 'dataset_produces_1', 'consume_1_and_2_with_dataset_expressions', 'dataset_produces_2', 'dataset_consumes_1_and_2', 'consume_1_or_2_with_dataset_expressions', 'dataset_consumes_unknown_never_scheduled', 'conditional_dataset_and_time_based_timetable', 'dataset_consumes_1' retrieved from /home/airflow/.local/lib/python3.12/site-packages/airflow/example_dags/example_datasets.py
[2026-04-15T02:50:35.258+0000] {logging_mixin.py:188} INFO - [2026-04-15T02:50:35.257+0000] {dag.py:3089} INFO - Sync 10 DAGs
[2026-04-15T02:50:35.314+0000] {logging_mixin.py:188} INFO - [2026-04-15T02:50:35.314+0000] {dag.py:3947} INFO - Setting next_dagrun for conditional_dataset_and_time_based_timetable to 2026-04-15 01:00:00+00:00, run_after=2026-04-15 01:00:00+00:00
[2026-04-15T02:50:35.323+0000] {logging_mixin.py:188} INFO - [2026-04-15T02:50:35.323+0000] {dag.py:3947} INFO - Setting next_dagrun for consume_1_and_2_with_dataset_expressions to None, run_after=None
[2026-04-15T02:50:35.333+0000] {logging_mixin.py:188} INFO - [2026-04-15T02:50:35.332+0000] {dag.py:3947} INFO - Setting next_dagrun for consume_1_or_2_with_dataset_expressions to None, run_after=None
[2026-04-15T02:50:35.335+0000] {logging_mixin.py:188} INFO - [2026-04-15T02:50:35.334+0000] {dag.py:3947} INFO - Setting next_dagrun for consume_1_or_both_2_and_3_with_dataset_expressions to None, run_after=None
[2026-04-15T02:50:35.337+0000] {logging_mixin.py:188} INFO - [2026-04-15T02:50:35.337+0000] {dag.py:3947} INFO - Setting next_dagrun for dataset_consumes_1 to None, run_after=None
[2026-04-15T02:50:35.340+0000] {logging_mixin.py:188} INFO - [2026-04-15T02:50:35.339+0000] {dag.py:3947} INFO - Setting next_dagrun for dataset_consumes_1_and_2 to None, run_after=None
[2026-04-15T02:50:35.343+0000] {logging_mixin.py:188} INFO - [2026-04-15T02:50:35.342+0000] {dag.py:3947} INFO - Setting next_dagrun for dataset_consumes_1_never_scheduled to None, run_after=None
[2026-04-15T02:50:35.345+0000] {logging_mixin.py:188} INFO - [2026-04-15T02:50:35.345+0000] {dag.py:3947} INFO - Setting next_dagrun for dataset_consumes_unknown_never_scheduled to None, run_after=None
[2026-04-15T02:50:35.350+0000] {logging_mixin.py:188} INFO - [2026-04-15T02:50:35.349+0000] {dag.py:3947} INFO - Setting next_dagrun for dataset_produces_1 to 2026-04-14 00:00:00+00:00, run_after=2026-04-15 00:00:00+00:00
[2026-04-15T02:50:35.352+0000] {logging_mixin.py:188} INFO - [2026-04-15T02:50:35.352+0000] {dag.py:3947} INFO - Setting next_dagrun for dataset_produces_2 to None, run_after=None
[2026-04-15T02:50:35.432+0000] {processor.py:183} INFO - Processing /home/airflow/.local/lib/python3.12/site-packages/airflow/example_dags/example_datasets.py took 1.105 seconds
[2026-04-15T02:51:11.755+0000] {processor.py:161} INFO - Started process (PID=48) to work on /home/airflow/.local/lib/python3.12/site-packages/airflow/example_dags/example_datasets.py
[2026-04-15T02:51:11.765+0000] {processor.py:830} INFO - Processing file /home/airflow/.local/lib/python3.12/site-packages/airflow/example_dags/example_datasets.py for tasks to queue
[2026-04-15T02:51:11.769+0000] {logging_mixin.py:188} INFO - [2026-04-15T02:51:11.769+0000] {dagbag.py:545} INFO - Filling up the DagBag from /home/airflow/.local/lib/python3.12/site-packages/airflow/example_dags/example_datasets.py
[2026-04-15T02:51:11.818+0000] {processor.py:840} INFO - DAG(s) 'consume_1_or_2_with_dataset_expressions', 'conditional_dataset_and_time_based_timetable', 'dataset_consumes_1_and_2', 'dataset_consumes_1', 'dataset_produces_2', 'dataset_consumes_unknown_never_scheduled', 'dataset_produces_1', 'consume_1_and_2_with_dataset_expressions', 'consume_1_or_both_2_and_3_with_dataset_expressions', 'dataset_consumes_1_never_scheduled' retrieved from /home/airflow/.local/lib/python3.12/site-packages/airflow/example_dags/example_datasets.py
[2026-04-15T02:51:11.945+0000] {logging_mixin.py:188} INFO - [2026-04-15T02:51:11.944+0000] {dag.py:3089} INFO - Sync 10 DAGs
[2026-04-15T02:51:12.016+0000] {logging_mixin.py:188} INFO - [2026-04-15T02:51:12.015+0000] {dag.py:3947} INFO - Setting next_dagrun for conditional_dataset_and_time_based_timetable to 2026-04-15 01:00:00+00:00, run_after=2026-04-15 01:00:00+00:00
[2026-04-15T02:51:12.020+0000] {logging_mixin.py:188} INFO - [2026-04-15T02:51:12.020+0000] {dag.py:3947} INFO - Setting next_dagrun for consume_1_and_2_with_dataset_expressions to None, run_after=None
[2026-04-15T02:51:12.022+0000] {logging_mixin.py:188} INFO - [2026-04-15T02:51:12.022+0000] {dag.py:3947} INFO - Setting next_dagrun for consume_1_or_2_with_dataset_expressions to None, run_after=None
[2026-04-15T02:51:12.024+0000] {logging_mixin.py:188} INFO - [2026-04-15T02:51:12.024+0000] {dag.py:3947} INFO - Setting next_dagrun for consume_1_or_both_2_and_3_with_dataset_expressions to None, run_after=None
[2026-04-15T02:51:12.026+0000] {logging_mixin.py:188} INFO - [2026-04-15T02:51:12.026+0000] {dag.py:3947} INFO - Setting next_dagrun for dataset_consumes_1 to None, run_after=None
[2026-04-15T02:51:12.029+0000] {logging_mixin.py:188} INFO - [2026-04-15T02:51:12.029+0000] {dag.py:3947} INFO - Setting next_dagrun for dataset_consumes_1_and_2 to None, run_after=None
[2026-04-15T02:51:12.033+0000] {logging_mixin.py:188} INFO - [2026-04-15T02:51:12.032+0000] {dag.py:3947} INFO - Setting next_dagrun for dataset_consumes_1_never_scheduled to None, run_after=None
[2026-04-15T02:51:12.036+0000] {logging_mixin.py:188} INFO - [2026-04-15T02:51:12.036+0000] {dag.py:3947} INFO - Setting next_dagrun for dataset_consumes_unknown_never_scheduled to None, run_after=None
[2026-04-15T02:51:12.039+0000] {logging_mixin.py:188} INFO - [2026-04-15T02:51:12.039+0000] {dag.py:3947} INFO - Setting next_dagrun for dataset_produces_1 to 2026-04-14 00:00:00+00:00, run_after=2026-04-15 00:00:00+00:00
[2026-04-15T02:51:12.041+0000] {logging_mixin.py:188} INFO - [2026-04-15T02:51:12.041+0000] {dag.py:3947} INFO - Setting next_dagrun for dataset_produces_2 to None, run_after=None
[2026-04-15T02:51:12.121+0000] {processor.py:183} INFO - Processing /home/airflow/.local/lib/python3.12/site-packages/airflow/example_dags/example_datasets.py took 0.376 seconds
[2026-04-15T02:51:42.302+0000] {processor.py:161} INFO - Started process (PID=107) to work on /home/airflow/.local/lib/python3.12/site-packages/airflow/example_dags/example_datasets.py
[2026-04-15T02:51:42.304+0000] {processor.py:830} INFO - Processing file /home/airflow/.local/lib/python3.12/site-packages/airflow/example_dags/example_datasets.py for tasks to queue
[2026-04-15T02:51:42.313+0000] {logging_mixin.py:188} INFO - [2026-04-15T02:51:42.312+0000] {dagbag.py:545} INFO - Filling up the DagBag from /home/airflow/.local/lib/python3.12/site-packages/airflow/example_dags/example_datasets.py
[2026-04-15T02:51:42.424+0000] {processor.py:840} INFO - DAG(s) 'dataset_produces_2', 'dataset_consumes_1_never_scheduled', 'dataset_consumes_unknown_never_scheduled', 'dataset_consumes_1_and_2', 'consume_1_or_both_2_and_3_with_dataset_expressions', 'dataset_consumes_1', 'conditional_dataset_and_time_based_timetable', 'consume_1_and_2_with_dataset_expressions', 'consume_1_or_2_with_dataset_expressions', 'dataset_produces_1' retrieved from /home/airflow/.local/lib/python3.12/site-packages/airflow/example_dags/example_datasets.py
[2026-04-15T02:51:42.727+0000] {logging_mixin.py:188} INFO - [2026-04-15T02:51:42.725+0000] {dag.py:3089} INFO - Sync 10 DAGs
[2026-04-15T02:51:42.909+0000] {logging_mixin.py:188} INFO - [2026-04-15T02:51:42.908+0000] {dag.py:3947} INFO - Setting next_dagrun for conditional_dataset_and_time_based_timetable to 2026-04-15 01:00:00+00:00, run_after=2026-04-15 01:00:00+00:00
[2026-04-15T02:51:42.926+0000] {logging_mixin.py:188} INFO - [2026-04-15T02:51:42.925+0000] {dag.py:3947} INFO - Setting next_dagrun for consume_1_and_2_with_dataset_expressions to None, run_after=None
[2026-04-15T02:51:42.956+0000] {logging_mixin.py:188} INFO - [2026-04-15T02:51:42.955+0000] {dag.py:3947} INFO - Setting next_dagrun for consume_1_or_2_with_dataset_expressions to None, run_after=None
[2026-04-15T02:51:42.960+0000] {logging_mixin.py:188} INFO - [2026-04-15T02:51:42.960+0000] {dag.py:3947} INFO - Setting next_dagrun for consume_1_or_both_2_and_3_with_dataset_expressions to None, run_after=None
[2026-04-15T02:51:42.963+0000] {logging_mixin.py:188} INFO - [2026-04-15T02:51:42.963+0000] {dag.py:3947} INFO - Setting next_dagrun for dataset_consumes_1 to None, run_after=None
[2026-04-15T02:51:42.967+0000] {logging_mixin.py:188} INFO - [2026-04-15T02:51:42.966+0000] {dag.py:3947} INFO - Setting next_dagrun for dataset_consumes_1_and_2 to None, run_after=None
[2026-04-15T02:51:42.969+0000] {logging_mixin.py:188} INFO - [2026-04-15T02:51:42.969+0000] {dag.py:3947} INFO - Setting next_dagrun for dataset_consumes_1_never_scheduled to None, run_after=None
[2026-04-15T02:51:42.974+0000] {logging_mixin.py:188} INFO - [2026-04-15T02:51:42.973+0000] {dag.py:3947} INFO - Setting next_dagrun for dataset_consumes_unknown_never_scheduled to None, run_after=None
[2026-04-15T02:51:42.985+0000] {logging_mixin.py:188} INFO - [2026-04-15T02:51:42.984+0000] {dag.py:3947} INFO - Setting next_dagrun for dataset_produces_1 to 2026-04-14 00:00:00+00:00, run_after=2026-04-15 00:00:00+00:00
[2026-04-15T02:51:42.988+0000] {logging_mixin.py:188} INFO - [2026-04-15T02:51:42.987+0000] {dag.py:3947} INFO - Setting next_dagrun for dataset_produces_2 to None, run_after=None
[2026-04-15T02:51:43.103+0000] {processor.py:183} INFO - Processing /home/airflow/.local/lib/python3.12/site-packages/airflow/example_dags/example_datasets.py took 0.825 seconds
[2026-04-15T02:52:13.637+0000] {processor.py:161} INFO - Started process (PID=172) to work on /home/airflow/.local/lib/python3.12/site-packages/airflow/example_dags/example_datasets.py
[2026-04-15T02:52:13.640+0000] {processor.py:830} INFO - Processing file /home/airflow/.local/lib/python3.12/site-packages/airflow/example_dags/example_datasets.py for tasks to queue
[2026-04-15T02:52:13.649+0000] {logging_mixin.py:188} INFO - [2026-04-15T02:52:13.646+0000] {dagbag.py:545} INFO - Filling up the DagBag from /home/airflow/.local/lib/python3.12/site-packages/airflow/example_dags/example_datasets.py
[2026-04-15T02:52:13.687+0000] {processor.py:840} INFO - DAG(s) 'dataset_consumes_unknown_never_scheduled', 'consume_1_or_2_with_dataset_expressions', 'dataset_produces_1', 'consume_1_and_2_with_dataset_expressions', 'consume_1_or_both_2_and_3_with_dataset_expressions', 'dataset_consumes_1', 'dataset_consumes_1_never_scheduled', 'dataset_produces_2', 'dataset_consumes_1_and_2', 'conditional_dataset_and_time_based_timetable' retrieved from /home/airflow/.local/lib/python3.12/site-packages/airflow/example_dags/example_datasets.py
[2026-04-15T02:52:13.881+0000] {logging_mixin.py:188} INFO - [2026-04-15T02:52:13.880+0000] {dag.py:3089} INFO - Sync 10 DAGs
[2026-04-15T02:52:14.000+0000] {logging_mixin.py:188} INFO - [2026-04-15T02:52:14.000+0000] {dag.py:3947} INFO - Setting next_dagrun for conditional_dataset_and_time_based_timetable to 2026-04-15 01:00:00+00:00, run_after=2026-04-15 01:00:00+00:00
[2026-04-15T02:52:14.007+0000] {logging_mixin.py:188} INFO - [2026-04-15T02:52:14.007+0000] {dag.py:3947} INFO - Setting next_dagrun for consume_1_and_2_with_dataset_expressions to None, run_after=None
[2026-04-15T02:52:14.009+0000] {logging_mixin.py:188} INFO - [2026-04-15T02:52:14.009+0000] {dag.py:3947} INFO - Setting next_dagrun for consume_1_or_2_with_dataset_expressions to None, run_after=None
[2026-04-15T02:52:14.012+0000] {logging_mixin.py:188} INFO - [2026-04-15T02:52:14.011+0000] {dag.py:3947} INFO - Setting next_dagrun for consume_1_or_both_2_and_3_with_dataset_expressions to None, run_after=None
[2026-04-15T02:52:14.013+0000] {logging_mixin.py:188} INFO - [2026-04-15T02:52:14.013+0000] {dag.py:3947} INFO - Setting next_dagrun for dataset_consumes_1 to None, run_after=None
[2026-04-15T02:52:14.015+0000] {logging_mixin.py:188} INFO - [2026-04-15T02:52:14.015+0000] {dag.py:3947} INFO - Setting next_dagrun for dataset_consumes_1_and_2 to None, run_after=None
[2026-04-15T02:52:14.017+0000] {logging_mixin.py:188} INFO - [2026-04-15T02:52:14.017+0000] {dag.py:3947} INFO - Setting next_dagrun for dataset_consumes_1_never_scheduled to None, run_after=None
[2026-04-15T02:52:14.020+0000] {logging_mixin.py:188} INFO - [2026-04-15T02:52:14.019+0000] {dag.py:3947} INFO - Setting next_dagrun for dataset_consumes_unknown_never_scheduled to None, run_after=None
[2026-04-15T02:52:14.023+0000] {logging_mixin.py:188} INFO - [2026-04-15T02:52:14.023+0000] {dag.py:3947} INFO - Setting next_dagrun for dataset_produces_1 to 2026-04-14 00:00:00+00:00, run_after=2026-04-15 00:00:00+00:00
[2026-04-15T02:52:14.026+0000] {logging_mixin.py:188} INFO - [2026-04-15T02:52:14.025+0000] {dag.py:3947} INFO - Setting next_dagrun for dataset_produces_2 to None, run_after=None
[2026-04-15T02:52:14.113+0000] {processor.py:183} INFO - Processing /home/airflow/.local/lib/python3.12/site-packages/airflow/example_dags/example_datasets.py took 0.492 seconds
[2026-04-15T02:52:44.231+0000] {processor.py:161} INFO - Started process (PID=232) to work on /home/airflow/.local/lib/python3.12/site-packages/airflow/example_dags/example_datasets.py
[2026-04-15T02:52:44.232+0000] {processor.py:830} INFO - Processing file /home/airflow/.local/lib/python3.12/site-packages/airflow/example_dags/example_datasets.py for tasks to queue
[2026-04-15T02:52:44.237+0000] {logging_mixin.py:188} INFO - [2026-04-15T02:52:44.237+0000] {dagbag.py:545} INFO - Filling up the DagBag from /home/airflow/.local/lib/python3.12/site-packages/airflow/example_dags/example_datasets.py
[2026-04-15T02:52:44.271+0000] {processor.py:840} INFO - DAG(s) 'dataset_consumes_1_and_2', 'dataset_consumes_1_never_scheduled', 'dataset_produces_1', 'consume_1_or_2_with_dataset_expressions', 'consume_1_or_both_2_and_3_with_dataset_expressions', 'dataset_produces_2', 'dataset_consumes_unknown_never_scheduled', 'consume_1_and_2_with_dataset_expressions', 'dataset_consumes_1', 'conditional_dataset_and_time_based_timetable' retrieved from /home/airflow/.local/lib/python3.12/site-packages/airflow/example_dags/example_datasets.py
[2026-04-15T02:52:44.367+0000] {logging_mixin.py:188} INFO - [2026-04-15T02:52:44.366+0000] {dag.py:3089} INFO - Sync 10 DAGs
[2026-04-15T02:52:44.435+0000] {logging_mixin.py:188} INFO - [2026-04-15T02:52:44.435+0000] {dag.py:3947} INFO - Setting next_dagrun for conditional_dataset_and_time_based_timetable to 2026-04-15 01:00:00+00:00, run_after=2026-04-15 01:00:00+00:00
[2026-04-15T02:52:44.444+0000] {logging_mixin.py:188} INFO - [2026-04-15T02:52:44.443+0000] {dag.py:3947} INFO - Setting next_dagrun for consume_1_and_2_with_dataset_expressions to None, run_after=None
[2026-04-15T02:52:44.446+0000] {logging_mixin.py:188} INFO - [2026-04-15T02:52:44.446+0000] {dag.py:3947} INFO - Setting next_dagrun for consume_1_or_2_with_dataset_expressions to None, run_after=None
[2026-04-15T02:52:44.449+0000] {logging_mixin.py:188} INFO - [2026-04-15T02:52:44.448+0000] {dag.py:3947} INFO - Setting next_dagrun for consume_1_or_both_2_and_3_with_dataset_expressions to None, run_after=None
[2026-04-15T02:52:44.451+0000] {logging_mixin.py:188} INFO - [2026-04-15T02:52:44.451+0000] {dag.py:3947} INFO - Setting next_dagrun for dataset_consumes_1 to None, run_after=None
[2026-04-15T02:52:44.454+0000] {logging_mixin.py:188} INFO - [2026-04-15T02:52:44.453+0000] {dag.py:3947} INFO - Setting next_dagrun for dataset_consumes_1_and_2 to None, run_after=None
[2026-04-15T02:52:44.456+0000] {logging_mixin.py:188} INFO - [2026-04-15T02:52:44.455+0000] {dag.py:3947} INFO - Setting next_dagrun for dataset_consumes_1_never_scheduled to None, run_after=None
[2026-04-15T02:52:44.458+0000] {logging_mixin.py:188} INFO - [2026-04-15T02:52:44.457+0000] {dag.py:3947} INFO - Setting next_dagrun for dataset_consumes_unknown_never_scheduled to None, run_after=None
[2026-04-15T02:52:44.463+0000] {logging_mixin.py:188} INFO - [2026-04-15T02:52:44.462+0000] {dag.py:3947} INFO - Setting next_dagrun for dataset_produces_1 to 2026-04-14 00:00:00+00:00, run_after=2026-04-15 00:00:00+00:00
[2026-04-15T02:52:44.465+0000] {logging_mixin.py:188} INFO - [2026-04-15T02:52:44.465+0000] {dag.py:3947} INFO - Setting next_dagrun for dataset_produces_2 to None, run_after=None
[2026-04-15T02:52:44.552+0000] {processor.py:183} INFO - Processing /home/airflow/.local/lib/python3.12/site-packages/airflow/example_dags/example_datasets.py took 0.329 seconds
[2026-04-15T02:53:15.386+0000] {processor.py:161} INFO - Started process (PID=291) to work on /home/airflow/.local/lib/python3.12/site-packages/airflow/example_dags/example_datasets.py
[2026-04-15T02:53:15.396+0000] {processor.py:830} INFO - Processing file /home/airflow/.local/lib/python3.12/site-packages/airflow/example_dags/example_datasets.py for tasks to queue
[2026-04-15T02:53:15.399+0000] {logging_mixin.py:188} INFO - [2026-04-15T02:53:15.398+0000] {dagbag.py:545} INFO - Filling up the DagBag from /home/airflow/.local/lib/python3.12/site-packages/airflow/example_dags/example_datasets.py
[2026-04-15T02:53:15.415+0000] {processor.py:840} INFO - DAG(s) 'consume_1_and_2_with_dataset_expressions', 'dataset_consumes_1_and_2', 'dataset_consumes_unknown_never_scheduled', 'dataset_consumes_1', 'conditional_dataset_and_time_based_timetable', 'dataset_produces_2', 'consume_1_or_both_2_and_3_with_dataset_expressions', 'dataset_consumes_1_never_scheduled', 'dataset_produces_1', 'consume_1_or_2_with_dataset_expressions' retrieved from /home/airflow/.local/lib/python3.12/site-packages/airflow/example_dags/example_datasets.py
[2026-04-15T02:53:15.504+0000] {logging_mixin.py:188} INFO - [2026-04-15T02:53:15.504+0000] {dag.py:3089} INFO - Sync 10 DAGs
[2026-04-15T02:53:15.535+0000] {logging_mixin.py:188} INFO - [2026-04-15T02:53:15.535+0000] {dag.py:3947} INFO - Setting next_dagrun for conditional_dataset_and_time_based_timetable to 2026-04-15 01:00:00+00:00, run_after=2026-04-15 01:00:00+00:00
[2026-04-15T02:53:15.540+0000] {logging_mixin.py:188} INFO - [2026-04-15T02:53:15.539+0000] {dag.py:3947} INFO - Setting next_dagrun for consume_1_and_2_with_dataset_expressions to None, run_after=None
[2026-04-15T02:53:15.541+0000] {logging_mixin.py:188} INFO - [2026-04-15T02:53:15.541+0000] {dag.py:3947} INFO - Setting next_dagrun for consume_1_or_2_with_dataset_expressions to None, run_after=None
[2026-04-15T02:53:15.543+0000] {logging_mixin.py:188} INFO - [2026-04-15T02:53:15.542+0000] {dag.py:3947} INFO - Setting next_dagrun for consume_1_or_both_2_and_3_with_dataset_expressions to None, run_after=None
[2026-04-15T02:53:15.545+0000] {logging_mixin.py:188} INFO - [2026-04-15T02:53:15.544+0000] {dag.py:3947} INFO - Setting next_dagrun for dataset_consumes_1 to None, run_after=None
[2026-04-15T02:53:15.547+0000] {logging_mixin.py:188} INFO - [2026-04-15T02:53:15.547+0000] {dag.py:3947} INFO - Setting next_dagrun for dataset_consumes_1_and_2 to None, run_after=None
[2026-04-15T02:53:15.549+0000] {logging_mixin.py:188} INFO - [2026-04-15T02:53:15.549+0000] {dag.py:3947} INFO - Setting next_dagrun for dataset_consumes_1_never_scheduled to None, run_after=None
[2026-04-15T02:53:15.552+0000] {logging_mixin.py:188} INFO - [2026-04-15T02:53:15.551+0000] {dag.py:3947} INFO - Setting next_dagrun for dataset_consumes_unknown_never_scheduled to None, run_after=None
[2026-04-15T02:53:15.556+0000] {logging_mixin.py:188} INFO - [2026-04-15T02:53:15.555+0000] {dag.py:3947} INFO - Setting next_dagrun for dataset_produces_1 to 2026-04-14 00:00:00+00:00, run_after=2026-04-15 00:00:00+00:00
[2026-04-15T02:53:15.557+0000] {logging_mixin.py:188} INFO - [2026-04-15T02:53:15.557+0000] {dag.py:3947} INFO - Setting next_dagrun for dataset_produces_2 to None, run_after=None
[2026-04-15T02:53:15.624+0000] {processor.py:183} INFO - Processing /home/airflow/.local/lib/python3.12/site-packages/airflow/example_dags/example_datasets.py took 0.244 seconds
[2026-04-15T02:53:46.029+0000] {processor.py:161} INFO - Started process (PID=350) to work on /home/airflow/.local/lib/python3.12/site-packages/airflow/example_dags/example_datasets.py
[2026-04-15T02:53:46.033+0000] {processor.py:830} INFO - Processing file /home/airflow/.local/lib/python3.12/site-packages/airflow/example_dags/example_datasets.py for tasks to queue
[2026-04-15T02:53:46.037+0000] {logging_mixin.py:188} INFO - [2026-04-15T02:53:46.037+0000] {dagbag.py:545} INFO - Filling up the DagBag from /home/airflow/.local/lib/python3.12/site-packages/airflow/example_dags/example_datasets.py
[2026-04-15T02:53:46.062+0000] {processor.py:840} INFO - DAG(s) 'conditional_dataset_and_time_based_timetable', 'dataset_consumes_unknown_never_scheduled', 'dataset_consumes_1_never_scheduled', 'consume_1_and_2_with_dataset_expressions', 'dataset_consumes_1', 'consume_1_or_2_with_dataset_expressions', 'dataset_consumes_1_and_2', 'consume_1_or_both_2_and_3_with_dataset_expressions', 'dataset_produces_1', 'dataset_produces_2' retrieved from /home/airflow/.local/lib/python3.12/site-packages/airflow/example_dags/example_datasets.py
[2026-04-15T02:53:46.193+0000] {logging_mixin.py:188} INFO - [2026-04-15T02:53:46.192+0000] {dag.py:3089} INFO - Sync 10 DAGs
[2026-04-15T02:53:46.241+0000] {logging_mixin.py:188} INFO - [2026-04-15T02:53:46.241+0000] {dag.py:3947} INFO - Setting next_dagrun for conditional_dataset_and_time_based_timetable to 2026-04-15 01:00:00+00:00, run_after=2026-04-15 01:00:00+00:00
[2026-04-15T02:53:46.246+0000] {logging_mixin.py:188} INFO - [2026-04-15T02:53:46.246+0000] {dag.py:3947} INFO - Setting next_dagrun for consume_1_and_2_with_dataset_expressions to None, run_after=None
[2026-04-15T02:53:46.248+0000] {logging_mixin.py:188} INFO - [2026-04-15T02:53:46.248+0000] {dag.py:3947} INFO - Setting next_dagrun for consume_1_or_2_with_dataset_expressions to None, run_after=None
[2026-04-15T02:53:46.250+0000] {logging_mixin.py:188} INFO - [2026-04-15T02:53:46.250+0000] {dag.py:3947} INFO - Setting next_dagrun for consume_1_or_both_2_and_3_with_dataset_expressions to None, run_after=None
[2026-04-15T02:53:46.251+0000] {logging_mixin.py:188} INFO - [2026-04-15T02:53:46.251+0000] {dag.py:3947} INFO - Setting next_dagrun for dataset_consumes_1 to None, run_after=None
[2026-04-15T02:53:46.253+0000] {logging_mixin.py:188} INFO - [2026-04-15T02:53:46.252+0000] {dag.py:3947} INFO - Setting next_dagrun for dataset_consumes_1_and_2 to None, run_after=None
[2026-04-15T02:53:46.254+0000] {logging_mixin.py:188} INFO - [2026-04-15T02:53:46.254+0000] {dag.py:3947} INFO - Setting next_dagrun for dataset_consumes_1_never_scheduled to None, run_after=None
[2026-04-15T02:53:46.259+0000] {logging_mixin.py:188} INFO - [2026-04-15T02:53:46.258+0000] {dag.py:3947} INFO - Setting next_dagrun for dataset_consumes_unknown_never_scheduled to None, run_after=None
[2026-04-15T02:53:46.266+0000] {logging_mixin.py:188} INFO - [2026-04-15T02:53:46.265+0000] {dag.py:3947} INFO - Setting next_dagrun for dataset_produces_1 to 2026-04-14 00:00:00+00:00, run_after=2026-04-15 00:00:00+00:00
[2026-04-15T02:53:46.269+0000] {logging_mixin.py:188} INFO - [2026-04-15T02:53:46.268+0000] {dag.py:3947} INFO - Setting next_dagrun for dataset_produces_2 to None, run_after=None
[2026-04-15T02:53:46.346+0000] {processor.py:183} INFO - Processing /home/airflow/.local/lib/python3.12/site-packages/airflow/example_dags/example_datasets.py took 0.334 seconds
[2026-04-15T02:54:16.467+0000] {processor.py:161} INFO - Started process (PID=410) to work on /home/airflow/.local/lib/python3.12/site-packages/airflow/example_dags/example_datasets.py
[2026-04-15T02:54:16.478+0000] {processor.py:830} INFO - Processing file /home/airflow/.local/lib/python3.12/site-packages/airflow/example_dags/example_datasets.py for tasks to queue
[2026-04-15T02:54:16.482+0000] {logging_mixin.py:188} INFO - [2026-04-15T02:54:16.482+0000] {dagbag.py:545} INFO - Filling up the DagBag from /home/airflow/.local/lib/python3.12/site-packages/airflow/example_dags/example_datasets.py
[2026-04-15T02:54:16.513+0000] {processor.py:840} INFO - DAG(s) 'dataset_consumes_1_never_scheduled', 'dataset_produces_2', 'dataset_consumes_1', 'consume_1_or_2_with_dataset_expressions', 'dataset_consumes_unknown_never_scheduled', 'consume_1_or_both_2_and_3_with_dataset_expressions', 'dataset_consumes_1_and_2', 'conditional_dataset_and_time_based_timetable', 'dataset_produces_1', 'consume_1_and_2_with_dataset_expressions' retrieved from /home/airflow/.local/lib/python3.12/site-packages/airflow/example_dags/example_datasets.py
[2026-04-15T02:54:16.618+0000] {logging_mixin.py:188} INFO - [2026-04-15T02:54:16.618+0000] {dag.py:3089} INFO - Sync 10 DAGs
[2026-04-15T02:54:16.665+0000] {logging_mixin.py:188} INFO - [2026-04-15T02:54:16.665+0000] {dag.py:3947} INFO - Setting next_dagrun for conditional_dataset_and_time_based_timetable to 2026-04-15 01:00:00+00:00, run_after=2026-04-15 01:00:00+00:00
[2026-04-15T02:54:16.671+0000] {logging_mixin.py:188} INFO - [2026-04-15T02:54:16.671+0000] {dag.py:3947} INFO - Setting next_dagrun for consume_1_and_2_with_dataset_expressions to None, run_after=None
[2026-04-15T02:54:16.673+0000] {logging_mixin.py:188} INFO - [2026-04-15T02:54:16.673+0000] {dag.py:3947} INFO - Setting next_dagrun for consume_1_or_2_with_dataset_expressions to None, run_after=None
[2026-04-15T02:54:16.676+0000] {logging_mixin.py:188} INFO - [2026-04-15T02:54:16.675+0000] {dag.py:3947} INFO - Setting next_dagrun for consume_1_or_both_2_and_3_with_dataset_expressions to None, run_after=None
[2026-04-15T02:54:16.678+0000] {logging_mixin.py:188} INFO - [2026-04-15T02:54:16.678+0000] {dag.py:3947} INFO - Setting next_dagrun for dataset_consumes_1 to None, run_after=None
[2026-04-15T02:54:16.681+0000] {logging_mixin.py:188} INFO - [2026-04-15T02:54:16.681+0000] {dag.py:3947} INFO - Setting next_dagrun for dataset_consumes_1_and_2 to None, run_after=None
[2026-04-15T02:54:16.684+0000] {logging_mixin.py:188} INFO - [2026-04-15T02:54:16.683+0000] {dag.py:3947} INFO - Setting next_dagrun for dataset_consumes_1_never_scheduled to None, run_after=None
[2026-04-15T02:54:16.687+0000] {logging_mixin.py:188} INFO - [2026-04-15T02:54:16.686+0000] {dag.py:3947} INFO - Setting next_dagrun for dataset_consumes_unknown_never_scheduled to None, run_after=None
[2026-04-15T02:54:16.692+0000] {logging_mixin.py:188} INFO - [2026-04-15T02:54:16.692+0000] {dag.py:3947} INFO - Setting next_dagrun for dataset_produces_1 to 2026-04-14 00:00:00+00:00, run_after=2026-04-15 00:00:00+00:00
[2026-04-15T02:54:16.695+0000] {logging_mixin.py:188} INFO - [2026-04-15T02:54:16.694+0000] {dag.py:3947} INFO - Setting next_dagrun for dataset_produces_2 to None, run_after=None
[2026-04-15T02:54:16.774+0000] {processor.py:183} INFO - Processing /home/airflow/.local/lib/python3.12/site-packages/airflow/example_dags/example_datasets.py took 0.321 seconds
[2026-04-15T02:54:47.061+0000] {processor.py:161} INFO - Started process (PID=468) to work on /home/airflow/.local/lib/python3.12/site-packages/airflow/example_dags/example_datasets.py
[2026-04-15T02:54:47.071+0000] {processor.py:830} INFO - Processing file /home/airflow/.local/lib/python3.12/site-packages/airflow/example_dags/example_datasets.py for tasks to queue
[2026-04-15T02:54:47.075+0000] {logging_mixin.py:188} INFO - [2026-04-15T02:54:47.075+0000] {dagbag.py:545} INFO - Filling up the DagBag from /home/airflow/.local/lib/python3.12/site-packages/airflow/example_dags/example_datasets.py
[2026-04-15T02:54:47.104+0000] {processor.py:840} INFO - DAG(s) 'dataset_produces_2', 'dataset_consumes_1_never_scheduled', 'dataset_produces_1', 'consume_1_or_both_2_and_3_with_dataset_expressions', 'consume_1_and_2_with_dataset_expressions', 'dataset_consumes_unknown_never_scheduled', 'conditional_dataset_and_time_based_timetable', 'consume_1_or_2_with_dataset_expressions', 'dataset_consumes_1_and_2', 'dataset_consumes_1' retrieved from /home/airflow/.local/lib/python3.12/site-packages/airflow/example_dags/example_datasets.py
[2026-04-15T02:54:47.196+0000] {logging_mixin.py:188} INFO - [2026-04-15T02:54:47.195+0000] {dag.py:3089} INFO - Sync 10 DAGs
[2026-04-15T02:54:47.223+0000] {logging_mixin.py:188} INFO - [2026-04-15T02:54:47.223+0000] {dag.py:3947} INFO - Setting next_dagrun for conditional_dataset_and_time_based_timetable to 2026-04-15 01:00:00+00:00, run_after=2026-04-15 01:00:00+00:00
[2026-04-15T02:54:47.227+0000] {logging_mixin.py:188} INFO - [2026-04-15T02:54:47.227+0000] {dag.py:3947} INFO - Setting next_dagrun for consume_1_and_2_with_dataset_expressions to None, run_after=None
[2026-04-15T02:54:47.229+0000] {logging_mixin.py:188} INFO - [2026-04-15T02:54:47.229+0000] {dag.py:3947} INFO - Setting next_dagrun for consume_1_or_2_with_dataset_expressions to None, run_after=None
[2026-04-15T02:54:47.231+0000] {logging_mixin.py:188} INFO - [2026-04-15T02:54:47.230+0000] {dag.py:3947} INFO - Setting next_dagrun for consume_1_or_both_2_and_3_with_dataset_expressions to None, run_after=None
[2026-04-15T02:54:47.232+0000] {logging_mixin.py:188} INFO - [2026-04-15T02:54:47.232+0000] {dag.py:3947} INFO - Setting next_dagrun for dataset_consumes_1 to None, run_after=None
[2026-04-15T02:54:47.233+0000] {logging_mixin.py:188} INFO - [2026-04-15T02:54:47.233+0000] {dag.py:3947} INFO - Setting next_dagrun for dataset_consumes_1_and_2 to None, run_after=None
[2026-04-15T02:54:47.234+0000] {logging_mixin.py:188} INFO - [2026-04-15T02:54:47.234+0000] {dag.py:3947} INFO - Setting next_dagrun for dataset_consumes_1_never_scheduled to None, run_after=None
[2026-04-15T02:54:47.235+0000] {logging_mixin.py:188} INFO - [2026-04-15T02:54:47.235+0000] {dag.py:3947} INFO - Setting next_dagrun for dataset_consumes_unknown_never_scheduled to None, run_after=None
[2026-04-15T02:54:47.237+0000] {logging_mixin.py:188} INFO - [2026-04-15T02:54:47.237+0000] {dag.py:3947} INFO - Setting next_dagrun for dataset_produces_1 to 2026-04-14 00:00:00+00:00, run_after=2026-04-15 00:00:00+00:00
[2026-04-15T02:54:47.239+0000] {logging_mixin.py:188} INFO - [2026-04-15T02:54:47.239+0000] {dag.py:3947} INFO - Setting next_dagrun for dataset_produces_2 to None, run_after=None
[2026-04-15T02:54:47.316+0000] {processor.py:183} INFO - Processing /home/airflow/.local/lib/python3.12/site-packages/airflow/example_dags/example_datasets.py took 0.263 seconds
[2026-04-15T02:55:17.476+0000] {processor.py:161} INFO - Started process (PID=527) to work on /home/airflow/.local/lib/python3.12/site-packages/airflow/example_dags/example_datasets.py
[2026-04-15T02:55:17.485+0000] {processor.py:830} INFO - Processing file /home/airflow/.local/lib/python3.12/site-packages/airflow/example_dags/example_datasets.py for tasks to queue
[2026-04-15T02:55:17.488+0000] {logging_mixin.py:188} INFO - [2026-04-15T02:55:17.488+0000] {dagbag.py:545} INFO - Filling up the DagBag from /home/airflow/.local/lib/python3.12/site-packages/airflow/example_dags/example_datasets.py
[2026-04-15T02:55:17.501+0000] {processor.py:840} INFO - DAG(s) 'dataset_consumes_1', 'consume_1_and_2_with_dataset_expressions', 'dataset_produces_2', 'dataset_consumes_1_never_scheduled', 'dataset_consumes_unknown_never_scheduled', 'consume_1_or_2_with_dataset_expressions', 'dataset_produces_1', 'dataset_consumes_1_and_2', 'consume_1_or_both_2_and_3_with_dataset_expressions', 'conditional_dataset_and_time_based_timetable' retrieved from /home/airflow/.local/lib/python3.12/site-packages/airflow/example_dags/example_datasets.py
[2026-04-15T02:55:17.566+0000] {logging_mixin.py:188} INFO - [2026-04-15T02:55:17.566+0000] {dag.py:3089} INFO - Sync 10 DAGs
[2026-04-15T02:55:17.606+0000] {logging_mixin.py:188} INFO - [2026-04-15T02:55:17.605+0000] {dag.py:3947} INFO - Setting next_dagrun for conditional_dataset_and_time_based_timetable to 2026-04-15 01:00:00+00:00, run_after=2026-04-15 01:00:00+00:00
[2026-04-15T02:55:17.614+0000] {logging_mixin.py:188} INFO - [2026-04-15T02:55:17.613+0000] {dag.py:3947} INFO - Setting next_dagrun for consume_1_and_2_with_dataset_expressions to None, run_after=None
[2026-04-15T02:55:17.617+0000] {logging_mixin.py:188} INFO - [2026-04-15T02:55:17.616+0000] {dag.py:3947} INFO - Setting next_dagrun for consume_1_or_2_with_dataset_expressions to None, run_after=None
[2026-04-15T02:55:17.619+0000] {logging_mixin.py:188} INFO - [2026-04-15T02:55:17.619+0000] {dag.py:3947} INFO - Setting next_dagrun for consume_1_or_both_2_and_3_with_dataset_expressions to None, run_after=None
[2026-04-15T02:55:17.622+0000] {logging_mixin.py:188} INFO - [2026-04-15T02:55:17.622+0000] {dag.py:3947} INFO - Setting next_dagrun for dataset_consumes_1 to None, run_after=None
[2026-04-15T02:55:17.624+0000] {logging_mixin.py:188} INFO - [2026-04-15T02:55:17.624+0000] {dag.py:3947} INFO - Setting next_dagrun for dataset_consumes_1_and_2 to None, run_after=None
[2026-04-15T02:55:17.627+0000] {logging_mixin.py:188} INFO - [2026-04-15T02:55:17.627+0000] {dag.py:3947} INFO - Setting next_dagrun for dataset_consumes_1_never_scheduled to None, run_after=None
[2026-04-15T02:55:17.630+0000] {logging_mixin.py:188} INFO - [2026-04-15T02:55:17.630+0000] {dag.py:3947} INFO - Setting next_dagrun for dataset_consumes_unknown_never_scheduled to None, run_after=None
[2026-04-15T02:55:17.634+0000] {logging_mixin.py:188} INFO - [2026-04-15T02:55:17.634+0000] {dag.py:3947} INFO - Setting next_dagrun for dataset_produces_1 to 2026-04-14 00:00:00+00:00, run_after=2026-04-15 00:00:00+00:00
[2026-04-15T02:55:17.637+0000] {logging_mixin.py:188} INFO - [2026-04-15T02:55:17.636+0000] {dag.py:3947} INFO - Setting next_dagrun for dataset_produces_2 to None, run_after=None
[2026-04-15T02:55:17.706+0000] {processor.py:183} INFO - Processing /home/airflow/.local/lib/python3.12/site-packages/airflow/example_dags/example_datasets.py took 0.244 seconds
[2026-04-15T02:55:48.030+0000] {processor.py:161} INFO - Started process (PID=586) to work on /home/airflow/.local/lib/python3.12/site-packages/airflow/example_dags/example_datasets.py
[2026-04-15T02:55:48.040+0000] {processor.py:830} INFO - Processing file /home/airflow/.local/lib/python3.12/site-packages/airflow/example_dags/example_datasets.py for tasks to queue
[2026-04-15T02:55:48.042+0000] {logging_mixin.py:188} INFO - [2026-04-15T02:55:48.041+0000] {dagbag.py:545} INFO - Filling up the DagBag from /home/airflow/.local/lib/python3.12/site-packages/airflow/example_dags/example_datasets.py
[2026-04-15T02:55:48.055+0000] {processor.py:840} INFO - DAG(s) 'consume_1_and_2_with_dataset_expressions', 'consume_1_or_2_with_dataset_expressions', 'consume_1_or_both_2_and_3_with_dataset_expressions', 'dataset_produces_2', 'dataset_consumes_1_and_2', 'dataset_consumes_1', 'conditional_dataset_and_time_based_timetable', 'dataset_produces_1', 'dataset_consumes_1_never_scheduled', 'dataset_consumes_unknown_never_scheduled' retrieved from /home/airflow/.local/lib/python3.12/site-packages/airflow/example_dags/example_datasets.py
[2026-04-15T02:55:48.143+0000] {logging_mixin.py:188} INFO - [2026-04-15T02:55:48.143+0000] {dag.py:3089} INFO - Sync 10 DAGs
[2026-04-15T02:55:48.179+0000] {logging_mixin.py:188} INFO - [2026-04-15T02:55:48.179+0000] {dag.py:3947} INFO - Setting next_dagrun for conditional_dataset_and_time_based_timetable to 2026-04-15 01:00:00+00:00, run_after=2026-04-15 01:00:00+00:00
[2026-04-15T02:55:48.184+0000] {logging_mixin.py:188} INFO - [2026-04-15T02:55:48.183+0000] {dag.py:3947} INFO - Setting next_dagrun for consume_1_and_2_with_dataset_expressions to None, run_after=None
[2026-04-15T02:55:48.187+0000] {logging_mixin.py:188} INFO - [2026-04-15T02:55:48.186+0000] {dag.py:3947} INFO - Setting next_dagrun for consume_1_or_2_with_dataset_expressions to None, run_after=None
[2026-04-15T02:55:48.189+0000] {logging_mixin.py:188} INFO - [2026-04-15T02:55:48.189+0000] {dag.py:3947} INFO - Setting next_dagrun for consume_1_or_both_2_and_3_with_dataset_expressions to None, run_after=None
[2026-04-15T02:55:48.191+0000] {logging_mixin.py:188} INFO - [2026-04-15T02:55:48.191+0000] {dag.py:3947} INFO - Setting next_dagrun for dataset_consumes_1 to None, run_after=None
[2026-04-15T02:55:48.193+0000] {logging_mixin.py:188} INFO - [2026-04-15T02:55:48.193+0000] {dag.py:3947} INFO - Setting next_dagrun for dataset_consumes_1_and_2 to None, run_after=None
[2026-04-15T02:55:48.195+0000] {logging_mixin.py:188} INFO - [2026-04-15T02:55:48.195+0000] {dag.py:3947} INFO - Setting next_dagrun for dataset_consumes_1_never_scheduled to None, run_after=None
[2026-04-15T02:55:48.198+0000] {logging_mixin.py:188} INFO - [2026-04-15T02:55:48.198+0000] {dag.py:3947} INFO - Setting next_dagrun for dataset_consumes_unknown_never_scheduled to None, run_after=None
[2026-04-15T02:55:48.204+0000] {logging_mixin.py:188} INFO - [2026-04-15T02:55:48.204+0000] {dag.py:3947} INFO - Setting next_dagrun for dataset_produces_1 to 2026-04-14 00:00:00+00:00, run_after=2026-04-15 00:00:00+00:00
[2026-04-15T02:55:48.207+0000] {logging_mixin.py:188} INFO - [2026-04-15T02:55:48.206+0000] {dag.py:3947} INFO - Setting next_dagrun for dataset_produces_2 to None, run_after=None
[2026-04-15T02:55:48.275+0000] {processor.py:183} INFO - Processing /home/airflow/.local/lib/python3.12/site-packages/airflow/example_dags/example_datasets.py took 0.254 seconds
[2026-04-15T02:56:18.869+0000] {processor.py:161} INFO - Started process (PID=645) to work on /home/airflow/.local/lib/python3.12/site-packages/airflow/example_dags/example_datasets.py
[2026-04-15T02:56:18.879+0000] {processor.py:830} INFO - Processing file /home/airflow/.local/lib/python3.12/site-packages/airflow/example_dags/example_datasets.py for tasks to queue
[2026-04-15T02:56:18.881+0000] {logging_mixin.py:188} INFO - [2026-04-15T02:56:18.881+0000] {dagbag.py:545} INFO - Filling up the DagBag from /home/airflow/.local/lib/python3.12/site-packages/airflow/example_dags/example_datasets.py
[2026-04-15T02:56:18.895+0000] {processor.py:840} INFO - DAG(s) 'consume_1_and_2_with_dataset_expressions', 'dataset_produces_1', 'consume_1_or_both_2_and_3_with_dataset_expressions', 'conditional_dataset_and_time_based_timetable', 'dataset_consumes_1_and_2', 'dataset_consumes_unknown_never_scheduled', 'consume_1_or_2_with_dataset_expressions', 'dataset_consumes_1_never_scheduled', 'dataset_consumes_1', 'dataset_produces_2' retrieved from /home/airflow/.local/lib/python3.12/site-packages/airflow/example_dags/example_datasets.py
[2026-04-15T02:56:18.983+0000] {logging_mixin.py:188} INFO - [2026-04-15T02:56:18.983+0000] {dag.py:3089} INFO - Sync 10 DAGs
[2026-04-15T02:56:19.013+0000] {logging_mixin.py:188} INFO - [2026-04-15T02:56:19.013+0000] {dag.py:3947} INFO - Setting next_dagrun for conditional_dataset_and_time_based_timetable to 2026-04-15 01:00:00+00:00, run_after=2026-04-15 01:00:00+00:00
[2026-04-15T02:56:19.018+0000] {logging_mixin.py:188} INFO - [2026-04-15T02:56:19.018+0000] {dag.py:3947} INFO - Setting next_dagrun for consume_1_and_2_with_dataset_expressions to None, run_after=None
[2026-04-15T02:56:19.020+0000] {logging_mixin.py:188} INFO - [2026-04-15T02:56:19.020+0000] {dag.py:3947} INFO - Setting next_dagrun for consume_1_or_2_with_dataset_expressions to None, run_after=None
[2026-04-15T02:56:19.022+0000] {logging_mixin.py:188} INFO - [2026-04-15T02:56:19.022+0000] {dag.py:3947} INFO - Setting next_dagrun for consume_1_or_both_2_and_3_with_dataset_expressions to None, run_after=None
[2026-04-15T02:56:19.024+0000] {logging_mixin.py:188} INFO - [2026-04-15T02:56:19.024+0000] {dag.py:3947} INFO - Setting next_dagrun for dataset_consumes_1 to None, run_after=None
[2026-04-15T02:56:19.025+0000] {logging_mixin.py:188} INFO - [2026-04-15T02:56:19.025+0000] {dag.py:3947} INFO - Setting next_dagrun for dataset_consumes_1_and_2 to None, run_after=None
[2026-04-15T02:56:19.027+0000] {logging_mixin.py:188} INFO - [2026-04-15T02:56:19.027+0000] {dag.py:3947} INFO - Setting next_dagrun for dataset_consumes_1_never_scheduled to None, run_after=None
[2026-04-15T02:56:19.028+0000] {logging_mixin.py:188} INFO - [2026-04-15T02:56:19.028+0000] {dag.py:3947} INFO - Setting next_dagrun for dataset_consumes_unknown_never_scheduled to None, run_after=None
[2026-04-15T02:56:19.031+0000] {logging_mixin.py:188} INFO - [2026-04-15T02:56:19.031+0000] {dag.py:3947} INFO - Setting next_dagrun for dataset_produces_1 to 2026-04-14 00:00:00+00:00, run_after=2026-04-15 00:00:00+00:00
[2026-04-15T02:56:19.033+0000] {logging_mixin.py:188} INFO - [2026-04-15T02:56:19.033+0000] {dag.py:3947} INFO - Setting next_dagrun for dataset_produces_2 to None, run_after=None
[2026-04-15T02:56:19.104+0000] {processor.py:183} INFO - Processing /home/airflow/.local/lib/python3.12/site-packages/airflow/example_dags/example_datasets.py took 0.249 seconds
[2026-04-15T02:56:49.208+0000] {processor.py:161} INFO - Started process (PID=704) to work on /home/airflow/.local/lib/python3.12/site-packages/airflow/example_dags/example_datasets.py
[2026-04-15T02:56:49.219+0000] {processor.py:830} INFO - Processing file /home/airflow/.local/lib/python3.12/site-packages/airflow/example_dags/example_datasets.py for tasks to queue
[2026-04-15T02:56:49.225+0000] {logging_mixin.py:188} INFO - [2026-04-15T02:56:49.224+0000] {dagbag.py:545} INFO - Filling up the DagBag from /home/airflow/.local/lib/python3.12/site-packages/airflow/example_dags/example_datasets.py
[2026-04-15T02:56:49.249+0000] {processor.py:840} INFO - DAG(s) 'dataset_consumes_1_never_scheduled', 'consume_1_or_both_2_and_3_with_dataset_expressions', 'dataset_consumes_1_and_2', 'consume_1_and_2_with_dataset_expressions', 'consume_1_or_2_with_dataset_expressions', 'dataset_consumes_unknown_never_scheduled', 'conditional_dataset_and_time_based_timetable', 'dataset_produces_2', 'dataset_produces_1', 'dataset_consumes_1' retrieved from /home/airflow/.local/lib/python3.12/site-packages/airflow/example_dags/example_datasets.py
[2026-04-15T02:56:49.314+0000] {logging_mixin.py:188} INFO - [2026-04-15T02:56:49.314+0000] {dag.py:3089} INFO - Sync 10 DAGs
[2026-04-15T02:56:49.345+0000] {logging_mixin.py:188} INFO - [2026-04-15T02:56:49.344+0000] {dag.py:3947} INFO - Setting next_dagrun for conditional_dataset_and_time_based_timetable to 2026-04-15 01:00:00+00:00, run_after=2026-04-15 01:00:00+00:00
[2026-04-15T02:56:49.350+0000] {logging_mixin.py:188} INFO - [2026-04-15T02:56:49.349+0000] {dag.py:3947} INFO - Setting next_dagrun for consume_1_and_2_with_dataset_expressions to None, run_after=None
[2026-04-15T02:56:49.351+0000] {logging_mixin.py:188} INFO - [2026-04-15T02:56:49.351+0000] {dag.py:3947} INFO - Setting next_dagrun for consume_1_or_2_with_dataset_expressions to None, run_after=None
[2026-04-15T02:56:49.353+0000] {logging_mixin.py:188} INFO - [2026-04-15T02:56:49.352+0000] {dag.py:3947} INFO - Setting next_dagrun for consume_1_or_both_2_and_3_with_dataset_expressions to None, run_after=None
[2026-04-15T02:56:49.354+0000] {logging_mixin.py:188} INFO - [2026-04-15T02:56:49.354+0000] {dag.py:3947} INFO - Setting next_dagrun for dataset_consumes_1 to None, run_after=None
[2026-04-15T02:56:49.355+0000] {logging_mixin.py:188} INFO - [2026-04-15T02:56:49.355+0000] {dag.py:3947} INFO - Setting next_dagrun for dataset_consumes_1_and_2 to None, run_after=None
[2026-04-15T02:56:49.356+0000] {logging_mixin.py:188} INFO - [2026-04-15T02:56:49.356+0000] {dag.py:3947} INFO - Setting next_dagrun for dataset_consumes_1_never_scheduled to None, run_after=None
[2026-04-15T02:56:49.358+0000] {logging_mixin.py:188} INFO - [2026-04-15T02:56:49.358+0000] {dag.py:3947} INFO - Setting next_dagrun for dataset_consumes_unknown_never_scheduled to None, run_after=None
[2026-04-15T02:56:49.363+0000] {logging_mixin.py:188} INFO - [2026-04-15T02:56:49.363+0000] {dag.py:3947} INFO - Setting next_dagrun for dataset_produces_1 to 2026-04-14 00:00:00+00:00, run_after=2026-04-15 00:00:00+00:00
[2026-04-15T02:56:49.365+0000] {logging_mixin.py:188} INFO - [2026-04-15T02:56:49.365+0000] {dag.py:3947} INFO - Setting next_dagrun for dataset_produces_2 to None, run_after=None
[2026-04-15T02:56:49.419+0000] {processor.py:183} INFO - Processing /home/airflow/.local/lib/python3.12/site-packages/airflow/example_dags/example_datasets.py took 0.225 seconds
[2026-04-15T02:57:19.571+0000] {processor.py:161} INFO - Started process (PID=764) to work on /home/airflow/.local/lib/python3.12/site-packages/airflow/example_dags/example_datasets.py
[2026-04-15T02:57:19.575+0000] {processor.py:830} INFO - Processing file /home/airflow/.local/lib/python3.12/site-packages/airflow/example_dags/example_datasets.py for tasks to queue
[2026-04-15T02:57:19.580+0000] {logging_mixin.py:188} INFO - [2026-04-15T02:57:19.579+0000] {dagbag.py:545} INFO - Filling up the DagBag from /home/airflow/.local/lib/python3.12/site-packages/airflow/example_dags/example_datasets.py
[2026-04-15T02:57:19.602+0000] {processor.py:840} INFO - DAG(s) 'consume_1_and_2_with_dataset_expressions', 'dataset_consumes_1', 'consume_1_or_both_2_and_3_with_dataset_expressions', 'consume_1_or_2_with_dataset_expressions', 'conditional_dataset_and_time_based_timetable', 'dataset_produces_1', 'dataset_consumes_unknown_never_scheduled', 'dataset_produces_2', 'dataset_consumes_1_and_2', 'dataset_consumes_1_never_scheduled' retrieved from /home/airflow/.local/lib/python3.12/site-packages/airflow/example_dags/example_datasets.py
[2026-04-15T02:57:19.695+0000] {logging_mixin.py:188} INFO - [2026-04-15T02:57:19.694+0000] {dag.py:3089} INFO - Sync 10 DAGs
[2026-04-15T02:57:19.734+0000] {logging_mixin.py:188} INFO - [2026-04-15T02:57:19.734+0000] {dag.py:3947} INFO - Setting next_dagrun for conditional_dataset_and_time_based_timetable to 2026-04-15 01:00:00+00:00, run_after=2026-04-15 01:00:00+00:00
[2026-04-15T02:57:19.740+0000] {logging_mixin.py:188} INFO - [2026-04-15T02:57:19.739+0000] {dag.py:3947} INFO - Setting next_dagrun for consume_1_and_2_with_dataset_expressions to None, run_after=None
[2026-04-15T02:57:19.742+0000] {logging_mixin.py:188} INFO - [2026-04-15T02:57:19.741+0000] {dag.py:3947} INFO - Setting next_dagrun for consume_1_or_2_with_dataset_expressions to None, run_after=None
[2026-04-15T02:57:19.743+0000] {logging_mixin.py:188} INFO - [2026-04-15T02:57:19.743+0000] {dag.py:3947} INFO - Setting next_dagrun for consume_1_or_both_2_and_3_with_dataset_expressions to None, run_after=None
[2026-04-15T02:57:19.745+0000] {logging_mixin.py:188} INFO - [2026-04-15T02:57:19.745+0000] {dag.py:3947} INFO - Setting next_dagrun for dataset_consumes_1 to None, run_after=None
[2026-04-15T02:57:19.746+0000] {logging_mixin.py:188} INFO - [2026-04-15T02:57:19.746+0000] {dag.py:3947} INFO - Setting next_dagrun for dataset_consumes_1_and_2 to None, run_after=None
[2026-04-15T02:57:19.748+0000] {logging_mixin.py:188} INFO - [2026-04-15T02:57:19.748+0000] {dag.py:3947} INFO - Setting next_dagrun for dataset_consumes_1_never_scheduled to None, run_after=None
[2026-04-15T02:57:19.749+0000] {logging_mixin.py:188} INFO - [2026-04-15T02:57:19.749+0000] {dag.py:3947} INFO - Setting next_dagrun for dataset_consumes_unknown_never_scheduled to None, run_after=None
[2026-04-15T02:57:19.753+0000] {logging_mixin.py:188} INFO - [2026-04-15T02:57:19.752+0000] {dag.py:3947} INFO - Setting next_dagrun for dataset_produces_1 to 2026-04-14 00:00:00+00:00, run_after=2026-04-15 00:00:00+00:00
[2026-04-15T02:57:19.755+0000] {logging_mixin.py:188} INFO - [2026-04-15T02:57:19.754+0000] {dag.py:3947} INFO - Setting next_dagrun for dataset_produces_2 to None, run_after=None
[2026-04-15T02:57:19.826+0000] {processor.py:183} INFO - Processing /home/airflow/.local/lib/python3.12/site-packages/airflow/example_dags/example_datasets.py took 0.270 seconds
[2026-04-15T02:57:50.264+0000] {processor.py:161} INFO - Started process (PID=823) to work on /home/airflow/.local/lib/python3.12/site-packages/airflow/example_dags/example_datasets.py
[2026-04-15T02:57:50.274+0000] {processor.py:830} INFO - Processing file /home/airflow/.local/lib/python3.12/site-packages/airflow/example_dags/example_datasets.py for tasks to queue
[2026-04-15T02:57:50.277+0000] {logging_mixin.py:188} INFO - [2026-04-15T02:57:50.276+0000] {dagbag.py:545} INFO - Filling up the DagBag from /home/airflow/.local/lib/python3.12/site-packages/airflow/example_dags/example_datasets.py
[2026-04-15T02:57:50.296+0000] {processor.py:840} INFO - DAG(s) 'consume_1_or_2_with_dataset_expressions', 'dataset_consumes_unknown_never_scheduled', 'dataset_produces_1', 'consume_1_and_2_with_dataset_expressions', 'dataset_produces_2', 'dataset_consumes_1', 'conditional_dataset_and_time_based_timetable', 'dataset_consumes_1_never_scheduled', 'dataset_consumes_1_and_2', 'consume_1_or_both_2_and_3_with_dataset_expressions' retrieved from /home/airflow/.local/lib/python3.12/site-packages/airflow/example_dags/example_datasets.py
[2026-04-15T02:57:50.380+0000] {logging_mixin.py:188} INFO - [2026-04-15T02:57:50.380+0000] {dag.py:3089} INFO - Sync 10 DAGs
[2026-04-15T02:57:50.425+0000] {logging_mixin.py:188} INFO - [2026-04-15T02:57:50.424+0000] {dag.py:3947} INFO - Setting next_dagrun for conditional_dataset_and_time_based_timetable to 2026-04-15 01:00:00+00:00, run_after=2026-04-15 01:00:00+00:00
[2026-04-15T02:57:50.430+0000] {logging_mixin.py:188} INFO - [2026-04-15T02:57:50.430+0000] {dag.py:3947} INFO - Setting next_dagrun for consume_1_and_2_with_dataset_expressions to None, run_after=None
[2026-04-15T02:57:50.434+0000] {logging_mixin.py:188} INFO - [2026-04-15T02:57:50.433+0000] {dag.py:3947} INFO - Setting next_dagrun for consume_1_or_2_with_dataset_expressions to None, run_after=None
[2026-04-15T02:57:50.436+0000] {logging_mixin.py:188} INFO - [2026-04-15T02:57:50.436+0000] {dag.py:3947} INFO - Setting next_dagrun for consume_1_or_both_2_and_3_with_dataset_expressions to None, run_after=None
[2026-04-15T02:57:50.440+0000] {logging_mixin.py:188} INFO - [2026-04-15T02:57:50.439+0000] {dag.py:3947} INFO - Setting next_dagrun for dataset_consumes_1 to None, run_after=None
[2026-04-15T02:57:50.442+0000] {logging_mixin.py:188} INFO - [2026-04-15T02:57:50.442+0000] {dag.py:3947} INFO - Setting next_dagrun for dataset_consumes_1_and_2 to None, run_after=None
[2026-04-15T02:57:50.444+0000] {logging_mixin.py:188} INFO - [2026-04-15T02:57:50.444+0000] {dag.py:3947} INFO - Setting next_dagrun for dataset_consumes_1_never_scheduled to None, run_after=None
[2026-04-15T02:57:50.445+0000] {logging_mixin.py:188} INFO - [2026-04-15T02:57:50.445+0000] {dag.py:3947} INFO - Setting next_dagrun for dataset_consumes_unknown_never_scheduled to None, run_after=None
[2026-04-15T02:57:50.448+0000] {logging_mixin.py:188} INFO - [2026-04-15T02:57:50.448+0000] {dag.py:3947} INFO - Setting next_dagrun for dataset_produces_1 to 2026-04-14 00:00:00+00:00, run_after=2026-04-15 00:00:00+00:00
[2026-04-15T02:57:50.449+0000] {logging_mixin.py:188} INFO - [2026-04-15T02:57:50.449+0000] {dag.py:3947} INFO - Setting next_dagrun for dataset_produces_2 to None, run_after=None
[2026-04-15T02:57:50.502+0000] {processor.py:183} INFO - Processing /home/airflow/.local/lib/python3.12/site-packages/airflow/example_dags/example_datasets.py took 0.254 seconds
[2026-04-15T02:58:20.653+0000] {processor.py:161} INFO - Started process (PID=883) to work on /home/airflow/.local/lib/python3.12/site-packages/airflow/example_dags/example_datasets.py
[2026-04-15T02:58:20.663+0000] {processor.py:830} INFO - Processing file /home/airflow/.local/lib/python3.12/site-packages/airflow/example_dags/example_datasets.py for tasks to queue
[2026-04-15T02:58:20.665+0000] {logging_mixin.py:188} INFO - [2026-04-15T02:58:20.665+0000] {dagbag.py:545} INFO - Filling up the DagBag from /home/airflow/.local/lib/python3.12/site-packages/airflow/example_dags/example_datasets.py
[2026-04-15T02:58:20.678+0000] {processor.py:840} INFO - DAG(s) 'consume_1_or_2_with_dataset_expressions', 'dataset_consumes_unknown_never_scheduled', 'consume_1_and_2_with_dataset_expressions', 'dataset_consumes_1_and_2', 'consume_1_or_both_2_and_3_with_dataset_expressions', 'conditional_dataset_and_time_based_timetable', 'dataset_produces_1', 'dataset_produces_2', 'dataset_consumes_1_never_scheduled', 'dataset_consumes_1' retrieved from /home/airflow/.local/lib/python3.12/site-packages/airflow/example_dags/example_datasets.py
[2026-04-15T02:58:20.739+0000] {logging_mixin.py:188} INFO - [2026-04-15T02:58:20.739+0000] {dag.py:3089} INFO - Sync 10 DAGs
[2026-04-15T02:58:20.767+0000] {logging_mixin.py:188} INFO - [2026-04-15T02:58:20.767+0000] {dag.py:3947} INFO - Setting next_dagrun for conditional_dataset_and_time_based_timetable to 2026-04-15 01:00:00+00:00, run_after=2026-04-15 01:00:00+00:00
[2026-04-15T02:58:20.772+0000] {logging_mixin.py:188} INFO - [2026-04-15T02:58:20.771+0000] {dag.py:3947} INFO - Setting next_dagrun for consume_1_and_2_with_dataset_expressions to None, run_after=None
[2026-04-15T02:58:20.773+0000] {logging_mixin.py:188} INFO - [2026-04-15T02:58:20.773+0000] {dag.py:3947} INFO - Setting next_dagrun for consume_1_or_2_with_dataset_expressions to None, run_after=None
[2026-04-15T02:58:20.775+0000] {logging_mixin.py:188} INFO - [2026-04-15T02:58:20.775+0000] {dag.py:3947} INFO - Setting next_dagrun for consume_1_or_both_2_and_3_with_dataset_expressions to None, run_after=None
[2026-04-15T02:58:20.777+0000] {logging_mixin.py:188} INFO - [2026-04-15T02:58:20.776+0000] {dag.py:3947} INFO - Setting next_dagrun for dataset_consumes_1 to None, run_after=None
[2026-04-15T02:58:20.778+0000] {logging_mixin.py:188} INFO - [2026-04-15T02:58:20.778+0000] {dag.py:3947} INFO - Setting next_dagrun for dataset_consumes_1_and_2 to None, run_after=None
[2026-04-15T02:58:20.781+0000] {logging_mixin.py:188} INFO - [2026-04-15T02:58:20.780+0000] {dag.py:3947} INFO - Setting next_dagrun for dataset_consumes_1_never_scheduled to None, run_after=None
[2026-04-15T02:58:20.782+0000] {logging_mixin.py:188} INFO - [2026-04-15T02:58:20.782+0000] {dag.py:3947} INFO - Setting next_dagrun for dataset_consumes_unknown_never_scheduled to None, run_after=None
[2026-04-15T02:58:20.786+0000] {logging_mixin.py:188} INFO - [2026-04-15T02:58:20.785+0000] {dag.py:3947} INFO - Setting next_dagrun for dataset_produces_1 to 2026-04-14 00:00:00+00:00, run_after=2026-04-15 00:00:00+00:00
[2026-04-15T02:58:20.788+0000] {logging_mixin.py:188} INFO - [2026-04-15T02:58:20.788+0000] {dag.py:3947} INFO - Setting next_dagrun for dataset_produces_2 to None, run_after=None
[2026-04-15T02:58:20.840+0000] {processor.py:183} INFO - Processing /home/airflow/.local/lib/python3.12/site-packages/airflow/example_dags/example_datasets.py took 0.197 seconds
[2026-04-15T02:58:50.928+0000] {processor.py:161} INFO - Started process (PID=942) to work on /home/airflow/.local/lib/python3.12/site-packages/airflow/example_dags/example_datasets.py
[2026-04-15T02:58:50.935+0000] {processor.py:830} INFO - Processing file /home/airflow/.local/lib/python3.12/site-packages/airflow/example_dags/example_datasets.py for tasks to queue
[2026-04-15T02:58:50.937+0000] {logging_mixin.py:188} INFO - [2026-04-15T02:58:50.936+0000] {dagbag.py:545} INFO - Filling up the DagBag from /home/airflow/.local/lib/python3.12/site-packages/airflow/example_dags/example_datasets.py
[2026-04-15T02:58:50.950+0000] {processor.py:840} INFO - DAG(s) 'consume_1_or_2_with_dataset_expressions', 'consume_1_or_both_2_and_3_with_dataset_expressions', 'dataset_consumes_1_never_scheduled', 'dataset_produces_1', 'dataset_consumes_unknown_never_scheduled', 'consume_1_and_2_with_dataset_expressions', 'dataset_produces_2', 'dataset_consumes_1_and_2', 'dataset_consumes_1', 'conditional_dataset_and_time_based_timetable' retrieved from /home/airflow/.local/lib/python3.12/site-packages/airflow/example_dags/example_datasets.py
[2026-04-15T02:58:51.026+0000] {logging_mixin.py:188} INFO - [2026-04-15T02:58:51.026+0000] {dag.py:3089} INFO - Sync 10 DAGs
[2026-04-15T02:58:51.054+0000] {logging_mixin.py:188} INFO - [2026-04-15T02:58:51.054+0000] {dag.py:3947} INFO - Setting next_dagrun for conditional_dataset_and_time_based_timetable to 2026-04-15 01:00:00+00:00, run_after=2026-04-15 01:00:00+00:00
[2026-04-15T02:58:51.058+0000] {logging_mixin.py:188} INFO - [2026-04-15T02:58:51.058+0000] {dag.py:3947} INFO - Setting next_dagrun for consume_1_and_2_with_dataset_expressions to None, run_after=None
[2026-04-15T02:58:51.059+0000] {logging_mixin.py:188} INFO - [2026-04-15T02:58:51.059+0000] {dag.py:3947} INFO - Setting next_dagrun for consume_1_or_2_with_dataset_expressions to None, run_after=None
[2026-04-15T02:58:51.061+0000] {logging_mixin.py:188} INFO - [2026-04-15T02:58:51.061+0000] {dag.py:3947} INFO - Setting next_dagrun for consume_1_or_both_2_and_3_with_dataset_expressions to None, run_after=None
[2026-04-15T02:58:51.062+0000] {logging_mixin.py:188} INFO - [2026-04-15T02:58:51.062+0000] {dag.py:3947} INFO - Setting next_dagrun for dataset_consumes_1 to None, run_after=None
[2026-04-15T02:58:51.063+0000] {logging_mixin.py:188} INFO - [2026-04-15T02:58:51.063+0000] {dag.py:3947} INFO - Setting next_dagrun for dataset_consumes_1_and_2 to None, run_after=None
[2026-04-15T02:58:51.064+0000] {logging_mixin.py:188} INFO - [2026-04-15T02:58:51.064+0000] {dag.py:3947} INFO - Setting next_dagrun for dataset_consumes_1_never_scheduled to None, run_after=None
[2026-04-15T02:58:51.067+0000] {logging_mixin.py:188} INFO - [2026-04-15T02:58:51.066+0000] {dag.py:3947} INFO - Setting next_dagrun for dataset_consumes_unknown_never_scheduled to None, run_after=None
[2026-04-15T02:58:51.070+0000] {logging_mixin.py:188} INFO - [2026-04-15T02:58:51.069+0000] {dag.py:3947} INFO - Setting next_dagrun for dataset_produces_1 to 2026-04-14 00:00:00+00:00, run_after=2026-04-15 00:00:00+00:00
[2026-04-15T02:58:51.071+0000] {logging_mixin.py:188} INFO - [2026-04-15T02:58:51.071+0000] {dag.py:3947} INFO - Setting next_dagrun for dataset_produces_2 to None, run_after=None
[2026-04-15T02:58:51.119+0000] {processor.py:183} INFO - Processing /home/airflow/.local/lib/python3.12/site-packages/airflow/example_dags/example_datasets.py took 0.199 seconds
[2026-04-15T02:59:21.390+0000] {processor.py:161} INFO - Started process (PID=1001) to work on /home/airflow/.local/lib/python3.12/site-packages/airflow/example_dags/example_datasets.py
[2026-04-15T02:59:21.391+0000] {processor.py:830} INFO - Processing file /home/airflow/.local/lib/python3.12/site-packages/airflow/example_dags/example_datasets.py for tasks to queue
[2026-04-15T02:59:21.394+0000] {logging_mixin.py:188} INFO - [2026-04-15T02:59:21.394+0000] {dagbag.py:545} INFO - Filling up the DagBag from /home/airflow/.local/lib/python3.12/site-packages/airflow/example_dags/example_datasets.py
[2026-04-15T02:59:21.419+0000] {processor.py:840} INFO - DAG(s) 'dataset_produces_2', 'dataset_consumes_unknown_never_scheduled', 'dataset_consumes_1', 'dataset_consumes_1_never_scheduled', 'consume_1_and_2_with_dataset_expressions', 'conditional_dataset_and_time_based_timetable', 'consume_1_or_both_2_and_3_with_dataset_expressions', 'dataset_consumes_1_and_2', 'consume_1_or_2_with_dataset_expressions', 'dataset_produces_1' retrieved from /home/airflow/.local/lib/python3.12/site-packages/airflow/example_dags/example_datasets.py
[2026-04-15T02:59:21.525+0000] {logging_mixin.py:188} INFO - [2026-04-15T02:59:21.525+0000] {dag.py:3089} INFO - Sync 10 DAGs
[2026-04-15T02:59:21.556+0000] {logging_mixin.py:188} INFO - [2026-04-15T02:59:21.556+0000] {dag.py:3947} INFO - Setting next_dagrun for conditional_dataset_and_time_based_timetable to 2026-04-15 01:00:00+00:00, run_after=2026-04-15 01:00:00+00:00
[2026-04-15T02:59:21.561+0000] {logging_mixin.py:188} INFO - [2026-04-15T02:59:21.561+0000] {dag.py:3947} INFO - Setting next_dagrun for consume_1_and_2_with_dataset_expressions to None, run_after=None
[2026-04-15T02:59:21.562+0000] {logging_mixin.py:188} INFO - [2026-04-15T02:59:21.562+0000] {dag.py:3947} INFO - Setting next_dagrun for consume_1_or_2_with_dataset_expressions to None, run_after=None
[2026-04-15T02:59:21.564+0000] {logging_mixin.py:188} INFO - [2026-04-15T02:59:21.564+0000] {dag.py:3947} INFO - Setting next_dagrun for consume_1_or_both_2_and_3_with_dataset_expressions to None, run_after=None
[2026-04-15T02:59:21.565+0000] {logging_mixin.py:188} INFO - [2026-04-15T02:59:21.565+0000] {dag.py:3947} INFO - Setting next_dagrun for dataset_consumes_1 to None, run_after=None
[2026-04-15T02:59:21.567+0000] {logging_mixin.py:188} INFO - [2026-04-15T02:59:21.567+0000] {dag.py:3947} INFO - Setting next_dagrun for dataset_consumes_1_and_2 to None, run_after=None
[2026-04-15T02:59:21.569+0000] {logging_mixin.py:188} INFO - [2026-04-15T02:59:21.569+0000] {dag.py:3947} INFO - Setting next_dagrun for dataset_consumes_1_never_scheduled to None, run_after=None
[2026-04-15T02:59:21.573+0000] {logging_mixin.py:188} INFO - [2026-04-15T02:59:21.572+0000] {dag.py:3947} INFO - Setting next_dagrun for dataset_consumes_unknown_never_scheduled to None, run_after=None
[2026-04-15T02:59:21.576+0000] {logging_mixin.py:188} INFO - [2026-04-15T02:59:21.576+0000] {dag.py:3947} INFO - Setting next_dagrun for dataset_produces_1 to 2026-04-14 00:00:00+00:00, run_after=2026-04-15 00:00:00+00:00
[2026-04-15T02:59:21.578+0000] {logging_mixin.py:188} INFO - [2026-04-15T02:59:21.577+0000] {dag.py:3947} INFO - Setting next_dagrun for dataset_produces_2 to None, run_after=None
[2026-04-15T02:59:21.640+0000] {processor.py:183} INFO - Processing /home/airflow/.local/lib/python3.12/site-packages/airflow/example_dags/example_datasets.py took 0.256 seconds
[2026-04-15T02:59:51.702+0000] {processor.py:161} INFO - Started process (PID=1060) to work on /home/airflow/.local/lib/python3.12/site-packages/airflow/example_dags/example_datasets.py
[2026-04-15T02:59:51.704+0000] {processor.py:830} INFO - Processing file /home/airflow/.local/lib/python3.12/site-packages/airflow/example_dags/example_datasets.py for tasks to queue
[2026-04-15T02:59:51.706+0000] {logging_mixin.py:188} INFO - [2026-04-15T02:59:51.706+0000] {dagbag.py:545} INFO - Filling up the DagBag from /home/airflow/.local/lib/python3.12/site-packages/airflow/example_dags/example_datasets.py
[2026-04-15T02:59:51.721+0000] {processor.py:840} INFO - DAG(s) 'dataset_produces_1', 'dataset_consumes_1', 'dataset_consumes_unknown_never_scheduled', 'consume_1_or_both_2_and_3_with_dataset_expressions', 'conditional_dataset_and_time_based_timetable', 'dataset_produces_2', 'dataset_consumes_1_and_2', 'consume_1_and_2_with_dataset_expressions', 'consume_1_or_2_with_dataset_expressions', 'dataset_consumes_1_never_scheduled' retrieved from /home/airflow/.local/lib/python3.12/site-packages/airflow/example_dags/example_datasets.py
[2026-04-15T02:59:51.783+0000] {logging_mixin.py:188} INFO - [2026-04-15T02:59:51.783+0000] {dag.py:3089} INFO - Sync 10 DAGs
[2026-04-15T02:59:51.810+0000] {logging_mixin.py:188} INFO - [2026-04-15T02:59:51.810+0000] {dag.py:3947} INFO - Setting next_dagrun for conditional_dataset_and_time_based_timetable to 2026-04-15 01:00:00+00:00, run_after=2026-04-15 01:00:00+00:00
[2026-04-15T02:59:51.814+0000] {logging_mixin.py:188} INFO - [2026-04-15T02:59:51.814+0000] {dag.py:3947} INFO - Setting next_dagrun for consume_1_and_2_with_dataset_expressions to None, run_after=None
[2026-04-15T02:59:51.816+0000] {logging_mixin.py:188} INFO - [2026-04-15T02:59:51.815+0000] {dag.py:3947} INFO - Setting next_dagrun for consume_1_or_2_with_dataset_expressions to None, run_after=None
[2026-04-15T02:59:51.817+0000] {logging_mixin.py:188} INFO - [2026-04-15T02:59:51.817+0000] {dag.py:3947} INFO - Setting next_dagrun for consume_1_or_both_2_and_3_with_dataset_expressions to None, run_after=None
[2026-04-15T02:59:51.818+0000] {logging_mixin.py:188} INFO - [2026-04-15T02:59:51.818+0000] {dag.py:3947} INFO - Setting next_dagrun for dataset_consumes_1 to None, run_after=None
[2026-04-15T02:59:51.819+0000] {logging_mixin.py:188} INFO - [2026-04-15T02:59:51.819+0000] {dag.py:3947} INFO - Setting next_dagrun for dataset_consumes_1_and_2 to None, run_after=None
[2026-04-15T02:59:51.822+0000] {logging_mixin.py:188} INFO - [2026-04-15T02:59:51.821+0000] {dag.py:3947} INFO - Setting next_dagrun for dataset_consumes_1_never_scheduled to None, run_after=None
[2026-04-15T02:59:51.824+0000] {logging_mixin.py:188} INFO - [2026-04-15T02:59:51.824+0000] {dag.py:3947} INFO - Setting next_dagrun for dataset_consumes_unknown_never_scheduled to None, run_after=None
[2026-04-15T02:59:51.827+0000] {logging_mixin.py:188} INFO - [2026-04-15T02:59:51.827+0000] {dag.py:3947} INFO - Setting next_dagrun for dataset_produces_1 to 2026-04-14 00:00:00+00:00, run_after=2026-04-15 00:00:00+00:00
[2026-04-15T02:59:51.829+0000] {logging_mixin.py:188} INFO - [2026-04-15T02:59:51.829+0000] {dag.py:3947} INFO - Setting next_dagrun for dataset_produces_2 to None, run_after=None
[2026-04-15T02:59:51.890+0000] {processor.py:183} INFO - Processing /home/airflow/.local/lib/python3.12/site-packages/airflow/example_dags/example_datasets.py took 0.196 seconds
[2026-04-15T03:00:21.984+0000] {processor.py:161} INFO - Started process (PID=1119) to work on /home/airflow/.local/lib/python3.12/site-packages/airflow/example_dags/example_datasets.py
[2026-04-15T03:00:21.997+0000] {processor.py:830} INFO - Processing file /home/airflow/.local/lib/python3.12/site-packages/airflow/example_dags/example_datasets.py for tasks to queue
[2026-04-15T03:00:22.001+0000] {logging_mixin.py:188} INFO - [2026-04-15T03:00:22.000+0000] {dagbag.py:545} INFO - Filling up the DagBag from /home/airflow/.local/lib/python3.12/site-packages/airflow/example_dags/example_datasets.py
[2026-04-15T03:00:22.025+0000] {processor.py:840} INFO - DAG(s) 'dataset_consumes_unknown_never_scheduled', 'conditional_dataset_and_time_based_timetable', 'dataset_produces_2', 'dataset_consumes_1', 'consume_1_or_2_with_dataset_expressions', 'dataset_consumes_1_and_2', 'dataset_produces_1', 'dataset_consumes_1_never_scheduled', 'consume_1_and_2_with_dataset_expressions', 'consume_1_or_both_2_and_3_with_dataset_expressions' retrieved from /home/airflow/.local/lib/python3.12/site-packages/airflow/example_dags/example_datasets.py
[2026-04-15T03:00:22.085+0000] {logging_mixin.py:188} INFO - [2026-04-15T03:00:22.085+0000] {dag.py:3089} INFO - Sync 10 DAGs
[2026-04-15T03:00:22.116+0000] {logging_mixin.py:188} INFO - [2026-04-15T03:00:22.115+0000] {dag.py:3947} INFO - Setting next_dagrun for conditional_dataset_and_time_based_timetable to 2026-04-15 01:00:00+00:00, run_after=2026-04-15 01:00:00+00:00
[2026-04-15T03:00:22.120+0000] {logging_mixin.py:188} INFO - [2026-04-15T03:00:22.119+0000] {dag.py:3947} INFO - Setting next_dagrun for consume_1_and_2_with_dataset_expressions to None, run_after=None
[2026-04-15T03:00:22.121+0000] {logging_mixin.py:188} INFO - [2026-04-15T03:00:22.121+0000] {dag.py:3947} INFO - Setting next_dagrun for consume_1_or_2_with_dataset_expressions to None, run_after=None
[2026-04-15T03:00:22.123+0000] {logging_mixin.py:188} INFO - [2026-04-15T03:00:22.122+0000] {dag.py:3947} INFO - Setting next_dagrun for consume_1_or_both_2_and_3_with_dataset_expressions to None, run_after=None
[2026-04-15T03:00:22.124+0000] {logging_mixin.py:188} INFO - [2026-04-15T03:00:22.124+0000] {dag.py:3947} INFO - Setting next_dagrun for dataset_consumes_1 to None, run_after=None
[2026-04-15T03:00:22.126+0000] {logging_mixin.py:188} INFO - [2026-04-15T03:00:22.126+0000] {dag.py:3947} INFO - Setting next_dagrun for dataset_consumes_1_and_2 to None, run_after=None
[2026-04-15T03:00:22.127+0000] {logging_mixin.py:188} INFO - [2026-04-15T03:00:22.127+0000] {dag.py:3947} INFO - Setting next_dagrun for dataset_consumes_1_never_scheduled to None, run_after=None
[2026-04-15T03:00:22.130+0000] {logging_mixin.py:188} INFO - [2026-04-15T03:00:22.129+0000] {dag.py:3947} INFO - Setting next_dagrun for dataset_consumes_unknown_never_scheduled to None, run_after=None
[2026-04-15T03:00:22.133+0000] {logging_mixin.py:188} INFO - [2026-04-15T03:00:22.133+0000] {dag.py:3947} INFO - Setting next_dagrun for dataset_produces_1 to 2026-04-14 00:00:00+00:00, run_after=2026-04-15 00:00:00+00:00
[2026-04-15T03:00:22.135+0000] {logging_mixin.py:188} INFO - [2026-04-15T03:00:22.135+0000] {dag.py:3947} INFO - Setting next_dagrun for dataset_produces_2 to None, run_after=None
[2026-04-15T03:00:22.198+0000] {processor.py:183} INFO - Processing /home/airflow/.local/lib/python3.12/site-packages/airflow/example_dags/example_datasets.py took 0.236 seconds
[2026-04-15T03:00:52.362+0000] {processor.py:161} INFO - Started process (PID=1178) to work on /home/airflow/.local/lib/python3.12/site-packages/airflow/example_dags/example_datasets.py
[2026-04-15T03:00:52.373+0000] {processor.py:830} INFO - Processing file /home/airflow/.local/lib/python3.12/site-packages/airflow/example_dags/example_datasets.py for tasks to queue
[2026-04-15T03:00:52.376+0000] {logging_mixin.py:188} INFO - [2026-04-15T03:00:52.376+0000] {dagbag.py:545} INFO - Filling up the DagBag from /home/airflow/.local/lib/python3.12/site-packages/airflow/example_dags/example_datasets.py
[2026-04-15T03:00:52.421+0000] {processor.py:840} INFO - DAG(s) 'consume_1_and_2_with_dataset_expressions', 'dataset_produces_2', 'dataset_consumes_unknown_never_scheduled', 'consume_1_or_2_with_dataset_expressions', 'dataset_consumes_1_never_scheduled', 'consume_1_or_both_2_and_3_with_dataset_expressions', 'dataset_produces_1', 'conditional_dataset_and_time_based_timetable', 'dataset_consumes_1', 'dataset_consumes_1_and_2' retrieved from /home/airflow/.local/lib/python3.12/site-packages/airflow/example_dags/example_datasets.py
[2026-04-15T03:00:52.564+0000] {logging_mixin.py:188} INFO - [2026-04-15T03:00:52.564+0000] {dag.py:3089} INFO - Sync 10 DAGs
[2026-04-15T03:00:52.608+0000] {logging_mixin.py:188} INFO - [2026-04-15T03:00:52.607+0000] {dag.py:3947} INFO - Setting next_dagrun for conditional_dataset_and_time_based_timetable to 2026-04-15 01:00:00+00:00, run_after=2026-04-15 01:00:00+00:00
[2026-04-15T03:00:52.612+0000] {logging_mixin.py:188} INFO - [2026-04-15T03:00:52.612+0000] {dag.py:3947} INFO - Setting next_dagrun for consume_1_and_2_with_dataset_expressions to None, run_after=None
[2026-04-15T03:00:52.613+0000] {logging_mixin.py:188} INFO - [2026-04-15T03:00:52.613+0000] {dag.py:3947} INFO - Setting next_dagrun for consume_1_or_2_with_dataset_expressions to None, run_after=None
[2026-04-15T03:00:52.614+0000] {logging_mixin.py:188} INFO - [2026-04-15T03:00:52.614+0000] {dag.py:3947} INFO - Setting next_dagrun for consume_1_or_both_2_and_3_with_dataset_expressions to None, run_after=None
[2026-04-15T03:00:52.616+0000] {logging_mixin.py:188} INFO - [2026-04-15T03:00:52.616+0000] {dag.py:3947} INFO - Setting next_dagrun for dataset_consumes_1 to None, run_after=None
[2026-04-15T03:00:52.618+0000] {logging_mixin.py:188} INFO - [2026-04-15T03:00:52.617+0000] {dag.py:3947} INFO - Setting next_dagrun for dataset_consumes_1_and_2 to None, run_after=None
[2026-04-15T03:00:52.621+0000] {logging_mixin.py:188} INFO - [2026-04-15T03:00:52.621+0000] {dag.py:3947} INFO - Setting next_dagrun for dataset_consumes_1_never_scheduled to None, run_after=None
[2026-04-15T03:00:52.623+0000] {logging_mixin.py:188} INFO - [2026-04-15T03:00:52.623+0000] {dag.py:3947} INFO - Setting next_dagrun for dataset_consumes_unknown_never_scheduled to None, run_after=None
[2026-04-15T03:00:52.626+0000] {logging_mixin.py:188} INFO - [2026-04-15T03:00:52.625+0000] {dag.py:3947} INFO - Setting next_dagrun for dataset_produces_1 to 2026-04-14 00:00:00+00:00, run_after=2026-04-15 00:00:00+00:00
[2026-04-15T03:00:52.627+0000] {logging_mixin.py:188} INFO - [2026-04-15T03:00:52.627+0000] {dag.py:3947} INFO - Setting next_dagrun for dataset_produces_2 to None, run_after=None
[2026-04-15T03:00:52.703+0000] {processor.py:183} INFO - Processing /home/airflow/.local/lib/python3.12/site-packages/airflow/example_dags/example_datasets.py took 0.354 seconds
[2026-04-15T03:01:23.010+0000] {processor.py:161} INFO - Started process (PID=1237) to work on /home/airflow/.local/lib/python3.12/site-packages/airflow/example_dags/example_datasets.py
[2026-04-15T03:01:23.011+0000] {processor.py:830} INFO - Processing file /home/airflow/.local/lib/python3.12/site-packages/airflow/example_dags/example_datasets.py for tasks to queue
[2026-04-15T03:01:23.013+0000] {logging_mixin.py:188} INFO - [2026-04-15T03:01:23.012+0000] {dagbag.py:545} INFO - Filling up the DagBag from /home/airflow/.local/lib/python3.12/site-packages/airflow/example_dags/example_datasets.py
[2026-04-15T03:01:23.026+0000] {processor.py:840} INFO - DAG(s) 'dataset_consumes_1_and_2', 'dataset_produces_1', 'dataset_produces_2', 'conditional_dataset_and_time_based_timetable', 'dataset_consumes_1_never_scheduled', 'consume_1_or_both_2_and_3_with_dataset_expressions', 'consume_1_and_2_with_dataset_expressions', 'dataset_consumes_unknown_never_scheduled', 'dataset_consumes_1', 'consume_1_or_2_with_dataset_expressions' retrieved from /home/airflow/.local/lib/python3.12/site-packages/airflow/example_dags/example_datasets.py
[2026-04-15T03:01:23.110+0000] {logging_mixin.py:188} INFO - [2026-04-15T03:01:23.110+0000] {dag.py:3089} INFO - Sync 10 DAGs
[2026-04-15T03:01:23.141+0000] {logging_mixin.py:188} INFO - [2026-04-15T03:01:23.141+0000] {dag.py:3947} INFO - Setting next_dagrun for conditional_dataset_and_time_based_timetable to 2026-04-15 01:00:00+00:00, run_after=2026-04-15 01:00:00+00:00
[2026-04-15T03:01:23.148+0000] {logging_mixin.py:188} INFO - [2026-04-15T03:01:23.148+0000] {dag.py:3947} INFO - Setting next_dagrun for consume_1_and_2_with_dataset_expressions to None, run_after=None
[2026-04-15T03:01:23.151+0000] {logging_mixin.py:188} INFO - [2026-04-15T03:01:23.150+0000] {dag.py:3947} INFO - Setting next_dagrun for consume_1_or_2_with_dataset_expressions to None, run_after=None
[2026-04-15T03:01:23.152+0000] {logging_mixin.py:188} INFO - [2026-04-15T03:01:23.152+0000] {dag.py:3947} INFO - Setting next_dagrun for consume_1_or_both_2_and_3_with_dataset_expressions to None, run_after=None
[2026-04-15T03:01:23.154+0000] {logging_mixin.py:188} INFO - [2026-04-15T03:01:23.154+0000] {dag.py:3947} INFO - Setting next_dagrun for dataset_consumes_1 to None, run_after=None
[2026-04-15T03:01:23.156+0000] {logging_mixin.py:188} INFO - [2026-04-15T03:01:23.156+0000] {dag.py:3947} INFO - Setting next_dagrun for dataset_consumes_1_and_2 to None, run_after=None
[2026-04-15T03:01:23.159+0000] {logging_mixin.py:188} INFO - [2026-04-15T03:01:23.158+0000] {dag.py:3947} INFO - Setting next_dagrun for dataset_consumes_1_never_scheduled to None, run_after=None
[2026-04-15T03:01:23.161+0000] {logging_mixin.py:188} INFO - [2026-04-15T03:01:23.161+0000] {dag.py:3947} INFO - Setting next_dagrun for dataset_consumes_unknown_never_scheduled to None, run_after=None
[2026-04-15T03:01:23.166+0000] {logging_mixin.py:188} INFO - [2026-04-15T03:01:23.166+0000] {dag.py:3947} INFO - Setting next_dagrun for dataset_produces_1 to 2026-04-14 00:00:00+00:00, run_after=2026-04-15 00:00:00+00:00
[2026-04-15T03:01:23.168+0000] {logging_mixin.py:188} INFO - [2026-04-15T03:01:23.168+0000] {dag.py:3947} INFO - Setting next_dagrun for dataset_produces_2 to None, run_after=None
[2026-04-15T03:01:23.227+0000] {processor.py:183} INFO - Processing /home/airflow/.local/lib/python3.12/site-packages/airflow/example_dags/example_datasets.py took 0.231 seconds
[2026-04-15T03:01:53.421+0000] {processor.py:161} INFO - Started process (PID=1296) to work on /home/airflow/.local/lib/python3.12/site-packages/airflow/example_dags/example_datasets.py
[2026-04-15T03:01:53.433+0000] {processor.py:830} INFO - Processing file /home/airflow/.local/lib/python3.12/site-packages/airflow/example_dags/example_datasets.py for tasks to queue
[2026-04-15T03:01:53.442+0000] {logging_mixin.py:188} INFO - [2026-04-15T03:01:53.440+0000] {dagbag.py:545} INFO - Filling up the DagBag from /home/airflow/.local/lib/python3.12/site-packages/airflow/example_dags/example_datasets.py
[2026-04-15T03:01:53.486+0000] {processor.py:840} INFO - DAG(s) 'conditional_dataset_and_time_based_timetable', 'dataset_consumes_1_never_scheduled', 'consume_1_and_2_with_dataset_expressions', 'dataset_consumes_1', 'consume_1_or_both_2_and_3_with_dataset_expressions', 'dataset_produces_1', 'dataset_consumes_1_and_2', 'dataset_produces_2', 'dataset_consumes_unknown_never_scheduled', 'consume_1_or_2_with_dataset_expressions' retrieved from /home/airflow/.local/lib/python3.12/site-packages/airflow/example_dags/example_datasets.py
[2026-04-15T03:01:53.573+0000] {logging_mixin.py:188} INFO - [2026-04-15T03:01:53.573+0000] {dag.py:3089} INFO - Sync 10 DAGs
[2026-04-15T03:01:53.629+0000] {logging_mixin.py:188} INFO - [2026-04-15T03:01:53.629+0000] {dag.py:3947} INFO - Setting next_dagrun for conditional_dataset_and_time_based_timetable to 2026-04-15 01:00:00+00:00, run_after=2026-04-15 01:00:00+00:00
[2026-04-15T03:01:53.637+0000] {logging_mixin.py:188} INFO - [2026-04-15T03:01:53.636+0000] {dag.py:3947} INFO - Setting next_dagrun for consume_1_and_2_with_dataset_expressions to None, run_after=None
[2026-04-15T03:01:53.639+0000] {logging_mixin.py:188} INFO - [2026-04-15T03:01:53.639+0000] {dag.py:3947} INFO - Setting next_dagrun for consume_1_or_2_with_dataset_expressions to None, run_after=None
[2026-04-15T03:01:53.642+0000] {logging_mixin.py:188} INFO - [2026-04-15T03:01:53.641+0000] {dag.py:3947} INFO - Setting next_dagrun for consume_1_or_both_2_and_3_with_dataset_expressions to None, run_after=None
[2026-04-15T03:01:53.645+0000] {logging_mixin.py:188} INFO - [2026-04-15T03:01:53.644+0000] {dag.py:3947} INFO - Setting next_dagrun for dataset_consumes_1 to None, run_after=None
[2026-04-15T03:01:53.647+0000] {logging_mixin.py:188} INFO - [2026-04-15T03:01:53.647+0000] {dag.py:3947} INFO - Setting next_dagrun for dataset_consumes_1_and_2 to None, run_after=None
[2026-04-15T03:01:53.650+0000] {logging_mixin.py:188} INFO - [2026-04-15T03:01:53.649+0000] {dag.py:3947} INFO - Setting next_dagrun for dataset_consumes_1_never_scheduled to None, run_after=None
[2026-04-15T03:01:53.653+0000] {logging_mixin.py:188} INFO - [2026-04-15T03:01:53.652+0000] {dag.py:3947} INFO - Setting next_dagrun for dataset_consumes_unknown_never_scheduled to None, run_after=None
[2026-04-15T03:01:53.659+0000] {logging_mixin.py:188} INFO - [2026-04-15T03:01:53.658+0000] {dag.py:3947} INFO - Setting next_dagrun for dataset_produces_1 to 2026-04-14 00:00:00+00:00, run_after=2026-04-15 00:00:00+00:00
[2026-04-15T03:01:53.661+0000] {logging_mixin.py:188} INFO - [2026-04-15T03:01:53.661+0000] {dag.py:3947} INFO - Setting next_dagrun for dataset_produces_2 to None, run_after=None
[2026-04-15T03:01:53.715+0000] {processor.py:183} INFO - Processing /home/airflow/.local/lib/python3.12/site-packages/airflow/example_dags/example_datasets.py took 0.316 seconds
[2026-04-15T03:02:24.159+0000] {processor.py:161} INFO - Started process (PID=1355) to work on /home/airflow/.local/lib/python3.12/site-packages/airflow/example_dags/example_datasets.py
[2026-04-15T03:02:24.159+0000] {processor.py:830} INFO - Processing file /home/airflow/.local/lib/python3.12/site-packages/airflow/example_dags/example_datasets.py for tasks to queue
[2026-04-15T03:02:24.161+0000] {logging_mixin.py:188} INFO - [2026-04-15T03:02:24.161+0000] {dagbag.py:545} INFO - Filling up the DagBag from /home/airflow/.local/lib/python3.12/site-packages/airflow/example_dags/example_datasets.py
[2026-04-15T03:02:24.174+0000] {processor.py:840} INFO - DAG(s) 'consume_1_and_2_with_dataset_expressions', 'dataset_consumes_1_never_scheduled', 'consume_1_or_2_with_dataset_expressions', 'dataset_consumes_1', 'dataset_produces_2', 'dataset_consumes_1_and_2', 'dataset_consumes_unknown_never_scheduled', 'conditional_dataset_and_time_based_timetable', 'dataset_produces_1', 'consume_1_or_both_2_and_3_with_dataset_expressions' retrieved from /home/airflow/.local/lib/python3.12/site-packages/airflow/example_dags/example_datasets.py
[2026-04-15T03:02:24.248+0000] {logging_mixin.py:188} INFO - [2026-04-15T03:02:24.247+0000] {dag.py:3089} INFO - Sync 10 DAGs
[2026-04-15T03:02:24.280+0000] {logging_mixin.py:188} INFO - [2026-04-15T03:02:24.280+0000] {dag.py:3947} INFO - Setting next_dagrun for conditional_dataset_and_time_based_timetable to 2026-04-15 01:00:00+00:00, run_after=2026-04-15 01:00:00+00:00
[2026-04-15T03:02:24.285+0000] {logging_mixin.py:188} INFO - [2026-04-15T03:02:24.285+0000] {dag.py:3947} INFO - Setting next_dagrun for consume_1_and_2_with_dataset_expressions to None, run_after=None
[2026-04-15T03:02:24.287+0000] {logging_mixin.py:188} INFO - [2026-04-15T03:02:24.287+0000] {dag.py:3947} INFO - Setting next_dagrun for consume_1_or_2_with_dataset_expressions to None, run_after=None
[2026-04-15T03:02:24.289+0000] {logging_mixin.py:188} INFO - [2026-04-15T03:02:24.289+0000] {dag.py:3947} INFO - Setting next_dagrun for consume_1_or_both_2_and_3_with_dataset_expressions to None, run_after=None
[2026-04-15T03:02:24.290+0000] {logging_mixin.py:188} INFO - [2026-04-15T03:02:24.290+0000] {dag.py:3947} INFO - Setting next_dagrun for dataset_consumes_1 to None, run_after=None
[2026-04-15T03:02:24.292+0000] {logging_mixin.py:188} INFO - [2026-04-15T03:02:24.292+0000] {dag.py:3947} INFO - Setting next_dagrun for dataset_consumes_1_and_2 to None, run_after=None
[2026-04-15T03:02:24.293+0000] {logging_mixin.py:188} INFO - [2026-04-15T03:02:24.293+0000] {dag.py:3947} INFO - Setting next_dagrun for dataset_consumes_1_never_scheduled to None, run_after=None
[2026-04-15T03:02:24.295+0000] {logging_mixin.py:188} INFO - [2026-04-15T03:02:24.294+0000] {dag.py:3947} INFO - Setting next_dagrun for dataset_consumes_unknown_never_scheduled to None, run_after=None
[2026-04-15T03:02:24.297+0000] {logging_mixin.py:188} INFO - [2026-04-15T03:02:24.297+0000] {dag.py:3947} INFO - Setting next_dagrun for dataset_produces_1 to 2026-04-14 00:00:00+00:00, run_after=2026-04-15 00:00:00+00:00
[2026-04-15T03:02:24.298+0000] {logging_mixin.py:188} INFO - [2026-04-15T03:02:24.298+0000] {dag.py:3947} INFO - Setting next_dagrun for dataset_produces_2 to None, run_after=None
[2026-04-15T03:02:24.348+0000] {processor.py:183} INFO - Processing /home/airflow/.local/lib/python3.12/site-packages/airflow/example_dags/example_datasets.py took 0.197 seconds
[2026-04-15T03:02:54.451+0000] {processor.py:161} INFO - Started process (PID=1414) to work on /home/airflow/.local/lib/python3.12/site-packages/airflow/example_dags/example_datasets.py
[2026-04-15T03:02:54.461+0000] {processor.py:830} INFO - Processing file /home/airflow/.local/lib/python3.12/site-packages/airflow/example_dags/example_datasets.py for tasks to queue
[2026-04-15T03:02:54.464+0000] {logging_mixin.py:188} INFO - [2026-04-15T03:02:54.463+0000] {dagbag.py:545} INFO - Filling up the DagBag from /home/airflow/.local/lib/python3.12/site-packages/airflow/example_dags/example_datasets.py
[2026-04-15T03:02:54.492+0000] {processor.py:840} INFO - DAG(s) 'dataset_consumes_1', 'dataset_produces_2', 'consume_1_or_both_2_and_3_with_dataset_expressions', 'conditional_dataset_and_time_based_timetable', 'dataset_produces_1', 'dataset_consumes_1_and_2', 'dataset_consumes_1_never_scheduled', 'dataset_consumes_unknown_never_scheduled', 'consume_1_and_2_with_dataset_expressions', 'consume_1_or_2_with_dataset_expressions' retrieved from /home/airflow/.local/lib/python3.12/site-packages/airflow/example_dags/example_datasets.py
[2026-04-15T03:02:54.574+0000] {logging_mixin.py:188} INFO - [2026-04-15T03:02:54.574+0000] {dag.py:3089} INFO - Sync 10 DAGs
[2026-04-15T03:02:54.613+0000] {logging_mixin.py:188} INFO - [2026-04-15T03:02:54.612+0000] {dag.py:3947} INFO - Setting next_dagrun for conditional_dataset_and_time_based_timetable to 2026-04-15 01:00:00+00:00, run_after=2026-04-15 01:00:00+00:00
[2026-04-15T03:02:54.621+0000] {logging_mixin.py:188} INFO - [2026-04-15T03:02:54.621+0000] {dag.py:3947} INFO - Setting next_dagrun for consume_1_and_2_with_dataset_expressions to None, run_after=None
[2026-04-15T03:02:54.623+0000] {logging_mixin.py:188} INFO - [2026-04-15T03:02:54.623+0000] {dag.py:3947} INFO - Setting next_dagrun for consume_1_or_2_with_dataset_expressions to None, run_after=None
[2026-04-15T03:02:54.626+0000] {logging_mixin.py:188} INFO - [2026-04-15T03:02:54.626+0000] {dag.py:3947} INFO - Setting next_dagrun for consume_1_or_both_2_and_3_with_dataset_expressions to None, run_after=None
[2026-04-15T03:02:54.629+0000] {logging_mixin.py:188} INFO - [2026-04-15T03:02:54.628+0000] {dag.py:3947} INFO - Setting next_dagrun for dataset_consumes_1 to None, run_after=None
[2026-04-15T03:02:54.631+0000] {logging_mixin.py:188} INFO - [2026-04-15T03:02:54.631+0000] {dag.py:3947} INFO - Setting next_dagrun for dataset_consumes_1_and_2 to None, run_after=None
[2026-04-15T03:02:54.633+0000] {logging_mixin.py:188} INFO - [2026-04-15T03:02:54.633+0000] {dag.py:3947} INFO - Setting next_dagrun for dataset_consumes_1_never_scheduled to None, run_after=None
[2026-04-15T03:02:54.636+0000] {logging_mixin.py:188} INFO - [2026-04-15T03:02:54.635+0000] {dag.py:3947} INFO - Setting next_dagrun for dataset_consumes_unknown_never_scheduled to None, run_after=None
[2026-04-15T03:02:54.640+0000] {logging_mixin.py:188} INFO - [2026-04-15T03:02:54.639+0000] {dag.py:3947} INFO - Setting next_dagrun for dataset_produces_1 to 2026-04-14 00:00:00+00:00, run_after=2026-04-15 00:00:00+00:00
[2026-04-15T03:02:54.641+0000] {logging_mixin.py:188} INFO - [2026-04-15T03:02:54.641+0000] {dag.py:3947} INFO - Setting next_dagrun for dataset_produces_2 to None, run_after=None
[2026-04-15T03:02:54.705+0000] {processor.py:183} INFO - Processing /home/airflow/.local/lib/python3.12/site-packages/airflow/example_dags/example_datasets.py took 0.270 seconds
[2026-04-15T03:03:24.884+0000] {processor.py:161} INFO - Started process (PID=1473) to work on /home/airflow/.local/lib/python3.12/site-packages/airflow/example_dags/example_datasets.py
[2026-04-15T03:03:24.893+0000] {processor.py:830} INFO - Processing file /home/airflow/.local/lib/python3.12/site-packages/airflow/example_dags/example_datasets.py for tasks to queue
[2026-04-15T03:03:24.895+0000] {logging_mixin.py:188} INFO - [2026-04-15T03:03:24.895+0000] {dagbag.py:545} INFO - Filling up the DagBag from /home/airflow/.local/lib/python3.12/site-packages/airflow/example_dags/example_datasets.py
[2026-04-15T03:03:24.911+0000] {processor.py:840} INFO - DAG(s) 'consume_1_and_2_with_dataset_expressions', 'dataset_consumes_unknown_never_scheduled', 'dataset_consumes_1', 'dataset_produces_2', 'dataset_consumes_1_never_scheduled', 'consume_1_or_2_with_dataset_expressions', 'conditional_dataset_and_time_based_timetable', 'dataset_consumes_1_and_2', 'dataset_produces_1', 'consume_1_or_both_2_and_3_with_dataset_expressions' retrieved from /home/airflow/.local/lib/python3.12/site-packages/airflow/example_dags/example_datasets.py
[2026-04-15T03:03:25.003+0000] {logging_mixin.py:188} INFO - [2026-04-15T03:03:25.003+0000] {dag.py:3089} INFO - Sync 10 DAGs
[2026-04-15T03:03:25.033+0000] {logging_mixin.py:188} INFO - [2026-04-15T03:03:25.033+0000] {dag.py:3947} INFO - Setting next_dagrun for conditional_dataset_and_time_based_timetable to 2026-04-15 01:00:00+00:00, run_after=2026-04-15 01:00:00+00:00
[2026-04-15T03:03:25.037+0000] {logging_mixin.py:188} INFO - [2026-04-15T03:03:25.037+0000] {dag.py:3947} INFO - Setting next_dagrun for consume_1_and_2_with_dataset_expressions to None, run_after=None
[2026-04-15T03:03:25.039+0000] {logging_mixin.py:188} INFO - [2026-04-15T03:03:25.039+0000] {dag.py:3947} INFO - Setting next_dagrun for consume_1_or_2_with_dataset_expressions to None, run_after=None
[2026-04-15T03:03:25.041+0000] {logging_mixin.py:188} INFO - [2026-04-15T03:03:25.041+0000] {dag.py:3947} INFO - Setting next_dagrun for consume_1_or_both_2_and_3_with_dataset_expressions to None, run_after=None
[2026-04-15T03:03:25.043+0000] {logging_mixin.py:188} INFO - [2026-04-15T03:03:25.043+0000] {dag.py:3947} INFO - Setting next_dagrun for dataset_consumes_1 to None, run_after=None
[2026-04-15T03:03:25.045+0000] {logging_mixin.py:188} INFO - [2026-04-15T03:03:25.045+0000] {dag.py:3947} INFO - Setting next_dagrun for dataset_consumes_1_and_2 to None, run_after=None
[2026-04-15T03:03:25.046+0000] {logging_mixin.py:188} INFO - [2026-04-15T03:03:25.046+0000] {dag.py:3947} INFO - Setting next_dagrun for dataset_consumes_1_never_scheduled to None, run_after=None
[2026-04-15T03:03:25.047+0000] {logging_mixin.py:188} INFO - [2026-04-15T03:03:25.047+0000] {dag.py:3947} INFO - Setting next_dagrun for dataset_consumes_unknown_never_scheduled to None, run_after=None
[2026-04-15T03:03:25.051+0000] {logging_mixin.py:188} INFO - [2026-04-15T03:03:25.050+0000] {dag.py:3947} INFO - Setting next_dagrun for dataset_produces_1 to 2026-04-14 00:00:00+00:00, run_after=2026-04-15 00:00:00+00:00
[2026-04-15T03:03:25.052+0000] {logging_mixin.py:188} INFO - [2026-04-15T03:03:25.052+0000] {dag.py:3947} INFO - Setting next_dagrun for dataset_produces_2 to None, run_after=None
[2026-04-15T03:03:25.100+0000] {processor.py:183} INFO - Processing /home/airflow/.local/lib/python3.12/site-packages/airflow/example_dags/example_datasets.py took 0.227 seconds
[2026-04-15T03:03:55.167+0000] {processor.py:161} INFO - Started process (PID=1532) to work on /home/airflow/.local/lib/python3.12/site-packages/airflow/example_dags/example_datasets.py
[2026-04-15T03:03:55.181+0000] {processor.py:830} INFO - Processing file /home/airflow/.local/lib/python3.12/site-packages/airflow/example_dags/example_datasets.py for tasks to queue
[2026-04-15T03:03:55.185+0000] {logging_mixin.py:188} INFO - [2026-04-15T03:03:55.184+0000] {dagbag.py:545} INFO - Filling up the DagBag from /home/airflow/.local/lib/python3.12/site-packages/airflow/example_dags/example_datasets.py
[2026-04-15T03:03:55.238+0000] {processor.py:840} INFO - DAG(s) 'dataset_consumes_1', 'consume_1_and_2_with_dataset_expressions', 'consume_1_or_both_2_and_3_with_dataset_expressions', 'dataset_produces_2', 'dataset_produces_1', 'dataset_consumes_1_and_2', 'dataset_consumes_unknown_never_scheduled', 'consume_1_or_2_with_dataset_expressions', 'dataset_consumes_1_never_scheduled', 'conditional_dataset_and_time_based_timetable' retrieved from /home/airflow/.local/lib/python3.12/site-packages/airflow/example_dags/example_datasets.py
[2026-04-15T03:03:55.339+0000] {logging_mixin.py:188} INFO - [2026-04-15T03:03:55.338+0000] {dag.py:3089} INFO - Sync 10 DAGs
[2026-04-15T03:03:55.416+0000] {logging_mixin.py:188} INFO - [2026-04-15T03:03:55.416+0000] {dag.py:3947} INFO - Setting next_dagrun for conditional_dataset_and_time_based_timetable to 2026-04-15 01:00:00+00:00, run_after=2026-04-15 01:00:00+00:00
[2026-04-15T03:03:55.428+0000] {logging_mixin.py:188} INFO - [2026-04-15T03:03:55.427+0000] {dag.py:3947} INFO - Setting next_dagrun for consume_1_and_2_with_dataset_expressions to None, run_after=None
[2026-04-15T03:03:55.431+0000] {logging_mixin.py:188} INFO - [2026-04-15T03:03:55.431+0000] {dag.py:3947} INFO - Setting next_dagrun for consume_1_or_2_with_dataset_expressions to None, run_after=None
[2026-04-15T03:03:55.435+0000] {logging_mixin.py:188} INFO - [2026-04-15T03:03:55.434+0000] {dag.py:3947} INFO - Setting next_dagrun for consume_1_or_both_2_and_3_with_dataset_expressions to None, run_after=None
[2026-04-15T03:03:55.438+0000] {logging_mixin.py:188} INFO - [2026-04-15T03:03:55.437+0000] {dag.py:3947} INFO - Setting next_dagrun for dataset_consumes_1 to None, run_after=None
[2026-04-15T03:03:55.440+0000] {logging_mixin.py:188} INFO - [2026-04-15T03:03:55.440+0000] {dag.py:3947} INFO - Setting next_dagrun for dataset_consumes_1_and_2 to None, run_after=None
[2026-04-15T03:03:55.445+0000] {logging_mixin.py:188} INFO - [2026-04-15T03:03:55.444+0000] {dag.py:3947} INFO - Setting next_dagrun for dataset_consumes_1_never_scheduled to None, run_after=None
[2026-04-15T03:03:55.449+0000] {logging_mixin.py:188} INFO - [2026-04-15T03:03:55.448+0000] {dag.py:3947} INFO - Setting next_dagrun for dataset_consumes_unknown_never_scheduled to None, run_after=None
[2026-04-15T03:03:55.461+0000] {logging_mixin.py:188} INFO - [2026-04-15T03:03:55.460+0000] {dag.py:3947} INFO - Setting next_dagrun for dataset_produces_1 to 2026-04-14 00:00:00+00:00, run_after=2026-04-15 00:00:00+00:00
[2026-04-15T03:03:55.466+0000] {logging_mixin.py:188} INFO - [2026-04-15T03:03:55.466+0000] {dag.py:3947} INFO - Setting next_dagrun for dataset_produces_2 to None, run_after=None
[2026-04-15T03:03:55.515+0000] {processor.py:183} INFO - Processing /home/airflow/.local/lib/python3.12/site-packages/airflow/example_dags/example_datasets.py took 0.366 seconds
[2026-04-15T03:04:25.745+0000] {processor.py:161} INFO - Started process (PID=1592) to work on /home/airflow/.local/lib/python3.12/site-packages/airflow/example_dags/example_datasets.py
[2026-04-15T03:04:25.746+0000] {processor.py:830} INFO - Processing file /home/airflow/.local/lib/python3.12/site-packages/airflow/example_dags/example_datasets.py for tasks to queue
[2026-04-15T03:04:25.748+0000] {logging_mixin.py:188} INFO - [2026-04-15T03:04:25.748+0000] {dagbag.py:545} INFO - Filling up the DagBag from /home/airflow/.local/lib/python3.12/site-packages/airflow/example_dags/example_datasets.py
[2026-04-15T03:04:25.764+0000] {processor.py:840} INFO - DAG(s) 'consume_1_and_2_with_dataset_expressions', 'dataset_consumes_1', 'dataset_produces_2', 'consume_1_or_both_2_and_3_with_dataset_expressions', 'consume_1_or_2_with_dataset_expressions', 'dataset_produces_1', 'dataset_consumes_unknown_never_scheduled', 'dataset_consumes_1_and_2', 'conditional_dataset_and_time_based_timetable', 'dataset_consumes_1_never_scheduled' retrieved from /home/airflow/.local/lib/python3.12/site-packages/airflow/example_dags/example_datasets.py
[2026-04-15T03:04:25.861+0000] {logging_mixin.py:188} INFO - [2026-04-15T03:04:25.860+0000] {dag.py:3089} INFO - Sync 10 DAGs
[2026-04-15T03:04:25.890+0000] {logging_mixin.py:188} INFO - [2026-04-15T03:04:25.890+0000] {dag.py:3947} INFO - Setting next_dagrun for conditional_dataset_and_time_based_timetable to 2026-04-15 01:00:00+00:00, run_after=2026-04-15 01:00:00+00:00
[2026-04-15T03:04:25.895+0000] {logging_mixin.py:188} INFO - [2026-04-15T03:04:25.894+0000] {dag.py:3947} INFO - Setting next_dagrun for consume_1_and_2_with_dataset_expressions to None, run_after=None
[2026-04-15T03:04:25.896+0000] {logging_mixin.py:188} INFO - [2026-04-15T03:04:25.896+0000] {dag.py:3947} INFO - Setting next_dagrun for consume_1_or_2_with_dataset_expressions to None, run_after=None
[2026-04-15T03:04:25.897+0000] {logging_mixin.py:188} INFO - [2026-04-15T03:04:25.897+0000] {dag.py:3947} INFO - Setting next_dagrun for consume_1_or_both_2_and_3_with_dataset_expressions to None, run_after=None
[2026-04-15T03:04:25.899+0000] {logging_mixin.py:188} INFO - [2026-04-15T03:04:25.898+0000] {dag.py:3947} INFO - Setting next_dagrun for dataset_consumes_1 to None, run_after=None
[2026-04-15T03:04:25.900+0000] {logging_mixin.py:188} INFO - [2026-04-15T03:04:25.900+0000] {dag.py:3947} INFO - Setting next_dagrun for dataset_consumes_1_and_2 to None, run_after=None
[2026-04-15T03:04:25.901+0000] {logging_mixin.py:188} INFO - [2026-04-15T03:04:25.901+0000] {dag.py:3947} INFO - Setting next_dagrun for dataset_consumes_1_never_scheduled to None, run_after=None
[2026-04-15T03:04:25.903+0000] {logging_mixin.py:188} INFO - [2026-04-15T03:04:25.903+0000] {dag.py:3947} INFO - Setting next_dagrun for dataset_consumes_unknown_never_scheduled to None, run_after=None
[2026-04-15T03:04:25.907+0000] {logging_mixin.py:188} INFO - [2026-04-15T03:04:25.907+0000] {dag.py:3947} INFO - Setting next_dagrun for dataset_produces_1 to 2026-04-14 00:00:00+00:00, run_after=2026-04-15 00:00:00+00:00
[2026-04-15T03:04:25.909+0000] {logging_mixin.py:188} INFO - [2026-04-15T03:04:25.909+0000] {dag.py:3947} INFO - Setting next_dagrun for dataset_produces_2 to None, run_after=None
[2026-04-15T03:04:26.121+0000] {processor.py:183} INFO - Processing /home/airflow/.local/lib/python3.12/site-packages/airflow/example_dags/example_datasets.py took 0.384 seconds
[2026-04-15T03:04:56.240+0000] {processor.py:161} INFO - Started process (PID=1650) to work on /home/airflow/.local/lib/python3.12/site-packages/airflow/example_dags/example_datasets.py
[2026-04-15T03:04:56.243+0000] {processor.py:830} INFO - Processing file /home/airflow/.local/lib/python3.12/site-packages/airflow/example_dags/example_datasets.py for tasks to queue
[2026-04-15T03:04:56.248+0000] {logging_mixin.py:188} INFO - [2026-04-15T03:04:56.247+0000] {dagbag.py:545} INFO - Filling up the DagBag from /home/airflow/.local/lib/python3.12/site-packages/airflow/example_dags/example_datasets.py
[2026-04-15T03:04:56.268+0000] {processor.py:840} INFO - DAG(s) 'dataset_consumes_unknown_never_scheduled', 'dataset_produces_1', 'consume_1_or_both_2_and_3_with_dataset_expressions', 'consume_1_and_2_with_dataset_expressions', 'consume_1_or_2_with_dataset_expressions', 'dataset_consumes_1_and_2', 'conditional_dataset_and_time_based_timetable', 'dataset_consumes_1_never_scheduled', 'dataset_consumes_1', 'dataset_produces_2' retrieved from /home/airflow/.local/lib/python3.12/site-packages/airflow/example_dags/example_datasets.py
[2026-04-15T03:04:56.332+0000] {logging_mixin.py:188} INFO - [2026-04-15T03:04:56.331+0000] {dag.py:3089} INFO - Sync 10 DAGs
[2026-04-15T03:04:56.362+0000] {logging_mixin.py:188} INFO - [2026-04-15T03:04:56.362+0000] {dag.py:3947} INFO - Setting next_dagrun for conditional_dataset_and_time_based_timetable to 2026-04-15 01:00:00+00:00, run_after=2026-04-15 01:00:00+00:00
[2026-04-15T03:04:56.366+0000] {logging_mixin.py:188} INFO - [2026-04-15T03:04:56.366+0000] {dag.py:3947} INFO - Setting next_dagrun for consume_1_and_2_with_dataset_expressions to None, run_after=None
[2026-04-15T03:04:56.367+0000] {logging_mixin.py:188} INFO - [2026-04-15T03:04:56.367+0000] {dag.py:3947} INFO - Setting next_dagrun for consume_1_or_2_with_dataset_expressions to None, run_after=None
[2026-04-15T03:04:56.370+0000] {logging_mixin.py:188} INFO - [2026-04-15T03:04:56.369+0000] {dag.py:3947} INFO - Setting next_dagrun for consume_1_or_both_2_and_3_with_dataset_expressions to None, run_after=None
[2026-04-15T03:04:56.371+0000] {logging_mixin.py:188} INFO - [2026-04-15T03:04:56.371+0000] {dag.py:3947} INFO - Setting next_dagrun for dataset_consumes_1 to None, run_after=None
[2026-04-15T03:04:56.373+0000] {logging_mixin.py:188} INFO - [2026-04-15T03:04:56.373+0000] {dag.py:3947} INFO - Setting next_dagrun for dataset_consumes_1_and_2 to None, run_after=None
[2026-04-15T03:04:56.375+0000] {logging_mixin.py:188} INFO - [2026-04-15T03:04:56.374+0000] {dag.py:3947} INFO - Setting next_dagrun for dataset_consumes_1_never_scheduled to None, run_after=None
[2026-04-15T03:04:56.376+0000] {logging_mixin.py:188} INFO - [2026-04-15T03:04:56.376+0000] {dag.py:3947} INFO - Setting next_dagrun for dataset_consumes_unknown_never_scheduled to None, run_after=None
[2026-04-15T03:04:56.379+0000] {logging_mixin.py:188} INFO - [2026-04-15T03:04:56.379+0000] {dag.py:3947} INFO - Setting next_dagrun for dataset_produces_1 to 2026-04-14 00:00:00+00:00, run_after=2026-04-15 00:00:00+00:00
[2026-04-15T03:04:56.381+0000] {logging_mixin.py:188} INFO - [2026-04-15T03:04:56.380+0000] {dag.py:3947} INFO - Setting next_dagrun for dataset_produces_2 to None, run_after=None
[2026-04-15T03:04:56.426+0000] {processor.py:183} INFO - Processing /home/airflow/.local/lib/python3.12/site-packages/airflow/example_dags/example_datasets.py took 0.193 seconds
[2026-04-15T03:05:27.058+0000] {processor.py:161} INFO - Started process (PID=1708) to work on /home/airflow/.local/lib/python3.12/site-packages/airflow/example_dags/example_datasets.py
[2026-04-15T03:05:27.069+0000] {processor.py:830} INFO - Processing file /home/airflow/.local/lib/python3.12/site-packages/airflow/example_dags/example_datasets.py for tasks to queue
[2026-04-15T03:05:27.072+0000] {logging_mixin.py:188} INFO - [2026-04-15T03:05:27.071+0000] {dagbag.py:545} INFO - Filling up the DagBag from /home/airflow/.local/lib/python3.12/site-packages/airflow/example_dags/example_datasets.py
[2026-04-15T03:05:27.093+0000] {processor.py:840} INFO - DAG(s) 'dataset_consumes_1_never_scheduled', 'dataset_consumes_unknown_never_scheduled', 'dataset_consumes_1_and_2', 'dataset_produces_2', 'dataset_produces_1', 'consume_1_and_2_with_dataset_expressions', 'dataset_consumes_1', 'consume_1_or_2_with_dataset_expressions', 'conditional_dataset_and_time_based_timetable', 'consume_1_or_both_2_and_3_with_dataset_expressions' retrieved from /home/airflow/.local/lib/python3.12/site-packages/airflow/example_dags/example_datasets.py
[2026-04-15T03:05:27.177+0000] {logging_mixin.py:188} INFO - [2026-04-15T03:05:27.176+0000] {dag.py:3089} INFO - Sync 10 DAGs
[2026-04-15T03:05:27.205+0000] {logging_mixin.py:188} INFO - [2026-04-15T03:05:27.205+0000] {dag.py:3947} INFO - Setting next_dagrun for conditional_dataset_and_time_based_timetable to 2026-04-15 01:00:00+00:00, run_after=2026-04-15 01:00:00+00:00
[2026-04-15T03:05:27.211+0000] {logging_mixin.py:188} INFO - [2026-04-15T03:05:27.210+0000] {dag.py:3947} INFO - Setting next_dagrun for consume_1_and_2_with_dataset_expressions to None, run_after=None
[2026-04-15T03:05:27.213+0000] {logging_mixin.py:188} INFO - [2026-04-15T03:05:27.213+0000] {dag.py:3947} INFO - Setting next_dagrun for consume_1_or_2_with_dataset_expressions to None, run_after=None
[2026-04-15T03:05:27.215+0000] {logging_mixin.py:188} INFO - [2026-04-15T03:05:27.215+0000] {dag.py:3947} INFO - Setting next_dagrun for consume_1_or_both_2_and_3_with_dataset_expressions to None, run_after=None
[2026-04-15T03:05:27.216+0000] {logging_mixin.py:188} INFO - [2026-04-15T03:05:27.216+0000] {dag.py:3947} INFO - Setting next_dagrun for dataset_consumes_1 to None, run_after=None
[2026-04-15T03:05:27.218+0000] {logging_mixin.py:188} INFO - [2026-04-15T03:05:27.218+0000] {dag.py:3947} INFO - Setting next_dagrun for dataset_consumes_1_and_2 to None, run_after=None
[2026-04-15T03:05:27.220+0000] {logging_mixin.py:188} INFO - [2026-04-15T03:05:27.220+0000] {dag.py:3947} INFO - Setting next_dagrun for dataset_consumes_1_never_scheduled to None, run_after=None
[2026-04-15T03:05:27.223+0000] {logging_mixin.py:188} INFO - [2026-04-15T03:05:27.223+0000] {dag.py:3947} INFO - Setting next_dagrun for dataset_consumes_unknown_never_scheduled to None, run_after=None
[2026-04-15T03:05:27.228+0000] {logging_mixin.py:188} INFO - [2026-04-15T03:05:27.227+0000] {dag.py:3947} INFO - Setting next_dagrun for dataset_produces_1 to 2026-04-14 00:00:00+00:00, run_after=2026-04-15 00:00:00+00:00
[2026-04-15T03:05:27.230+0000] {logging_mixin.py:188} INFO - [2026-04-15T03:05:27.230+0000] {dag.py:3947} INFO - Setting next_dagrun for dataset_produces_2 to None, run_after=None
[2026-04-15T03:05:27.294+0000] {processor.py:183} INFO - Processing /home/airflow/.local/lib/python3.12/site-packages/airflow/example_dags/example_datasets.py took 0.249 seconds
[2026-04-15T03:05:57.394+0000] {processor.py:161} INFO - Started process (PID=1767) to work on /home/airflow/.local/lib/python3.12/site-packages/airflow/example_dags/example_datasets.py
[2026-04-15T03:05:57.405+0000] {processor.py:830} INFO - Processing file /home/airflow/.local/lib/python3.12/site-packages/airflow/example_dags/example_datasets.py for tasks to queue
[2026-04-15T03:05:57.411+0000] {logging_mixin.py:188} INFO - [2026-04-15T03:05:57.410+0000] {dagbag.py:545} INFO - Filling up the DagBag from /home/airflow/.local/lib/python3.12/site-packages/airflow/example_dags/example_datasets.py
[2026-04-15T03:05:57.445+0000] {processor.py:840} INFO - DAG(s) 'dataset_consumes_1_and_2', 'consume_1_or_both_2_and_3_with_dataset_expressions', 'consume_1_and_2_with_dataset_expressions', 'dataset_consumes_1', 'dataset_produces_2', 'dataset_consumes_unknown_never_scheduled', 'dataset_produces_1', 'dataset_consumes_1_never_scheduled', 'conditional_dataset_and_time_based_timetable', 'consume_1_or_2_with_dataset_expressions' retrieved from /home/airflow/.local/lib/python3.12/site-packages/airflow/example_dags/example_datasets.py
[2026-04-15T03:05:57.534+0000] {logging_mixin.py:188} INFO - [2026-04-15T03:05:57.534+0000] {dag.py:3089} INFO - Sync 10 DAGs
[2026-04-15T03:05:57.802+0000] {logging_mixin.py:188} INFO - [2026-04-15T03:05:57.802+0000] {dag.py:3947} INFO - Setting next_dagrun for conditional_dataset_and_time_based_timetable to 2026-04-15 01:00:00+00:00, run_after=2026-04-15 01:00:00+00:00
[2026-04-15T03:05:57.807+0000] {logging_mixin.py:188} INFO - [2026-04-15T03:05:57.807+0000] {dag.py:3947} INFO - Setting next_dagrun for consume_1_and_2_with_dataset_expressions to None, run_after=None
[2026-04-15T03:05:57.809+0000] {logging_mixin.py:188} INFO - [2026-04-15T03:05:57.809+0000] {dag.py:3947} INFO - Setting next_dagrun for consume_1_or_2_with_dataset_expressions to None, run_after=None
[2026-04-15T03:05:57.811+0000] {logging_mixin.py:188} INFO - [2026-04-15T03:05:57.810+0000] {dag.py:3947} INFO - Setting next_dagrun for consume_1_or_both_2_and_3_with_dataset_expressions to None, run_after=None
[2026-04-15T03:05:57.812+0000] {logging_mixin.py:188} INFO - [2026-04-15T03:05:57.812+0000] {dag.py:3947} INFO - Setting next_dagrun for dataset_consumes_1 to None, run_after=None
[2026-04-15T03:05:57.814+0000] {logging_mixin.py:188} INFO - [2026-04-15T03:05:57.814+0000] {dag.py:3947} INFO - Setting next_dagrun for dataset_consumes_1_and_2 to None, run_after=None
[2026-04-15T03:05:57.816+0000] {logging_mixin.py:188} INFO - [2026-04-15T03:05:57.815+0000] {dag.py:3947} INFO - Setting next_dagrun for dataset_consumes_1_never_scheduled to None, run_after=None
[2026-04-15T03:05:57.817+0000] {logging_mixin.py:188} INFO - [2026-04-15T03:05:57.817+0000] {dag.py:3947} INFO - Setting next_dagrun for dataset_consumes_unknown_never_scheduled to None, run_after=None
[2026-04-15T03:05:57.819+0000] {logging_mixin.py:188} INFO - [2026-04-15T03:05:57.819+0000] {dag.py:3947} INFO - Setting next_dagrun for dataset_produces_1 to 2026-04-14 00:00:00+00:00, run_after=2026-04-15 00:00:00+00:00
[2026-04-15T03:05:57.821+0000] {logging_mixin.py:188} INFO - [2026-04-15T03:05:57.820+0000] {dag.py:3947} INFO - Setting next_dagrun for dataset_produces_2 to None, run_after=None
[2026-04-15T03:05:57.880+0000] {processor.py:183} INFO - Processing /home/airflow/.local/lib/python3.12/site-packages/airflow/example_dags/example_datasets.py took 0.500 seconds
[2026-04-15T03:06:28.426+0000] {processor.py:161} INFO - Started process (PID=1826) to work on /home/airflow/.local/lib/python3.12/site-packages/airflow/example_dags/example_datasets.py
[2026-04-15T03:06:28.431+0000] {processor.py:830} INFO - Processing file /home/airflow/.local/lib/python3.12/site-packages/airflow/example_dags/example_datasets.py for tasks to queue
[2026-04-15T03:06:28.436+0000] {logging_mixin.py:188} INFO - [2026-04-15T03:06:28.435+0000] {dagbag.py:545} INFO - Filling up the DagBag from /home/airflow/.local/lib/python3.12/site-packages/airflow/example_dags/example_datasets.py
[2026-04-15T03:06:28.466+0000] {processor.py:840} INFO - DAG(s) 'dataset_consumes_1_and_2', 'consume_1_and_2_with_dataset_expressions', 'dataset_produces_2', 'conditional_dataset_and_time_based_timetable', 'consume_1_or_both_2_and_3_with_dataset_expressions', 'dataset_produces_1', 'dataset_consumes_1', 'consume_1_or_2_with_dataset_expressions', 'dataset_consumes_1_never_scheduled', 'dataset_consumes_unknown_never_scheduled' retrieved from /home/airflow/.local/lib/python3.12/site-packages/airflow/example_dags/example_datasets.py
[2026-04-15T03:06:28.544+0000] {logging_mixin.py:188} INFO - [2026-04-15T03:06:28.543+0000] {dag.py:3089} INFO - Sync 10 DAGs
[2026-04-15T03:06:28.586+0000] {logging_mixin.py:188} INFO - [2026-04-15T03:06:28.586+0000] {dag.py:3947} INFO - Setting next_dagrun for conditional_dataset_and_time_based_timetable to 2026-04-15 01:00:00+00:00, run_after=2026-04-15 01:00:00+00:00
[2026-04-15T03:06:28.590+0000] {logging_mixin.py:188} INFO - [2026-04-15T03:06:28.590+0000] {dag.py:3947} INFO - Setting next_dagrun for consume_1_and_2_with_dataset_expressions to None, run_after=None
[2026-04-15T03:06:28.592+0000] {logging_mixin.py:188} INFO - [2026-04-15T03:06:28.592+0000] {dag.py:3947} INFO - Setting next_dagrun for consume_1_or_2_with_dataset_expressions to None, run_after=None
[2026-04-15T03:06:28.594+0000] {logging_mixin.py:188} INFO - [2026-04-15T03:06:28.593+0000] {dag.py:3947} INFO - Setting next_dagrun for consume_1_or_both_2_and_3_with_dataset_expressions to None, run_after=None
[2026-04-15T03:06:28.596+0000] {logging_mixin.py:188} INFO - [2026-04-15T03:06:28.596+0000] {dag.py:3947} INFO - Setting next_dagrun for dataset_consumes_1 to None, run_after=None
[2026-04-15T03:06:28.598+0000] {logging_mixin.py:188} INFO - [2026-04-15T03:06:28.597+0000] {dag.py:3947} INFO - Setting next_dagrun for dataset_consumes_1_and_2 to None, run_after=None
[2026-04-15T03:06:28.599+0000] {logging_mixin.py:188} INFO - [2026-04-15T03:06:28.599+0000] {dag.py:3947} INFO - Setting next_dagrun for dataset_consumes_1_never_scheduled to None, run_after=None
[2026-04-15T03:06:28.601+0000] {logging_mixin.py:188} INFO - [2026-04-15T03:06:28.600+0000] {dag.py:3947} INFO - Setting next_dagrun for dataset_consumes_unknown_never_scheduled to None, run_after=None
[2026-04-15T03:06:28.603+0000] {logging_mixin.py:188} INFO - [2026-04-15T03:06:28.603+0000] {dag.py:3947} INFO - Setting next_dagrun for dataset_produces_1 to 2026-04-14 00:00:00+00:00, run_after=2026-04-15 00:00:00+00:00
[2026-04-15T03:06:28.812+0000] {logging_mixin.py:188} INFO - [2026-04-15T03:06:28.812+0000] {dag.py:3947} INFO - Setting next_dagrun for dataset_produces_2 to None, run_after=None
[2026-04-15T03:06:28.886+0000] {processor.py:183} INFO - Processing /home/airflow/.local/lib/python3.12/site-packages/airflow/example_dags/example_datasets.py took 0.485 seconds
