[2026-04-15T02:05:28.161+0000] {processor.py:161} INFO - Started process (PID=117) to work on /home/airflow/.local/lib/python3.12/site-packages/airflow/example_dags/example_xcom.py
[2026-04-15T02:05:28.162+0000] {processor.py:830} INFO - Processing file /home/airflow/.local/lib/python3.12/site-packages/airflow/example_dags/example_xcom.py for tasks to queue
[2026-04-15T02:05:28.165+0000] {logging_mixin.py:188} INFO - [2026-04-15T02:05:28.164+0000] {dagbag.py:545} INFO - Filling up the DagBag from /home/airflow/.local/lib/python3.12/site-packages/airflow/example_dags/example_xcom.py
[2026-04-15T02:05:28.179+0000] {processor.py:840} INFO - DAG(s) 'example_xcom' retrieved from /home/airflow/.local/lib/python3.12/site-packages/airflow/example_dags/example_xcom.py
[2026-04-15T02:05:28.492+0000] {logging_mixin.py:188} INFO - [2026-04-15T02:05:28.492+0000] {dag.py:3089} INFO - Sync 1 DAGs
[2026-04-15T02:05:28.539+0000] {logging_mixin.py:188} INFO - [2026-04-15T02:05:28.538+0000] {dag.py:3947} INFO - Setting next_dagrun for example_xcom to 2021-01-01 00:00:00+00:00, run_after=2021-01-01 00:00:00+00:00
[2026-04-15T02:05:28.594+0000] {processor.py:183} INFO - Processing /home/airflow/.local/lib/python3.12/site-packages/airflow/example_dags/example_xcom.py took 0.443 seconds
[2026-04-15T02:05:58.717+0000] {processor.py:161} INFO - Started process (PID=176) to work on /home/airflow/.local/lib/python3.12/site-packages/airflow/example_dags/example_xcom.py
[2026-04-15T02:05:58.723+0000] {processor.py:830} INFO - Processing file /home/airflow/.local/lib/python3.12/site-packages/airflow/example_dags/example_xcom.py for tasks to queue
[2026-04-15T02:05:58.779+0000] {logging_mixin.py:188} INFO - [2026-04-15T02:05:58.777+0000] {dagbag.py:545} INFO - Filling up the DagBag from /home/airflow/.local/lib/python3.12/site-packages/airflow/example_dags/example_xcom.py
[2026-04-15T02:05:58.828+0000] {processor.py:840} INFO - DAG(s) 'example_xcom' retrieved from /home/airflow/.local/lib/python3.12/site-packages/airflow/example_dags/example_xcom.py
[2026-04-15T02:05:58.905+0000] {logging_mixin.py:188} INFO - [2026-04-15T02:05:58.904+0000] {dag.py:3089} INFO - Sync 1 DAGs
[2026-04-15T02:05:58.973+0000] {logging_mixin.py:188} INFO - [2026-04-15T02:05:58.972+0000] {dag.py:3947} INFO - Setting next_dagrun for example_xcom to 2021-01-01 00:00:00+00:00, run_after=2021-01-01 00:00:00+00:00
[2026-04-15T02:05:59.035+0000] {processor.py:183} INFO - Processing /home/airflow/.local/lib/python3.12/site-packages/airflow/example_dags/example_xcom.py took 0.349 seconds
[2026-04-15T02:06:29.469+0000] {processor.py:161} INFO - Started process (PID=236) to work on /home/airflow/.local/lib/python3.12/site-packages/airflow/example_dags/example_xcom.py
[2026-04-15T02:06:29.483+0000] {processor.py:830} INFO - Processing file /home/airflow/.local/lib/python3.12/site-packages/airflow/example_dags/example_xcom.py for tasks to queue
[2026-04-15T02:06:29.491+0000] {logging_mixin.py:188} INFO - [2026-04-15T02:06:29.489+0000] {dagbag.py:545} INFO - Filling up the DagBag from /home/airflow/.local/lib/python3.12/site-packages/airflow/example_dags/example_xcom.py
[2026-04-15T02:06:29.540+0000] {processor.py:840} INFO - DAG(s) 'example_xcom' retrieved from /home/airflow/.local/lib/python3.12/site-packages/airflow/example_dags/example_xcom.py
[2026-04-15T02:06:29.620+0000] {logging_mixin.py:188} INFO - [2026-04-15T02:06:29.619+0000] {dag.py:3089} INFO - Sync 1 DAGs
[2026-04-15T02:06:29.671+0000] {logging_mixin.py:188} INFO - [2026-04-15T02:06:29.670+0000] {dag.py:3947} INFO - Setting next_dagrun for example_xcom to 2021-01-01 00:00:00+00:00, run_after=2021-01-01 00:00:00+00:00
[2026-04-15T02:06:29.755+0000] {processor.py:183} INFO - Processing /home/airflow/.local/lib/python3.12/site-packages/airflow/example_dags/example_xcom.py took 0.300 seconds
[2026-04-15T02:07:00.881+0000] {processor.py:161} INFO - Started process (PID=294) to work on /home/airflow/.local/lib/python3.12/site-packages/airflow/example_dags/example_xcom.py
[2026-04-15T02:07:00.887+0000] {processor.py:830} INFO - Processing file /home/airflow/.local/lib/python3.12/site-packages/airflow/example_dags/example_xcom.py for tasks to queue
[2026-04-15T02:07:00.908+0000] {logging_mixin.py:188} INFO - [2026-04-15T02:07:00.904+0000] {dagbag.py:545} INFO - Filling up the DagBag from /home/airflow/.local/lib/python3.12/site-packages/airflow/example_dags/example_xcom.py
[2026-04-15T02:07:00.976+0000] {processor.py:840} INFO - DAG(s) 'example_xcom' retrieved from /home/airflow/.local/lib/python3.12/site-packages/airflow/example_dags/example_xcom.py
[2026-04-15T02:07:01.139+0000] {logging_mixin.py:188} INFO - [2026-04-15T02:07:01.139+0000] {dag.py:3089} INFO - Sync 1 DAGs
[2026-04-15T02:07:01.253+0000] {logging_mixin.py:188} INFO - [2026-04-15T02:07:01.253+0000] {dag.py:3947} INFO - Setting next_dagrun for example_xcom to 2021-01-01 00:00:00+00:00, run_after=2021-01-01 00:00:00+00:00
[2026-04-15T02:07:01.351+0000] {processor.py:183} INFO - Processing /home/airflow/.local/lib/python3.12/site-packages/airflow/example_dags/example_xcom.py took 0.525 seconds
[2026-04-15T02:07:32.140+0000] {processor.py:161} INFO - Started process (PID=352) to work on /home/airflow/.local/lib/python3.12/site-packages/airflow/example_dags/example_xcom.py
[2026-04-15T02:07:32.143+0000] {processor.py:830} INFO - Processing file /home/airflow/.local/lib/python3.12/site-packages/airflow/example_dags/example_xcom.py for tasks to queue
[2026-04-15T02:07:32.153+0000] {logging_mixin.py:188} INFO - [2026-04-15T02:07:32.151+0000] {dagbag.py:545} INFO - Filling up the DagBag from /home/airflow/.local/lib/python3.12/site-packages/airflow/example_dags/example_xcom.py
[2026-04-15T02:07:32.202+0000] {processor.py:840} INFO - DAG(s) 'example_xcom' retrieved from /home/airflow/.local/lib/python3.12/site-packages/airflow/example_dags/example_xcom.py
[2026-04-15T02:07:32.304+0000] {logging_mixin.py:188} INFO - [2026-04-15T02:07:32.303+0000] {dag.py:3089} INFO - Sync 1 DAGs
[2026-04-15T02:07:32.371+0000] {logging_mixin.py:188} INFO - [2026-04-15T02:07:32.370+0000] {dag.py:3947} INFO - Setting next_dagrun for example_xcom to 2021-01-01 00:00:00+00:00, run_after=2021-01-01 00:00:00+00:00
[2026-04-15T02:07:32.455+0000] {processor.py:183} INFO - Processing /home/airflow/.local/lib/python3.12/site-packages/airflow/example_dags/example_xcom.py took 0.330 seconds
[2026-04-15T02:08:02.871+0000] {processor.py:161} INFO - Started process (PID=413) to work on /home/airflow/.local/lib/python3.12/site-packages/airflow/example_dags/example_xcom.py
[2026-04-15T02:08:02.873+0000] {processor.py:830} INFO - Processing file /home/airflow/.local/lib/python3.12/site-packages/airflow/example_dags/example_xcom.py for tasks to queue
[2026-04-15T02:08:02.881+0000] {logging_mixin.py:188} INFO - [2026-04-15T02:08:02.880+0000] {dagbag.py:545} INFO - Filling up the DagBag from /home/airflow/.local/lib/python3.12/site-packages/airflow/example_dags/example_xcom.py
[2026-04-15T02:08:02.914+0000] {processor.py:840} INFO - DAG(s) 'example_xcom' retrieved from /home/airflow/.local/lib/python3.12/site-packages/airflow/example_dags/example_xcom.py
[2026-04-15T02:08:03.031+0000] {logging_mixin.py:188} INFO - [2026-04-15T02:08:03.030+0000] {dag.py:3089} INFO - Sync 1 DAGs
[2026-04-15T02:08:03.134+0000] {logging_mixin.py:188} INFO - [2026-04-15T02:08:03.133+0000] {dag.py:3947} INFO - Setting next_dagrun for example_xcom to 2021-01-01 00:00:00+00:00, run_after=2021-01-01 00:00:00+00:00
[2026-04-15T02:08:03.223+0000] {processor.py:183} INFO - Processing /home/airflow/.local/lib/python3.12/site-packages/airflow/example_dags/example_xcom.py took 0.365 seconds
[2026-04-15T02:08:34.131+0000] {processor.py:161} INFO - Started process (PID=473) to work on /home/airflow/.local/lib/python3.12/site-packages/airflow/example_dags/example_xcom.py
[2026-04-15T02:08:34.142+0000] {processor.py:830} INFO - Processing file /home/airflow/.local/lib/python3.12/site-packages/airflow/example_dags/example_xcom.py for tasks to queue
[2026-04-15T02:08:34.149+0000] {logging_mixin.py:188} INFO - [2026-04-15T02:08:34.148+0000] {dagbag.py:545} INFO - Filling up the DagBag from /home/airflow/.local/lib/python3.12/site-packages/airflow/example_dags/example_xcom.py
[2026-04-15T02:08:34.189+0000] {processor.py:840} INFO - DAG(s) 'example_xcom' retrieved from /home/airflow/.local/lib/python3.12/site-packages/airflow/example_dags/example_xcom.py
[2026-04-15T02:08:34.231+0000] {logging_mixin.py:188} INFO - [2026-04-15T02:08:34.231+0000] {dag.py:3089} INFO - Sync 1 DAGs
[2026-04-15T02:08:34.280+0000] {logging_mixin.py:188} INFO - [2026-04-15T02:08:34.279+0000] {dag.py:3947} INFO - Setting next_dagrun for example_xcom to 2021-01-01 00:00:00+00:00, run_after=2021-01-01 00:00:00+00:00
[2026-04-15T02:08:34.320+0000] {processor.py:183} INFO - Processing /home/airflow/.local/lib/python3.12/site-packages/airflow/example_dags/example_xcom.py took 0.214 seconds
[2026-04-15T02:09:04.609+0000] {processor.py:161} INFO - Started process (PID=531) to work on /home/airflow/.local/lib/python3.12/site-packages/airflow/example_dags/example_xcom.py
[2026-04-15T02:09:04.613+0000] {processor.py:830} INFO - Processing file /home/airflow/.local/lib/python3.12/site-packages/airflow/example_dags/example_xcom.py for tasks to queue
[2026-04-15T02:09:04.624+0000] {logging_mixin.py:188} INFO - [2026-04-15T02:09:04.622+0000] {dagbag.py:545} INFO - Filling up the DagBag from /home/airflow/.local/lib/python3.12/site-packages/airflow/example_dags/example_xcom.py
[2026-04-15T02:09:04.649+0000] {processor.py:840} INFO - DAG(s) 'example_xcom' retrieved from /home/airflow/.local/lib/python3.12/site-packages/airflow/example_dags/example_xcom.py
[2026-04-15T02:09:04.684+0000] {logging_mixin.py:188} INFO - [2026-04-15T02:09:04.683+0000] {dag.py:3089} INFO - Sync 1 DAGs
[2026-04-15T02:09:04.727+0000] {logging_mixin.py:188} INFO - [2026-04-15T02:09:04.726+0000] {dag.py:3947} INFO - Setting next_dagrun for example_xcom to 2021-01-01 00:00:00+00:00, run_after=2021-01-01 00:00:00+00:00
[2026-04-15T02:09:04.768+0000] {processor.py:183} INFO - Processing /home/airflow/.local/lib/python3.12/site-packages/airflow/example_dags/example_xcom.py took 0.188 seconds
[2026-04-15T02:09:35.366+0000] {processor.py:161} INFO - Started process (PID=590) to work on /home/airflow/.local/lib/python3.12/site-packages/airflow/example_dags/example_xcom.py
[2026-04-15T02:09:35.377+0000] {processor.py:830} INFO - Processing file /home/airflow/.local/lib/python3.12/site-packages/airflow/example_dags/example_xcom.py for tasks to queue
[2026-04-15T02:09:35.382+0000] {logging_mixin.py:188} INFO - [2026-04-15T02:09:35.381+0000] {dagbag.py:545} INFO - Filling up the DagBag from /home/airflow/.local/lib/python3.12/site-packages/airflow/example_dags/example_xcom.py
[2026-04-15T02:09:35.402+0000] {processor.py:840} INFO - DAG(s) 'example_xcom' retrieved from /home/airflow/.local/lib/python3.12/site-packages/airflow/example_dags/example_xcom.py
[2026-04-15T02:09:35.464+0000] {logging_mixin.py:188} INFO - [2026-04-15T02:09:35.463+0000] {dag.py:3089} INFO - Sync 1 DAGs
[2026-04-15T02:09:35.503+0000] {logging_mixin.py:188} INFO - [2026-04-15T02:09:35.503+0000] {dag.py:3947} INFO - Setting next_dagrun for example_xcom to 2021-01-01 00:00:00+00:00, run_after=2021-01-01 00:00:00+00:00
[2026-04-15T02:09:35.550+0000] {processor.py:183} INFO - Processing /home/airflow/.local/lib/python3.12/site-packages/airflow/example_dags/example_xcom.py took 0.198 seconds
[2026-04-15T02:10:05.661+0000] {processor.py:161} INFO - Started process (PID=651) to work on /home/airflow/.local/lib/python3.12/site-packages/airflow/example_dags/example_xcom.py
[2026-04-15T02:10:05.663+0000] {processor.py:830} INFO - Processing file /home/airflow/.local/lib/python3.12/site-packages/airflow/example_dags/example_xcom.py for tasks to queue
[2026-04-15T02:10:05.665+0000] {logging_mixin.py:188} INFO - [2026-04-15T02:10:05.665+0000] {dagbag.py:545} INFO - Filling up the DagBag from /home/airflow/.local/lib/python3.12/site-packages/airflow/example_dags/example_xcom.py
[2026-04-15T02:10:05.674+0000] {processor.py:840} INFO - DAG(s) 'example_xcom' retrieved from /home/airflow/.local/lib/python3.12/site-packages/airflow/example_dags/example_xcom.py
[2026-04-15T02:10:05.715+0000] {logging_mixin.py:188} INFO - [2026-04-15T02:10:05.715+0000] {dag.py:3089} INFO - Sync 1 DAGs
[2026-04-15T02:10:05.751+0000] {logging_mixin.py:188} INFO - [2026-04-15T02:10:05.751+0000] {dag.py:3947} INFO - Setting next_dagrun for example_xcom to 2021-01-01 00:00:00+00:00, run_after=2021-01-01 00:00:00+00:00
[2026-04-15T02:10:05.792+0000] {processor.py:183} INFO - Processing /home/airflow/.local/lib/python3.12/site-packages/airflow/example_dags/example_xcom.py took 0.139 seconds
[2026-04-15T02:10:35.985+0000] {processor.py:161} INFO - Started process (PID=710) to work on /home/airflow/.local/lib/python3.12/site-packages/airflow/example_dags/example_xcom.py
[2026-04-15T02:10:35.989+0000] {processor.py:830} INFO - Processing file /home/airflow/.local/lib/python3.12/site-packages/airflow/example_dags/example_xcom.py for tasks to queue
[2026-04-15T02:10:35.991+0000] {logging_mixin.py:188} INFO - [2026-04-15T02:10:35.991+0000] {dagbag.py:545} INFO - Filling up the DagBag from /home/airflow/.local/lib/python3.12/site-packages/airflow/example_dags/example_xcom.py
[2026-04-15T02:10:36.003+0000] {processor.py:840} INFO - DAG(s) 'example_xcom' retrieved from /home/airflow/.local/lib/python3.12/site-packages/airflow/example_dags/example_xcom.py
[2026-04-15T02:10:36.037+0000] {logging_mixin.py:188} INFO - [2026-04-15T02:10:36.037+0000] {dag.py:3089} INFO - Sync 1 DAGs
[2026-04-15T02:10:36.062+0000] {logging_mixin.py:188} INFO - [2026-04-15T02:10:36.062+0000] {dag.py:3947} INFO - Setting next_dagrun for example_xcom to 2021-01-01 00:00:00+00:00, run_after=2021-01-01 00:00:00+00:00
[2026-04-15T02:10:36.098+0000] {processor.py:183} INFO - Processing /home/airflow/.local/lib/python3.12/site-packages/airflow/example_dags/example_xcom.py took 0.120 seconds
[2026-04-15T02:11:07.597+0000] {processor.py:161} INFO - Started process (PID=764) to work on /home/airflow/.local/lib/python3.12/site-packages/airflow/example_dags/example_xcom.py
[2026-04-15T02:11:07.601+0000] {processor.py:830} INFO - Processing file /home/airflow/.local/lib/python3.12/site-packages/airflow/example_dags/example_xcom.py for tasks to queue
[2026-04-15T02:11:07.606+0000] {logging_mixin.py:188} INFO - [2026-04-15T02:11:07.605+0000] {dagbag.py:545} INFO - Filling up the DagBag from /home/airflow/.local/lib/python3.12/site-packages/airflow/example_dags/example_xcom.py
[2026-04-15T02:11:07.643+0000] {processor.py:840} INFO - DAG(s) 'example_xcom' retrieved from /home/airflow/.local/lib/python3.12/site-packages/airflow/example_dags/example_xcom.py
[2026-04-15T02:11:07.965+0000] {logging_mixin.py:188} INFO - [2026-04-15T02:11:07.964+0000] {dag.py:3089} INFO - Sync 1 DAGs
[2026-04-15T02:11:08.035+0000] {logging_mixin.py:188} INFO - [2026-04-15T02:11:08.034+0000] {dag.py:3947} INFO - Setting next_dagrun for example_xcom to 2021-01-01 00:00:00+00:00, run_after=2021-01-01 00:00:00+00:00
[2026-04-15T02:11:08.180+0000] {processor.py:183} INFO - Processing /home/airflow/.local/lib/python3.12/site-packages/airflow/example_dags/example_xcom.py took 0.606 seconds
[2026-04-15T02:11:38.279+0000] {processor.py:161} INFO - Started process (PID=825) to work on /home/airflow/.local/lib/python3.12/site-packages/airflow/example_dags/example_xcom.py
[2026-04-15T02:11:38.280+0000] {processor.py:830} INFO - Processing file /home/airflow/.local/lib/python3.12/site-packages/airflow/example_dags/example_xcom.py for tasks to queue
[2026-04-15T02:11:38.283+0000] {logging_mixin.py:188} INFO - [2026-04-15T02:11:38.282+0000] {dagbag.py:545} INFO - Filling up the DagBag from /home/airflow/.local/lib/python3.12/site-packages/airflow/example_dags/example_xcom.py
[2026-04-15T02:11:38.295+0000] {processor.py:840} INFO - DAG(s) 'example_xcom' retrieved from /home/airflow/.local/lib/python3.12/site-packages/airflow/example_dags/example_xcom.py
[2026-04-15T02:11:38.339+0000] {logging_mixin.py:188} INFO - [2026-04-15T02:11:38.339+0000] {dag.py:3089} INFO - Sync 1 DAGs
[2026-04-15T02:11:38.373+0000] {logging_mixin.py:188} INFO - [2026-04-15T02:11:38.372+0000] {dag.py:3947} INFO - Setting next_dagrun for example_xcom to 2021-01-01 00:00:00+00:00, run_after=2021-01-01 00:00:00+00:00
[2026-04-15T02:11:38.418+0000] {processor.py:183} INFO - Processing /home/airflow/.local/lib/python3.12/site-packages/airflow/example_dags/example_xcom.py took 0.149 seconds
[2026-04-15T02:12:10.323+0000] {processor.py:161} INFO - Started process (PID=884) to work on /home/airflow/.local/lib/python3.12/site-packages/airflow/example_dags/example_xcom.py
[2026-04-15T02:12:10.327+0000] {processor.py:830} INFO - Processing file /home/airflow/.local/lib/python3.12/site-packages/airflow/example_dags/example_xcom.py for tasks to queue
[2026-04-15T02:12:10.334+0000] {logging_mixin.py:188} INFO - [2026-04-15T02:12:10.333+0000] {dagbag.py:545} INFO - Filling up the DagBag from /home/airflow/.local/lib/python3.12/site-packages/airflow/example_dags/example_xcom.py
[2026-04-15T02:12:10.366+0000] {processor.py:840} INFO - DAG(s) 'example_xcom' retrieved from /home/airflow/.local/lib/python3.12/site-packages/airflow/example_dags/example_xcom.py
[2026-04-15T02:12:10.451+0000] {logging_mixin.py:188} INFO - [2026-04-15T02:12:10.450+0000] {dag.py:3089} INFO - Sync 1 DAGs
[2026-04-15T02:12:10.522+0000] {logging_mixin.py:188} INFO - [2026-04-15T02:12:10.521+0000] {dag.py:3947} INFO - Setting next_dagrun for example_xcom to 2021-01-01 00:00:00+00:00, run_after=2021-01-01 00:00:00+00:00
[2026-04-15T02:12:10.573+0000] {processor.py:183} INFO - Processing /home/airflow/.local/lib/python3.12/site-packages/airflow/example_dags/example_xcom.py took 0.284 seconds
[2026-04-15T02:12:41.021+0000] {processor.py:161} INFO - Started process (PID=942) to work on /home/airflow/.local/lib/python3.12/site-packages/airflow/example_dags/example_xcom.py
[2026-04-15T02:12:41.024+0000] {processor.py:830} INFO - Processing file /home/airflow/.local/lib/python3.12/site-packages/airflow/example_dags/example_xcom.py for tasks to queue
[2026-04-15T02:12:41.030+0000] {logging_mixin.py:188} INFO - [2026-04-15T02:12:41.029+0000] {dagbag.py:545} INFO - Filling up the DagBag from /home/airflow/.local/lib/python3.12/site-packages/airflow/example_dags/example_xcom.py
[2026-04-15T02:12:41.062+0000] {processor.py:840} INFO - DAG(s) 'example_xcom' retrieved from /home/airflow/.local/lib/python3.12/site-packages/airflow/example_dags/example_xcom.py
[2026-04-15T02:12:41.112+0000] {logging_mixin.py:188} INFO - [2026-04-15T02:12:41.112+0000] {dag.py:3089} INFO - Sync 1 DAGs
[2026-04-15T02:12:41.180+0000] {logging_mixin.py:188} INFO - [2026-04-15T02:12:41.180+0000] {dag.py:3947} INFO - Setting next_dagrun for example_xcom to 2021-01-01 00:00:00+00:00, run_after=2021-01-01 00:00:00+00:00
[2026-04-15T02:12:41.271+0000] {processor.py:183} INFO - Processing /home/airflow/.local/lib/python3.12/site-packages/airflow/example_dags/example_xcom.py took 0.267 seconds
[2026-04-15T02:13:11.577+0000] {processor.py:161} INFO - Started process (PID=1000) to work on /home/airflow/.local/lib/python3.12/site-packages/airflow/example_dags/example_xcom.py
[2026-04-15T02:13:11.580+0000] {processor.py:830} INFO - Processing file /home/airflow/.local/lib/python3.12/site-packages/airflow/example_dags/example_xcom.py for tasks to queue
[2026-04-15T02:13:11.589+0000] {logging_mixin.py:188} INFO - [2026-04-15T02:13:11.586+0000] {dagbag.py:545} INFO - Filling up the DagBag from /home/airflow/.local/lib/python3.12/site-packages/airflow/example_dags/example_xcom.py
[2026-04-15T02:13:11.619+0000] {processor.py:840} INFO - DAG(s) 'example_xcom' retrieved from /home/airflow/.local/lib/python3.12/site-packages/airflow/example_dags/example_xcom.py
[2026-04-15T02:13:11.746+0000] {logging_mixin.py:188} INFO - [2026-04-15T02:13:11.746+0000] {dag.py:3089} INFO - Sync 1 DAGs
[2026-04-15T02:13:11.830+0000] {logging_mixin.py:188} INFO - [2026-04-15T02:13:11.830+0000] {dag.py:3947} INFO - Setting next_dagrun for example_xcom to 2021-01-01 00:00:00+00:00, run_after=2021-01-01 00:00:00+00:00
[2026-04-15T02:13:11.910+0000] {processor.py:183} INFO - Processing /home/airflow/.local/lib/python3.12/site-packages/airflow/example_dags/example_xcom.py took 0.361 seconds
[2026-04-15T02:13:42.030+0000] {processor.py:161} INFO - Started process (PID=1057) to work on /home/airflow/.local/lib/python3.12/site-packages/airflow/example_dags/example_xcom.py
[2026-04-15T02:13:42.041+0000] {processor.py:830} INFO - Processing file /home/airflow/.local/lib/python3.12/site-packages/airflow/example_dags/example_xcom.py for tasks to queue
[2026-04-15T02:13:42.047+0000] {logging_mixin.py:188} INFO - [2026-04-15T02:13:42.046+0000] {dagbag.py:545} INFO - Filling up the DagBag from /home/airflow/.local/lib/python3.12/site-packages/airflow/example_dags/example_xcom.py
[2026-04-15T02:13:42.075+0000] {processor.py:840} INFO - DAG(s) 'example_xcom' retrieved from /home/airflow/.local/lib/python3.12/site-packages/airflow/example_dags/example_xcom.py
[2026-04-15T02:13:42.139+0000] {logging_mixin.py:188} INFO - [2026-04-15T02:13:42.138+0000] {dag.py:3089} INFO - Sync 1 DAGs
[2026-04-15T02:13:42.203+0000] {logging_mixin.py:188} INFO - [2026-04-15T02:13:42.202+0000] {dag.py:3947} INFO - Setting next_dagrun for example_xcom to 2021-01-01 00:00:00+00:00, run_after=2021-01-01 00:00:00+00:00
[2026-04-15T02:13:42.275+0000] {processor.py:183} INFO - Processing /home/airflow/.local/lib/python3.12/site-packages/airflow/example_dags/example_xcom.py took 0.258 seconds
[2026-04-15T02:14:12.501+0000] {processor.py:161} INFO - Started process (PID=1115) to work on /home/airflow/.local/lib/python3.12/site-packages/airflow/example_dags/example_xcom.py
[2026-04-15T02:14:12.504+0000] {processor.py:830} INFO - Processing file /home/airflow/.local/lib/python3.12/site-packages/airflow/example_dags/example_xcom.py for tasks to queue
[2026-04-15T02:14:12.511+0000] {logging_mixin.py:188} INFO - [2026-04-15T02:14:12.509+0000] {dagbag.py:545} INFO - Filling up the DagBag from /home/airflow/.local/lib/python3.12/site-packages/airflow/example_dags/example_xcom.py
[2026-04-15T02:14:12.527+0000] {processor.py:840} INFO - DAG(s) 'example_xcom' retrieved from /home/airflow/.local/lib/python3.12/site-packages/airflow/example_dags/example_xcom.py
[2026-04-15T02:14:12.573+0000] {logging_mixin.py:188} INFO - [2026-04-15T02:14:12.572+0000] {dag.py:3089} INFO - Sync 1 DAGs
[2026-04-15T02:14:12.632+0000] {logging_mixin.py:188} INFO - [2026-04-15T02:14:12.631+0000] {dag.py:3947} INFO - Setting next_dagrun for example_xcom to 2021-01-01 00:00:00+00:00, run_after=2021-01-01 00:00:00+00:00
[2026-04-15T02:14:12.690+0000] {processor.py:183} INFO - Processing /home/airflow/.local/lib/python3.12/site-packages/airflow/example_dags/example_xcom.py took 0.199 seconds
[2026-04-15T02:14:43.628+0000] {processor.py:161} INFO - Started process (PID=1175) to work on /home/airflow/.local/lib/python3.12/site-packages/airflow/example_dags/example_xcom.py
[2026-04-15T02:14:43.635+0000] {processor.py:830} INFO - Processing file /home/airflow/.local/lib/python3.12/site-packages/airflow/example_dags/example_xcom.py for tasks to queue
[2026-04-15T02:14:43.645+0000] {logging_mixin.py:188} INFO - [2026-04-15T02:14:43.641+0000] {dagbag.py:545} INFO - Filling up the DagBag from /home/airflow/.local/lib/python3.12/site-packages/airflow/example_dags/example_xcom.py
[2026-04-15T02:14:43.671+0000] {processor.py:840} INFO - DAG(s) 'example_xcom' retrieved from /home/airflow/.local/lib/python3.12/site-packages/airflow/example_dags/example_xcom.py
[2026-04-15T02:14:43.750+0000] {logging_mixin.py:188} INFO - [2026-04-15T02:14:43.750+0000] {dag.py:3089} INFO - Sync 1 DAGs
[2026-04-15T02:14:43.812+0000] {logging_mixin.py:188} INFO - [2026-04-15T02:14:43.811+0000] {dag.py:3947} INFO - Setting next_dagrun for example_xcom to 2021-01-01 00:00:00+00:00, run_after=2021-01-01 00:00:00+00:00
[2026-04-15T02:14:43.878+0000] {processor.py:183} INFO - Processing /home/airflow/.local/lib/python3.12/site-packages/airflow/example_dags/example_xcom.py took 0.310 seconds
[2026-04-15T02:15:14.271+0000] {processor.py:161} INFO - Started process (PID=1234) to work on /home/airflow/.local/lib/python3.12/site-packages/airflow/example_dags/example_xcom.py
[2026-04-15T02:15:14.276+0000] {processor.py:830} INFO - Processing file /home/airflow/.local/lib/python3.12/site-packages/airflow/example_dags/example_xcom.py for tasks to queue
[2026-04-15T02:15:14.281+0000] {logging_mixin.py:188} INFO - [2026-04-15T02:15:14.280+0000] {dagbag.py:545} INFO - Filling up the DagBag from /home/airflow/.local/lib/python3.12/site-packages/airflow/example_dags/example_xcom.py
[2026-04-15T02:15:14.299+0000] {processor.py:840} INFO - DAG(s) 'example_xcom' retrieved from /home/airflow/.local/lib/python3.12/site-packages/airflow/example_dags/example_xcom.py
[2026-04-15T02:15:14.347+0000] {logging_mixin.py:188} INFO - [2026-04-15T02:15:14.347+0000] {dag.py:3089} INFO - Sync 1 DAGs
[2026-04-15T02:15:14.425+0000] {logging_mixin.py:188} INFO - [2026-04-15T02:15:14.424+0000] {dag.py:3947} INFO - Setting next_dagrun for example_xcom to 2021-01-01 00:00:00+00:00, run_after=2021-01-01 00:00:00+00:00
[2026-04-15T02:15:14.485+0000] {processor.py:183} INFO - Processing /home/airflow/.local/lib/python3.12/site-packages/airflow/example_dags/example_xcom.py took 0.270 seconds
[2026-04-15T02:15:45.022+0000] {processor.py:161} INFO - Started process (PID=1293) to work on /home/airflow/.local/lib/python3.12/site-packages/airflow/example_dags/example_xcom.py
[2026-04-15T02:15:45.029+0000] {processor.py:830} INFO - Processing file /home/airflow/.local/lib/python3.12/site-packages/airflow/example_dags/example_xcom.py for tasks to queue
[2026-04-15T02:15:45.037+0000] {logging_mixin.py:188} INFO - [2026-04-15T02:15:45.035+0000] {dagbag.py:545} INFO - Filling up the DagBag from /home/airflow/.local/lib/python3.12/site-packages/airflow/example_dags/example_xcom.py
[2026-04-15T02:15:45.070+0000] {processor.py:840} INFO - DAG(s) 'example_xcom' retrieved from /home/airflow/.local/lib/python3.12/site-packages/airflow/example_dags/example_xcom.py
[2026-04-15T02:15:45.243+0000] {logging_mixin.py:188} INFO - [2026-04-15T02:15:45.242+0000] {dag.py:3089} INFO - Sync 1 DAGs
[2026-04-15T02:15:45.386+0000] {logging_mixin.py:188} INFO - [2026-04-15T02:15:45.385+0000] {dag.py:3947} INFO - Setting next_dagrun for example_xcom to 2021-01-01 00:00:00+00:00, run_after=2021-01-01 00:00:00+00:00
[2026-04-15T02:15:45.462+0000] {processor.py:183} INFO - Processing /home/airflow/.local/lib/python3.12/site-packages/airflow/example_dags/example_xcom.py took 0.484 seconds
[2026-04-15T02:16:15.870+0000] {processor.py:161} INFO - Started process (PID=1351) to work on /home/airflow/.local/lib/python3.12/site-packages/airflow/example_dags/example_xcom.py
[2026-04-15T02:16:15.883+0000] {processor.py:830} INFO - Processing file /home/airflow/.local/lib/python3.12/site-packages/airflow/example_dags/example_xcom.py for tasks to queue
[2026-04-15T02:16:15.892+0000] {logging_mixin.py:188} INFO - [2026-04-15T02:16:15.891+0000] {dagbag.py:545} INFO - Filling up the DagBag from /home/airflow/.local/lib/python3.12/site-packages/airflow/example_dags/example_xcom.py
[2026-04-15T02:16:15.947+0000] {processor.py:840} INFO - DAG(s) 'example_xcom' retrieved from /home/airflow/.local/lib/python3.12/site-packages/airflow/example_dags/example_xcom.py
[2026-04-15T02:16:16.111+0000] {logging_mixin.py:188} INFO - [2026-04-15T02:16:16.110+0000] {dag.py:3089} INFO - Sync 1 DAGs
[2026-04-15T02:16:16.267+0000] {logging_mixin.py:188} INFO - [2026-04-15T02:16:16.266+0000] {dag.py:3947} INFO - Setting next_dagrun for example_xcom to 2021-01-01 00:00:00+00:00, run_after=2021-01-01 00:00:00+00:00
[2026-04-15T02:16:16.369+0000] {processor.py:183} INFO - Processing /home/airflow/.local/lib/python3.12/site-packages/airflow/example_dags/example_xcom.py took 0.518 seconds
[2026-04-15T02:16:46.947+0000] {processor.py:161} INFO - Started process (PID=1410) to work on /home/airflow/.local/lib/python3.12/site-packages/airflow/example_dags/example_xcom.py
[2026-04-15T02:16:46.959+0000] {processor.py:830} INFO - Processing file /home/airflow/.local/lib/python3.12/site-packages/airflow/example_dags/example_xcom.py for tasks to queue
[2026-04-15T02:16:46.967+0000] {logging_mixin.py:188} INFO - [2026-04-15T02:16:46.965+0000] {dagbag.py:545} INFO - Filling up the DagBag from /home/airflow/.local/lib/python3.12/site-packages/airflow/example_dags/example_xcom.py
[2026-04-15T02:16:47.014+0000] {processor.py:840} INFO - DAG(s) 'example_xcom' retrieved from /home/airflow/.local/lib/python3.12/site-packages/airflow/example_dags/example_xcom.py
[2026-04-15T02:16:47.114+0000] {logging_mixin.py:188} INFO - [2026-04-15T02:16:47.113+0000] {dag.py:3089} INFO - Sync 1 DAGs
[2026-04-15T02:16:47.193+0000] {logging_mixin.py:188} INFO - [2026-04-15T02:16:47.192+0000] {dag.py:3947} INFO - Setting next_dagrun for example_xcom to 2021-01-01 00:00:00+00:00, run_after=2021-01-01 00:00:00+00:00
[2026-04-15T02:16:47.261+0000] {processor.py:183} INFO - Processing /home/airflow/.local/lib/python3.12/site-packages/airflow/example_dags/example_xcom.py took 0.375 seconds
[2026-04-15T02:17:17.566+0000] {processor.py:161} INFO - Started process (PID=1469) to work on /home/airflow/.local/lib/python3.12/site-packages/airflow/example_dags/example_xcom.py
[2026-04-15T02:17:17.570+0000] {processor.py:830} INFO - Processing file /home/airflow/.local/lib/python3.12/site-packages/airflow/example_dags/example_xcom.py for tasks to queue
[2026-04-15T02:17:17.578+0000] {logging_mixin.py:188} INFO - [2026-04-15T02:17:17.577+0000] {dagbag.py:545} INFO - Filling up the DagBag from /home/airflow/.local/lib/python3.12/site-packages/airflow/example_dags/example_xcom.py
[2026-04-15T02:17:17.612+0000] {processor.py:840} INFO - DAG(s) 'example_xcom' retrieved from /home/airflow/.local/lib/python3.12/site-packages/airflow/example_dags/example_xcom.py
[2026-04-15T02:17:17.677+0000] {logging_mixin.py:188} INFO - [2026-04-15T02:17:17.677+0000] {dag.py:3089} INFO - Sync 1 DAGs
[2026-04-15T02:17:17.734+0000] {logging_mixin.py:188} INFO - [2026-04-15T02:17:17.734+0000] {dag.py:3947} INFO - Setting next_dagrun for example_xcom to 2021-01-01 00:00:00+00:00, run_after=2021-01-01 00:00:00+00:00
[2026-04-15T02:17:17.787+0000] {processor.py:183} INFO - Processing /home/airflow/.local/lib/python3.12/site-packages/airflow/example_dags/example_xcom.py took 0.246 seconds
[2026-04-15T02:17:48.194+0000] {processor.py:161} INFO - Started process (PID=1529) to work on /home/airflow/.local/lib/python3.12/site-packages/airflow/example_dags/example_xcom.py
[2026-04-15T02:17:48.197+0000] {processor.py:830} INFO - Processing file /home/airflow/.local/lib/python3.12/site-packages/airflow/example_dags/example_xcom.py for tasks to queue
[2026-04-15T02:17:48.201+0000] {logging_mixin.py:188} INFO - [2026-04-15T02:17:48.200+0000] {dagbag.py:545} INFO - Filling up the DagBag from /home/airflow/.local/lib/python3.12/site-packages/airflow/example_dags/example_xcom.py
[2026-04-15T02:17:48.217+0000] {processor.py:840} INFO - DAG(s) 'example_xcom' retrieved from /home/airflow/.local/lib/python3.12/site-packages/airflow/example_dags/example_xcom.py
[2026-04-15T02:17:48.266+0000] {logging_mixin.py:188} INFO - [2026-04-15T02:17:48.265+0000] {dag.py:3089} INFO - Sync 1 DAGs
[2026-04-15T02:17:48.320+0000] {logging_mixin.py:188} INFO - [2026-04-15T02:17:48.319+0000] {dag.py:3947} INFO - Setting next_dagrun for example_xcom to 2021-01-01 00:00:00+00:00, run_after=2021-01-01 00:00:00+00:00
[2026-04-15T02:17:48.376+0000] {processor.py:183} INFO - Processing /home/airflow/.local/lib/python3.12/site-packages/airflow/example_dags/example_xcom.py took 0.193 seconds
[2026-04-15T02:18:20.287+0000] {processor.py:161} INFO - Started process (PID=1587) to work on /home/airflow/.local/lib/python3.12/site-packages/airflow/example_dags/example_xcom.py
[2026-04-15T02:18:20.298+0000] {processor.py:830} INFO - Processing file /home/airflow/.local/lib/python3.12/site-packages/airflow/example_dags/example_xcom.py for tasks to queue
[2026-04-15T02:18:20.302+0000] {logging_mixin.py:188} INFO - [2026-04-15T02:18:20.301+0000] {dagbag.py:545} INFO - Filling up the DagBag from /home/airflow/.local/lib/python3.12/site-packages/airflow/example_dags/example_xcom.py
[2026-04-15T02:18:20.320+0000] {processor.py:840} INFO - DAG(s) 'example_xcom' retrieved from /home/airflow/.local/lib/python3.12/site-packages/airflow/example_dags/example_xcom.py
[2026-04-15T02:18:20.371+0000] {logging_mixin.py:188} INFO - [2026-04-15T02:18:20.371+0000] {dag.py:3089} INFO - Sync 1 DAGs
[2026-04-15T02:18:20.425+0000] {logging_mixin.py:188} INFO - [2026-04-15T02:18:20.424+0000] {dag.py:3947} INFO - Setting next_dagrun for example_xcom to 2021-01-01 00:00:00+00:00, run_after=2021-01-01 00:00:00+00:00
[2026-04-15T02:18:20.475+0000] {processor.py:183} INFO - Processing /home/airflow/.local/lib/python3.12/site-packages/airflow/example_dags/example_xcom.py took 0.202 seconds
[2026-04-15T02:18:51.356+0000] {processor.py:161} INFO - Started process (PID=1645) to work on /home/airflow/.local/lib/python3.12/site-packages/airflow/example_dags/example_xcom.py
[2026-04-15T02:18:51.368+0000] {processor.py:830} INFO - Processing file /home/airflow/.local/lib/python3.12/site-packages/airflow/example_dags/example_xcom.py for tasks to queue
[2026-04-15T02:18:51.374+0000] {logging_mixin.py:188} INFO - [2026-04-15T02:18:51.373+0000] {dagbag.py:545} INFO - Filling up the DagBag from /home/airflow/.local/lib/python3.12/site-packages/airflow/example_dags/example_xcom.py
[2026-04-15T02:18:51.406+0000] {processor.py:840} INFO - DAG(s) 'example_xcom' retrieved from /home/airflow/.local/lib/python3.12/site-packages/airflow/example_dags/example_xcom.py
[2026-04-15T02:18:51.483+0000] {logging_mixin.py:188} INFO - [2026-04-15T02:18:51.483+0000] {dag.py:3089} INFO - Sync 1 DAGs
[2026-04-15T02:18:51.534+0000] {logging_mixin.py:188} INFO - [2026-04-15T02:18:51.533+0000] {dag.py:3947} INFO - Setting next_dagrun for example_xcom to 2021-01-01 00:00:00+00:00, run_after=2021-01-01 00:00:00+00:00
[2026-04-15T02:18:51.581+0000] {processor.py:183} INFO - Processing /home/airflow/.local/lib/python3.12/site-packages/airflow/example_dags/example_xcom.py took 0.240 seconds
[2026-04-15T02:19:21.664+0000] {processor.py:161} INFO - Started process (PID=1704) to work on /home/airflow/.local/lib/python3.12/site-packages/airflow/example_dags/example_xcom.py
[2026-04-15T02:19:21.669+0000] {processor.py:830} INFO - Processing file /home/airflow/.local/lib/python3.12/site-packages/airflow/example_dags/example_xcom.py for tasks to queue
[2026-04-15T02:19:21.676+0000] {logging_mixin.py:188} INFO - [2026-04-15T02:19:21.675+0000] {dagbag.py:545} INFO - Filling up the DagBag from /home/airflow/.local/lib/python3.12/site-packages/airflow/example_dags/example_xcom.py
[2026-04-15T02:19:21.703+0000] {processor.py:840} INFO - DAG(s) 'example_xcom' retrieved from /home/airflow/.local/lib/python3.12/site-packages/airflow/example_dags/example_xcom.py
[2026-04-15T02:19:21.766+0000] {logging_mixin.py:188} INFO - [2026-04-15T02:19:21.766+0000] {dag.py:3089} INFO - Sync 1 DAGs
[2026-04-15T02:19:21.831+0000] {logging_mixin.py:188} INFO - [2026-04-15T02:19:21.830+0000] {dag.py:3947} INFO - Setting next_dagrun for example_xcom to 2021-01-01 00:00:00+00:00, run_after=2021-01-01 00:00:00+00:00
[2026-04-15T02:19:21.886+0000] {processor.py:183} INFO - Processing /home/airflow/.local/lib/python3.12/site-packages/airflow/example_dags/example_xcom.py took 0.242 seconds
[2026-04-15T02:19:52.526+0000] {processor.py:161} INFO - Started process (PID=1763) to work on /home/airflow/.local/lib/python3.12/site-packages/airflow/example_dags/example_xcom.py
[2026-04-15T02:19:52.529+0000] {processor.py:830} INFO - Processing file /home/airflow/.local/lib/python3.12/site-packages/airflow/example_dags/example_xcom.py for tasks to queue
[2026-04-15T02:19:52.538+0000] {logging_mixin.py:188} INFO - [2026-04-15T02:19:52.536+0000] {dagbag.py:545} INFO - Filling up the DagBag from /home/airflow/.local/lib/python3.12/site-packages/airflow/example_dags/example_xcom.py
[2026-04-15T02:19:52.578+0000] {processor.py:840} INFO - DAG(s) 'example_xcom' retrieved from /home/airflow/.local/lib/python3.12/site-packages/airflow/example_dags/example_xcom.py
[2026-04-15T02:19:52.639+0000] {logging_mixin.py:188} INFO - [2026-04-15T02:19:52.638+0000] {dag.py:3089} INFO - Sync 1 DAGs
[2026-04-15T02:19:52.747+0000] {logging_mixin.py:188} INFO - [2026-04-15T02:19:52.746+0000] {dag.py:3947} INFO - Setting next_dagrun for example_xcom to 2021-01-01 00:00:00+00:00, run_after=2021-01-01 00:00:00+00:00
[2026-04-15T02:19:53.202+0000] {processor.py:183} INFO - Processing /home/airflow/.local/lib/python3.12/site-packages/airflow/example_dags/example_xcom.py took 0.691 seconds
[2026-04-15T02:20:23.959+0000] {processor.py:161} INFO - Started process (PID=1822) to work on /home/airflow/.local/lib/python3.12/site-packages/airflow/example_dags/example_xcom.py
[2026-04-15T02:20:23.963+0000] {processor.py:830} INFO - Processing file /home/airflow/.local/lib/python3.12/site-packages/airflow/example_dags/example_xcom.py for tasks to queue
[2026-04-15T02:20:23.974+0000] {logging_mixin.py:188} INFO - [2026-04-15T02:20:23.973+0000] {dagbag.py:545} INFO - Filling up the DagBag from /home/airflow/.local/lib/python3.12/site-packages/airflow/example_dags/example_xcom.py
[2026-04-15T02:20:24.007+0000] {processor.py:840} INFO - DAG(s) 'example_xcom' retrieved from /home/airflow/.local/lib/python3.12/site-packages/airflow/example_dags/example_xcom.py
[2026-04-15T02:20:24.109+0000] {logging_mixin.py:188} INFO - [2026-04-15T02:20:24.108+0000] {dag.py:3089} INFO - Sync 1 DAGs
[2026-04-15T02:20:24.198+0000] {logging_mixin.py:188} INFO - [2026-04-15T02:20:24.197+0000] {dag.py:3947} INFO - Setting next_dagrun for example_xcom to 2021-01-01 00:00:00+00:00, run_after=2021-01-01 00:00:00+00:00
[2026-04-15T02:20:24.278+0000] {processor.py:183} INFO - Processing /home/airflow/.local/lib/python3.12/site-packages/airflow/example_dags/example_xcom.py took 0.344 seconds
[2026-04-15T02:20:54.762+0000] {processor.py:161} INFO - Started process (PID=1881) to work on /home/airflow/.local/lib/python3.12/site-packages/airflow/example_dags/example_xcom.py
[2026-04-15T02:20:54.764+0000] {processor.py:830} INFO - Processing file /home/airflow/.local/lib/python3.12/site-packages/airflow/example_dags/example_xcom.py for tasks to queue
[2026-04-15T02:20:54.768+0000] {logging_mixin.py:188} INFO - [2026-04-15T02:20:54.767+0000] {dagbag.py:545} INFO - Filling up the DagBag from /home/airflow/.local/lib/python3.12/site-packages/airflow/example_dags/example_xcom.py
[2026-04-15T02:20:54.785+0000] {processor.py:840} INFO - DAG(s) 'example_xcom' retrieved from /home/airflow/.local/lib/python3.12/site-packages/airflow/example_dags/example_xcom.py
[2026-04-15T02:20:54.851+0000] {logging_mixin.py:188} INFO - [2026-04-15T02:20:54.851+0000] {dag.py:3089} INFO - Sync 1 DAGs
[2026-04-15T02:20:54.901+0000] {logging_mixin.py:188} INFO - [2026-04-15T02:20:54.901+0000] {dag.py:3947} INFO - Setting next_dagrun for example_xcom to 2021-01-01 00:00:00+00:00, run_after=2021-01-01 00:00:00+00:00
[2026-04-15T02:20:54.941+0000] {processor.py:183} INFO - Processing /home/airflow/.local/lib/python3.12/site-packages/airflow/example_dags/example_xcom.py took 0.191 seconds
[2026-04-15T02:21:26.724+0000] {processor.py:161} INFO - Started process (PID=1940) to work on /home/airflow/.local/lib/python3.12/site-packages/airflow/example_dags/example_xcom.py
[2026-04-15T02:21:26.727+0000] {processor.py:830} INFO - Processing file /home/airflow/.local/lib/python3.12/site-packages/airflow/example_dags/example_xcom.py for tasks to queue
[2026-04-15T02:21:26.736+0000] {logging_mixin.py:188} INFO - [2026-04-15T02:21:26.735+0000] {dagbag.py:545} INFO - Filling up the DagBag from /home/airflow/.local/lib/python3.12/site-packages/airflow/example_dags/example_xcom.py
[2026-04-15T02:21:26.759+0000] {processor.py:840} INFO - DAG(s) 'example_xcom' retrieved from /home/airflow/.local/lib/python3.12/site-packages/airflow/example_dags/example_xcom.py
[2026-04-15T02:21:26.818+0000] {logging_mixin.py:188} INFO - [2026-04-15T02:21:26.817+0000] {dag.py:3089} INFO - Sync 1 DAGs
[2026-04-15T02:21:26.910+0000] {logging_mixin.py:188} INFO - [2026-04-15T02:21:26.909+0000] {dag.py:3947} INFO - Setting next_dagrun for example_xcom to 2021-01-01 00:00:00+00:00, run_after=2021-01-01 00:00:00+00:00
[2026-04-15T02:21:26.970+0000] {processor.py:183} INFO - Processing /home/airflow/.local/lib/python3.12/site-packages/airflow/example_dags/example_xcom.py took 0.259 seconds
[2026-04-15T02:21:57.732+0000] {processor.py:161} INFO - Started process (PID=2005) to work on /home/airflow/.local/lib/python3.12/site-packages/airflow/example_dags/example_xcom.py
[2026-04-15T02:21:57.736+0000] {processor.py:830} INFO - Processing file /home/airflow/.local/lib/python3.12/site-packages/airflow/example_dags/example_xcom.py for tasks to queue
[2026-04-15T02:21:57.751+0000] {logging_mixin.py:188} INFO - [2026-04-15T02:21:57.747+0000] {dagbag.py:545} INFO - Filling up the DagBag from /home/airflow/.local/lib/python3.12/site-packages/airflow/example_dags/example_xcom.py
[2026-04-15T02:21:57.803+0000] {processor.py:840} INFO - DAG(s) 'example_xcom' retrieved from /home/airflow/.local/lib/python3.12/site-packages/airflow/example_dags/example_xcom.py
[2026-04-15T02:21:57.894+0000] {logging_mixin.py:188} INFO - [2026-04-15T02:21:57.893+0000] {dag.py:3089} INFO - Sync 1 DAGs
[2026-04-15T02:21:57.965+0000] {logging_mixin.py:188} INFO - [2026-04-15T02:21:57.964+0000] {dag.py:3947} INFO - Setting next_dagrun for example_xcom to 2021-01-01 00:00:00+00:00, run_after=2021-01-01 00:00:00+00:00
[2026-04-15T02:21:58.016+0000] {processor.py:183} INFO - Processing /home/airflow/.local/lib/python3.12/site-packages/airflow/example_dags/example_xcom.py took 0.308 seconds
[2026-04-15T02:22:28.300+0000] {processor.py:161} INFO - Started process (PID=2063) to work on /home/airflow/.local/lib/python3.12/site-packages/airflow/example_dags/example_xcom.py
[2026-04-15T02:22:28.304+0000] {processor.py:830} INFO - Processing file /home/airflow/.local/lib/python3.12/site-packages/airflow/example_dags/example_xcom.py for tasks to queue
[2026-04-15T02:22:28.318+0000] {logging_mixin.py:188} INFO - [2026-04-15T02:22:28.317+0000] {dagbag.py:545} INFO - Filling up the DagBag from /home/airflow/.local/lib/python3.12/site-packages/airflow/example_dags/example_xcom.py
[2026-04-15T02:22:28.342+0000] {processor.py:840} INFO - DAG(s) 'example_xcom' retrieved from /home/airflow/.local/lib/python3.12/site-packages/airflow/example_dags/example_xcom.py
[2026-04-15T02:22:28.414+0000] {logging_mixin.py:188} INFO - [2026-04-15T02:22:28.413+0000] {dag.py:3089} INFO - Sync 1 DAGs
[2026-04-15T02:22:28.531+0000] {logging_mixin.py:188} INFO - [2026-04-15T02:22:28.526+0000] {dag.py:3947} INFO - Setting next_dagrun for example_xcom to 2021-01-01 00:00:00+00:00, run_after=2021-01-01 00:00:00+00:00
[2026-04-15T02:22:28.620+0000] {processor.py:183} INFO - Processing /home/airflow/.local/lib/python3.12/site-packages/airflow/example_dags/example_xcom.py took 0.342 seconds
[2026-04-15T02:22:58.709+0000] {processor.py:161} INFO - Started process (PID=2122) to work on /home/airflow/.local/lib/python3.12/site-packages/airflow/example_dags/example_xcom.py
[2026-04-15T02:22:58.712+0000] {processor.py:830} INFO - Processing file /home/airflow/.local/lib/python3.12/site-packages/airflow/example_dags/example_xcom.py for tasks to queue
[2026-04-15T02:22:58.718+0000] {logging_mixin.py:188} INFO - [2026-04-15T02:22:58.717+0000] {dagbag.py:545} INFO - Filling up the DagBag from /home/airflow/.local/lib/python3.12/site-packages/airflow/example_dags/example_xcom.py
[2026-04-15T02:22:58.735+0000] {processor.py:840} INFO - DAG(s) 'example_xcom' retrieved from /home/airflow/.local/lib/python3.12/site-packages/airflow/example_dags/example_xcom.py
[2026-04-15T02:22:58.792+0000] {logging_mixin.py:188} INFO - [2026-04-15T02:22:58.791+0000] {dag.py:3089} INFO - Sync 1 DAGs
[2026-04-15T02:22:58.848+0000] {logging_mixin.py:188} INFO - [2026-04-15T02:22:58.847+0000] {dag.py:3947} INFO - Setting next_dagrun for example_xcom to 2021-01-01 00:00:00+00:00, run_after=2021-01-01 00:00:00+00:00
[2026-04-15T02:22:58.903+0000] {processor.py:183} INFO - Processing /home/airflow/.local/lib/python3.12/site-packages/airflow/example_dags/example_xcom.py took 0.206 seconds
[2026-04-15T02:23:29.219+0000] {processor.py:161} INFO - Started process (PID=2181) to work on /home/airflow/.local/lib/python3.12/site-packages/airflow/example_dags/example_xcom.py
[2026-04-15T02:23:29.221+0000] {processor.py:830} INFO - Processing file /home/airflow/.local/lib/python3.12/site-packages/airflow/example_dags/example_xcom.py for tasks to queue
[2026-04-15T02:23:29.225+0000] {logging_mixin.py:188} INFO - [2026-04-15T02:23:29.224+0000] {dagbag.py:545} INFO - Filling up the DagBag from /home/airflow/.local/lib/python3.12/site-packages/airflow/example_dags/example_xcom.py
[2026-04-15T02:23:29.291+0000] {processor.py:840} INFO - DAG(s) 'example_xcom' retrieved from /home/airflow/.local/lib/python3.12/site-packages/airflow/example_dags/example_xcom.py
[2026-04-15T02:23:29.388+0000] {logging_mixin.py:188} INFO - [2026-04-15T02:23:29.387+0000] {dag.py:3089} INFO - Sync 1 DAGs
[2026-04-15T02:23:29.453+0000] {logging_mixin.py:188} INFO - [2026-04-15T02:23:29.452+0000] {dag.py:3947} INFO - Setting next_dagrun for example_xcom to 2021-01-01 00:00:00+00:00, run_after=2021-01-01 00:00:00+00:00
[2026-04-15T02:23:29.509+0000] {processor.py:183} INFO - Processing /home/airflow/.local/lib/python3.12/site-packages/airflow/example_dags/example_xcom.py took 0.312 seconds
[2026-04-15T02:24:01.129+0000] {processor.py:161} INFO - Started process (PID=2241) to work on /home/airflow/.local/lib/python3.12/site-packages/airflow/example_dags/example_xcom.py
[2026-04-15T02:24:01.135+0000] {processor.py:830} INFO - Processing file /home/airflow/.local/lib/python3.12/site-packages/airflow/example_dags/example_xcom.py for tasks to queue
[2026-04-15T02:24:01.143+0000] {logging_mixin.py:188} INFO - [2026-04-15T02:24:01.141+0000] {dagbag.py:545} INFO - Filling up the DagBag from /home/airflow/.local/lib/python3.12/site-packages/airflow/example_dags/example_xcom.py
[2026-04-15T02:24:01.180+0000] {processor.py:840} INFO - DAG(s) 'example_xcom' retrieved from /home/airflow/.local/lib/python3.12/site-packages/airflow/example_dags/example_xcom.py
[2026-04-15T02:24:01.248+0000] {logging_mixin.py:188} INFO - [2026-04-15T02:24:01.247+0000] {dag.py:3089} INFO - Sync 1 DAGs
[2026-04-15T02:24:01.317+0000] {logging_mixin.py:188} INFO - [2026-04-15T02:24:01.316+0000] {dag.py:3947} INFO - Setting next_dagrun for example_xcom to 2021-01-01 00:00:00+00:00, run_after=2021-01-01 00:00:00+00:00
[2026-04-15T02:24:01.392+0000] {processor.py:183} INFO - Processing /home/airflow/.local/lib/python3.12/site-packages/airflow/example_dags/example_xcom.py took 0.296 seconds
[2026-04-15T02:24:31.539+0000] {processor.py:161} INFO - Started process (PID=2300) to work on /home/airflow/.local/lib/python3.12/site-packages/airflow/example_dags/example_xcom.py
[2026-04-15T02:24:31.544+0000] {processor.py:830} INFO - Processing file /home/airflow/.local/lib/python3.12/site-packages/airflow/example_dags/example_xcom.py for tasks to queue
[2026-04-15T02:24:31.555+0000] {logging_mixin.py:188} INFO - [2026-04-15T02:24:31.552+0000] {dagbag.py:545} INFO - Filling up the DagBag from /home/airflow/.local/lib/python3.12/site-packages/airflow/example_dags/example_xcom.py
[2026-04-15T02:24:31.606+0000] {processor.py:840} INFO - DAG(s) 'example_xcom' retrieved from /home/airflow/.local/lib/python3.12/site-packages/airflow/example_dags/example_xcom.py
[2026-04-15T02:24:31.677+0000] {logging_mixin.py:188} INFO - [2026-04-15T02:24:31.676+0000] {dag.py:3089} INFO - Sync 1 DAGs
[2026-04-15T02:24:31.754+0000] {logging_mixin.py:188} INFO - [2026-04-15T02:24:31.753+0000] {dag.py:3947} INFO - Setting next_dagrun for example_xcom to 2021-01-01 00:00:00+00:00, run_after=2021-01-01 00:00:00+00:00
[2026-04-15T02:24:31.850+0000] {processor.py:183} INFO - Processing /home/airflow/.local/lib/python3.12/site-packages/airflow/example_dags/example_xcom.py took 0.342 seconds
[2026-04-15T02:25:03.297+0000] {processor.py:161} INFO - Started process (PID=2359) to work on /home/airflow/.local/lib/python3.12/site-packages/airflow/example_dags/example_xcom.py
[2026-04-15T02:25:03.302+0000] {processor.py:830} INFO - Processing file /home/airflow/.local/lib/python3.12/site-packages/airflow/example_dags/example_xcom.py for tasks to queue
[2026-04-15T02:25:03.314+0000] {logging_mixin.py:188} INFO - [2026-04-15T02:25:03.313+0000] {dagbag.py:545} INFO - Filling up the DagBag from /home/airflow/.local/lib/python3.12/site-packages/airflow/example_dags/example_xcom.py
[2026-04-15T02:25:03.365+0000] {processor.py:840} INFO - DAG(s) 'example_xcom' retrieved from /home/airflow/.local/lib/python3.12/site-packages/airflow/example_dags/example_xcom.py
[2026-04-15T02:25:03.459+0000] {logging_mixin.py:188} INFO - [2026-04-15T02:25:03.457+0000] {dag.py:3089} INFO - Sync 1 DAGs
[2026-04-15T02:25:03.547+0000] {logging_mixin.py:188} INFO - [2026-04-15T02:25:03.546+0000] {dag.py:3947} INFO - Setting next_dagrun for example_xcom to 2021-01-01 00:00:00+00:00, run_after=2021-01-01 00:00:00+00:00
[2026-04-15T02:25:03.690+0000] {processor.py:183} INFO - Processing /home/airflow/.local/lib/python3.12/site-packages/airflow/example_dags/example_xcom.py took 0.414 seconds
[2026-04-15T02:25:34.177+0000] {processor.py:161} INFO - Started process (PID=2418) to work on /home/airflow/.local/lib/python3.12/site-packages/airflow/example_dags/example_xcom.py
[2026-04-15T02:25:34.181+0000] {processor.py:830} INFO - Processing file /home/airflow/.local/lib/python3.12/site-packages/airflow/example_dags/example_xcom.py for tasks to queue
[2026-04-15T02:25:34.185+0000] {logging_mixin.py:188} INFO - [2026-04-15T02:25:34.183+0000] {dagbag.py:545} INFO - Filling up the DagBag from /home/airflow/.local/lib/python3.12/site-packages/airflow/example_dags/example_xcom.py
[2026-04-15T02:25:34.207+0000] {processor.py:840} INFO - DAG(s) 'example_xcom' retrieved from /home/airflow/.local/lib/python3.12/site-packages/airflow/example_dags/example_xcom.py
[2026-04-15T02:25:34.276+0000] {logging_mixin.py:188} INFO - [2026-04-15T02:25:34.276+0000] {dag.py:3089} INFO - Sync 1 DAGs
[2026-04-15T02:25:34.409+0000] {logging_mixin.py:188} INFO - [2026-04-15T02:25:34.409+0000] {dag.py:3947} INFO - Setting next_dagrun for example_xcom to 2021-01-01 00:00:00+00:00, run_after=2021-01-01 00:00:00+00:00
[2026-04-15T02:25:34.492+0000] {processor.py:183} INFO - Processing /home/airflow/.local/lib/python3.12/site-packages/airflow/example_dags/example_xcom.py took 0.336 seconds
[2026-04-15T02:26:04.844+0000] {processor.py:161} INFO - Started process (PID=2478) to work on /home/airflow/.local/lib/python3.12/site-packages/airflow/example_dags/example_xcom.py
[2026-04-15T02:26:04.848+0000] {processor.py:830} INFO - Processing file /home/airflow/.local/lib/python3.12/site-packages/airflow/example_dags/example_xcom.py for tasks to queue
[2026-04-15T02:26:04.874+0000] {logging_mixin.py:188} INFO - [2026-04-15T02:26:04.867+0000] {dagbag.py:545} INFO - Filling up the DagBag from /home/airflow/.local/lib/python3.12/site-packages/airflow/example_dags/example_xcom.py
[2026-04-15T02:26:04.982+0000] {processor.py:840} INFO - DAG(s) 'example_xcom' retrieved from /home/airflow/.local/lib/python3.12/site-packages/airflow/example_dags/example_xcom.py
[2026-04-15T02:26:05.056+0000] {logging_mixin.py:188} INFO - [2026-04-15T02:26:05.055+0000] {dag.py:3089} INFO - Sync 1 DAGs
[2026-04-15T02:26:05.154+0000] {logging_mixin.py:188} INFO - [2026-04-15T02:26:05.153+0000] {dag.py:3947} INFO - Setting next_dagrun for example_xcom to 2021-01-01 00:00:00+00:00, run_after=2021-01-01 00:00:00+00:00
[2026-04-15T02:26:05.231+0000] {processor.py:183} INFO - Processing /home/airflow/.local/lib/python3.12/site-packages/airflow/example_dags/example_xcom.py took 0.403 seconds
[2026-04-15T02:26:35.863+0000] {processor.py:161} INFO - Started process (PID=2538) to work on /home/airflow/.local/lib/python3.12/site-packages/airflow/example_dags/example_xcom.py
[2026-04-15T02:26:35.866+0000] {processor.py:830} INFO - Processing file /home/airflow/.local/lib/python3.12/site-packages/airflow/example_dags/example_xcom.py for tasks to queue
[2026-04-15T02:26:35.870+0000] {logging_mixin.py:188} INFO - [2026-04-15T02:26:35.869+0000] {dagbag.py:545} INFO - Filling up the DagBag from /home/airflow/.local/lib/python3.12/site-packages/airflow/example_dags/example_xcom.py
[2026-04-15T02:26:35.889+0000] {processor.py:840} INFO - DAG(s) 'example_xcom' retrieved from /home/airflow/.local/lib/python3.12/site-packages/airflow/example_dags/example_xcom.py
[2026-04-15T02:26:35.950+0000] {logging_mixin.py:188} INFO - [2026-04-15T02:26:35.950+0000] {dag.py:3089} INFO - Sync 1 DAGs
[2026-04-15T02:26:36.029+0000] {logging_mixin.py:188} INFO - [2026-04-15T02:26:36.028+0000] {dag.py:3947} INFO - Setting next_dagrun for example_xcom to 2021-01-01 00:00:00+00:00, run_after=2021-01-01 00:00:00+00:00
[2026-04-15T02:26:36.095+0000] {processor.py:183} INFO - Processing /home/airflow/.local/lib/python3.12/site-packages/airflow/example_dags/example_xcom.py took 0.247 seconds
[2026-04-15T02:27:06.194+0000] {processor.py:161} INFO - Started process (PID=2596) to work on /home/airflow/.local/lib/python3.12/site-packages/airflow/example_dags/example_xcom.py
[2026-04-15T02:27:06.196+0000] {processor.py:830} INFO - Processing file /home/airflow/.local/lib/python3.12/site-packages/airflow/example_dags/example_xcom.py for tasks to queue
[2026-04-15T02:27:06.200+0000] {logging_mixin.py:188} INFO - [2026-04-15T02:27:06.199+0000] {dagbag.py:545} INFO - Filling up the DagBag from /home/airflow/.local/lib/python3.12/site-packages/airflow/example_dags/example_xcom.py
[2026-04-15T02:27:06.213+0000] {processor.py:840} INFO - DAG(s) 'example_xcom' retrieved from /home/airflow/.local/lib/python3.12/site-packages/airflow/example_dags/example_xcom.py
[2026-04-15T02:27:06.282+0000] {logging_mixin.py:188} INFO - [2026-04-15T02:27:06.282+0000] {dag.py:3089} INFO - Sync 1 DAGs
[2026-04-15T02:27:06.332+0000] {logging_mixin.py:188} INFO - [2026-04-15T02:27:06.332+0000] {dag.py:3947} INFO - Setting next_dagrun for example_xcom to 2021-01-01 00:00:00+00:00, run_after=2021-01-01 00:00:00+00:00
[2026-04-15T02:27:06.389+0000] {processor.py:183} INFO - Processing /home/airflow/.local/lib/python3.12/site-packages/airflow/example_dags/example_xcom.py took 0.216 seconds
[2026-04-15T02:27:36.707+0000] {processor.py:161} INFO - Started process (PID=2655) to work on /home/airflow/.local/lib/python3.12/site-packages/airflow/example_dags/example_xcom.py
[2026-04-15T02:27:36.725+0000] {processor.py:830} INFO - Processing file /home/airflow/.local/lib/python3.12/site-packages/airflow/example_dags/example_xcom.py for tasks to queue
[2026-04-15T02:27:36.731+0000] {logging_mixin.py:188} INFO - [2026-04-15T02:27:36.730+0000] {dagbag.py:545} INFO - Filling up the DagBag from /home/airflow/.local/lib/python3.12/site-packages/airflow/example_dags/example_xcom.py
[2026-04-15T02:27:36.756+0000] {processor.py:840} INFO - DAG(s) 'example_xcom' retrieved from /home/airflow/.local/lib/python3.12/site-packages/airflow/example_dags/example_xcom.py
[2026-04-15T02:27:36.849+0000] {logging_mixin.py:188} INFO - [2026-04-15T02:27:36.849+0000] {dag.py:3089} INFO - Sync 1 DAGs
[2026-04-15T02:27:36.959+0000] {logging_mixin.py:188} INFO - [2026-04-15T02:27:36.959+0000] {dag.py:3947} INFO - Setting next_dagrun for example_xcom to 2021-01-01 00:00:00+00:00, run_after=2021-01-01 00:00:00+00:00
[2026-04-15T02:27:37.104+0000] {processor.py:183} INFO - Processing /home/airflow/.local/lib/python3.12/site-packages/airflow/example_dags/example_xcom.py took 0.436 seconds
[2026-04-15T02:28:07.273+0000] {processor.py:161} INFO - Started process (PID=2716) to work on /home/airflow/.local/lib/python3.12/site-packages/airflow/example_dags/example_xcom.py
[2026-04-15T02:28:07.276+0000] {processor.py:830} INFO - Processing file /home/airflow/.local/lib/python3.12/site-packages/airflow/example_dags/example_xcom.py for tasks to queue
[2026-04-15T02:28:07.283+0000] {logging_mixin.py:188} INFO - [2026-04-15T02:28:07.283+0000] {dagbag.py:545} INFO - Filling up the DagBag from /home/airflow/.local/lib/python3.12/site-packages/airflow/example_dags/example_xcom.py
[2026-04-15T02:28:07.346+0000] {processor.py:840} INFO - DAG(s) 'example_xcom' retrieved from /home/airflow/.local/lib/python3.12/site-packages/airflow/example_dags/example_xcom.py
[2026-04-15T02:28:07.414+0000] {logging_mixin.py:188} INFO - [2026-04-15T02:28:07.413+0000] {dag.py:3089} INFO - Sync 1 DAGs
[2026-04-15T02:28:07.474+0000] {logging_mixin.py:188} INFO - [2026-04-15T02:28:07.473+0000] {dag.py:3947} INFO - Setting next_dagrun for example_xcom to 2021-01-01 00:00:00+00:00, run_after=2021-01-01 00:00:00+00:00
[2026-04-15T02:28:07.517+0000] {processor.py:183} INFO - Processing /home/airflow/.local/lib/python3.12/site-packages/airflow/example_dags/example_xcom.py took 0.256 seconds
[2026-04-15T02:28:38.611+0000] {processor.py:161} INFO - Started process (PID=2773) to work on /home/airflow/.local/lib/python3.12/site-packages/airflow/example_dags/example_xcom.py
[2026-04-15T02:28:38.614+0000] {processor.py:830} INFO - Processing file /home/airflow/.local/lib/python3.12/site-packages/airflow/example_dags/example_xcom.py for tasks to queue
[2026-04-15T02:28:38.622+0000] {logging_mixin.py:188} INFO - [2026-04-15T02:28:38.619+0000] {dagbag.py:545} INFO - Filling up the DagBag from /home/airflow/.local/lib/python3.12/site-packages/airflow/example_dags/example_xcom.py
[2026-04-15T02:28:38.652+0000] {processor.py:840} INFO - DAG(s) 'example_xcom' retrieved from /home/airflow/.local/lib/python3.12/site-packages/airflow/example_dags/example_xcom.py
[2026-04-15T02:28:38.732+0000] {logging_mixin.py:188} INFO - [2026-04-15T02:28:38.731+0000] {dag.py:3089} INFO - Sync 1 DAGs
[2026-04-15T02:28:38.868+0000] {logging_mixin.py:188} INFO - [2026-04-15T02:28:38.867+0000] {dag.py:3947} INFO - Setting next_dagrun for example_xcom to 2021-01-01 00:00:00+00:00, run_after=2021-01-01 00:00:00+00:00
[2026-04-15T02:28:38.998+0000] {processor.py:183} INFO - Processing /home/airflow/.local/lib/python3.12/site-packages/airflow/example_dags/example_xcom.py took 0.415 seconds
[2026-04-15T02:29:09.683+0000] {processor.py:161} INFO - Started process (PID=2831) to work on /home/airflow/.local/lib/python3.12/site-packages/airflow/example_dags/example_xcom.py
[2026-04-15T02:29:09.687+0000] {processor.py:830} INFO - Processing file /home/airflow/.local/lib/python3.12/site-packages/airflow/example_dags/example_xcom.py for tasks to queue
[2026-04-15T02:29:09.700+0000] {logging_mixin.py:188} INFO - [2026-04-15T02:29:09.694+0000] {dagbag.py:545} INFO - Filling up the DagBag from /home/airflow/.local/lib/python3.12/site-packages/airflow/example_dags/example_xcom.py
[2026-04-15T02:29:09.735+0000] {processor.py:840} INFO - DAG(s) 'example_xcom' retrieved from /home/airflow/.local/lib/python3.12/site-packages/airflow/example_dags/example_xcom.py
[2026-04-15T02:29:09.794+0000] {logging_mixin.py:188} INFO - [2026-04-15T02:29:09.793+0000] {dag.py:3089} INFO - Sync 1 DAGs
[2026-04-15T02:29:09.848+0000] {logging_mixin.py:188} INFO - [2026-04-15T02:29:09.847+0000] {dag.py:3947} INFO - Setting next_dagrun for example_xcom to 2021-01-01 00:00:00+00:00, run_after=2021-01-01 00:00:00+00:00
[2026-04-15T02:29:09.935+0000] {processor.py:183} INFO - Processing /home/airflow/.local/lib/python3.12/site-packages/airflow/example_dags/example_xcom.py took 0.266 seconds
[2026-04-15T02:29:40.025+0000] {processor.py:161} INFO - Started process (PID=2890) to work on /home/airflow/.local/lib/python3.12/site-packages/airflow/example_dags/example_xcom.py
[2026-04-15T02:29:40.028+0000] {processor.py:830} INFO - Processing file /home/airflow/.local/lib/python3.12/site-packages/airflow/example_dags/example_xcom.py for tasks to queue
[2026-04-15T02:29:40.032+0000] {logging_mixin.py:188} INFO - [2026-04-15T02:29:40.031+0000] {dagbag.py:545} INFO - Filling up the DagBag from /home/airflow/.local/lib/python3.12/site-packages/airflow/example_dags/example_xcom.py
[2026-04-15T02:29:40.047+0000] {processor.py:840} INFO - DAG(s) 'example_xcom' retrieved from /home/airflow/.local/lib/python3.12/site-packages/airflow/example_dags/example_xcom.py
[2026-04-15T02:29:40.099+0000] {logging_mixin.py:188} INFO - [2026-04-15T02:29:40.098+0000] {dag.py:3089} INFO - Sync 1 DAGs
[2026-04-15T02:29:40.145+0000] {logging_mixin.py:188} INFO - [2026-04-15T02:29:40.144+0000] {dag.py:3947} INFO - Setting next_dagrun for example_xcom to 2021-01-01 00:00:00+00:00, run_after=2021-01-01 00:00:00+00:00
[2026-04-15T02:29:40.206+0000] {processor.py:183} INFO - Processing /home/airflow/.local/lib/python3.12/site-packages/airflow/example_dags/example_xcom.py took 0.190 seconds
[2026-04-15T02:30:10.464+0000] {processor.py:161} INFO - Started process (PID=2948) to work on /home/airflow/.local/lib/python3.12/site-packages/airflow/example_dags/example_xcom.py
[2026-04-15T02:30:10.467+0000] {processor.py:830} INFO - Processing file /home/airflow/.local/lib/python3.12/site-packages/airflow/example_dags/example_xcom.py for tasks to queue
[2026-04-15T02:30:10.477+0000] {logging_mixin.py:188} INFO - [2026-04-15T02:30:10.475+0000] {dagbag.py:545} INFO - Filling up the DagBag from /home/airflow/.local/lib/python3.12/site-packages/airflow/example_dags/example_xcom.py
[2026-04-15T02:30:10.509+0000] {processor.py:840} INFO - DAG(s) 'example_xcom' retrieved from /home/airflow/.local/lib/python3.12/site-packages/airflow/example_dags/example_xcom.py
[2026-04-15T02:30:10.587+0000] {logging_mixin.py:188} INFO - [2026-04-15T02:30:10.586+0000] {dag.py:3089} INFO - Sync 1 DAGs
[2026-04-15T02:30:10.672+0000] {logging_mixin.py:188} INFO - [2026-04-15T02:30:10.670+0000] {dag.py:3947} INFO - Setting next_dagrun for example_xcom to 2021-01-01 00:00:00+00:00, run_after=2021-01-01 00:00:00+00:00
[2026-04-15T02:30:10.750+0000] {processor.py:183} INFO - Processing /home/airflow/.local/lib/python3.12/site-packages/airflow/example_dags/example_xcom.py took 0.310 seconds
[2026-04-15T02:30:40.919+0000] {processor.py:161} INFO - Started process (PID=3008) to work on /home/airflow/.local/lib/python3.12/site-packages/airflow/example_dags/example_xcom.py
[2026-04-15T02:30:40.922+0000] {processor.py:830} INFO - Processing file /home/airflow/.local/lib/python3.12/site-packages/airflow/example_dags/example_xcom.py for tasks to queue
[2026-04-15T02:30:40.934+0000] {logging_mixin.py:188} INFO - [2026-04-15T02:30:40.933+0000] {dagbag.py:545} INFO - Filling up the DagBag from /home/airflow/.local/lib/python3.12/site-packages/airflow/example_dags/example_xcom.py
[2026-04-15T02:30:40.968+0000] {processor.py:840} INFO - DAG(s) 'example_xcom' retrieved from /home/airflow/.local/lib/python3.12/site-packages/airflow/example_dags/example_xcom.py
[2026-04-15T02:30:41.038+0000] {logging_mixin.py:188} INFO - [2026-04-15T02:30:41.037+0000] {dag.py:3089} INFO - Sync 1 DAGs
[2026-04-15T02:30:41.107+0000] {logging_mixin.py:188} INFO - [2026-04-15T02:30:41.106+0000] {dag.py:3947} INFO - Setting next_dagrun for example_xcom to 2021-01-01 00:00:00+00:00, run_after=2021-01-01 00:00:00+00:00
[2026-04-15T02:30:41.163+0000] {processor.py:183} INFO - Processing /home/airflow/.local/lib/python3.12/site-packages/airflow/example_dags/example_xcom.py took 0.282 seconds
[2026-04-15T02:31:11.906+0000] {processor.py:161} INFO - Started process (PID=3068) to work on /home/airflow/.local/lib/python3.12/site-packages/airflow/example_dags/example_xcom.py
[2026-04-15T02:31:11.910+0000] {processor.py:830} INFO - Processing file /home/airflow/.local/lib/python3.12/site-packages/airflow/example_dags/example_xcom.py for tasks to queue
[2026-04-15T02:31:11.913+0000] {logging_mixin.py:188} INFO - [2026-04-15T02:31:11.912+0000] {dagbag.py:545} INFO - Filling up the DagBag from /home/airflow/.local/lib/python3.12/site-packages/airflow/example_dags/example_xcom.py
[2026-04-15T02:31:11.955+0000] {processor.py:840} INFO - DAG(s) 'example_xcom' retrieved from /home/airflow/.local/lib/python3.12/site-packages/airflow/example_dags/example_xcom.py
[2026-04-15T02:31:12.057+0000] {logging_mixin.py:188} INFO - [2026-04-15T02:31:12.053+0000] {dag.py:3089} INFO - Sync 1 DAGs
[2026-04-15T02:31:12.140+0000] {logging_mixin.py:188} INFO - [2026-04-15T02:31:12.139+0000] {dag.py:3947} INFO - Setting next_dagrun for example_xcom to 2021-01-01 00:00:00+00:00, run_after=2021-01-01 00:00:00+00:00
[2026-04-15T02:31:12.201+0000] {processor.py:183} INFO - Processing /home/airflow/.local/lib/python3.12/site-packages/airflow/example_dags/example_xcom.py took 0.330 seconds
[2026-04-15T02:31:42.492+0000] {processor.py:161} INFO - Started process (PID=3127) to work on /home/airflow/.local/lib/python3.12/site-packages/airflow/example_dags/example_xcom.py
[2026-04-15T02:31:42.504+0000] {processor.py:830} INFO - Processing file /home/airflow/.local/lib/python3.12/site-packages/airflow/example_dags/example_xcom.py for tasks to queue
[2026-04-15T02:31:42.509+0000] {logging_mixin.py:188} INFO - [2026-04-15T02:31:42.508+0000] {dagbag.py:545} INFO - Filling up the DagBag from /home/airflow/.local/lib/python3.12/site-packages/airflow/example_dags/example_xcom.py
[2026-04-15T02:31:42.527+0000] {processor.py:840} INFO - DAG(s) 'example_xcom' retrieved from /home/airflow/.local/lib/python3.12/site-packages/airflow/example_dags/example_xcom.py
[2026-04-15T02:31:42.637+0000] {logging_mixin.py:188} INFO - [2026-04-15T02:31:42.636+0000] {dag.py:3089} INFO - Sync 1 DAGs
[2026-04-15T02:31:42.688+0000] {logging_mixin.py:188} INFO - [2026-04-15T02:31:42.687+0000] {dag.py:3947} INFO - Setting next_dagrun for example_xcom to 2021-01-01 00:00:00+00:00, run_after=2021-01-01 00:00:00+00:00
[2026-04-15T02:31:42.745+0000] {processor.py:183} INFO - Processing /home/airflow/.local/lib/python3.12/site-packages/airflow/example_dags/example_xcom.py took 0.271 seconds
[2026-04-15T02:32:13.082+0000] {processor.py:161} INFO - Started process (PID=3184) to work on /home/airflow/.local/lib/python3.12/site-packages/airflow/example_dags/example_xcom.py
[2026-04-15T02:32:13.088+0000] {processor.py:830} INFO - Processing file /home/airflow/.local/lib/python3.12/site-packages/airflow/example_dags/example_xcom.py for tasks to queue
[2026-04-15T02:32:13.092+0000] {logging_mixin.py:188} INFO - [2026-04-15T02:32:13.091+0000] {dagbag.py:545} INFO - Filling up the DagBag from /home/airflow/.local/lib/python3.12/site-packages/airflow/example_dags/example_xcom.py
[2026-04-15T02:32:13.112+0000] {processor.py:840} INFO - DAG(s) 'example_xcom' retrieved from /home/airflow/.local/lib/python3.12/site-packages/airflow/example_dags/example_xcom.py
[2026-04-15T02:32:13.172+0000] {logging_mixin.py:188} INFO - [2026-04-15T02:32:13.172+0000] {dag.py:3089} INFO - Sync 1 DAGs
[2026-04-15T02:32:13.273+0000] {logging_mixin.py:188} INFO - [2026-04-15T02:32:13.273+0000] {dag.py:3947} INFO - Setting next_dagrun for example_xcom to 2021-01-01 00:00:00+00:00, run_after=2021-01-01 00:00:00+00:00
[2026-04-15T02:32:13.334+0000] {processor.py:183} INFO - Processing /home/airflow/.local/lib/python3.12/site-packages/airflow/example_dags/example_xcom.py took 0.267 seconds
[2026-04-15T02:32:43.885+0000] {processor.py:161} INFO - Started process (PID=3245) to work on /home/airflow/.local/lib/python3.12/site-packages/airflow/example_dags/example_xcom.py
[2026-04-15T02:32:43.896+0000] {processor.py:830} INFO - Processing file /home/airflow/.local/lib/python3.12/site-packages/airflow/example_dags/example_xcom.py for tasks to queue
[2026-04-15T02:32:43.906+0000] {logging_mixin.py:188} INFO - [2026-04-15T02:32:43.904+0000] {dagbag.py:545} INFO - Filling up the DagBag from /home/airflow/.local/lib/python3.12/site-packages/airflow/example_dags/example_xcom.py
[2026-04-15T02:32:43.939+0000] {processor.py:840} INFO - DAG(s) 'example_xcom' retrieved from /home/airflow/.local/lib/python3.12/site-packages/airflow/example_dags/example_xcom.py
[2026-04-15T02:32:44.005+0000] {logging_mixin.py:188} INFO - [2026-04-15T02:32:44.004+0000] {dag.py:3089} INFO - Sync 1 DAGs
[2026-04-15T02:32:44.059+0000] {logging_mixin.py:188} INFO - [2026-04-15T02:32:44.059+0000] {dag.py:3947} INFO - Setting next_dagrun for example_xcom to 2021-01-01 00:00:00+00:00, run_after=2021-01-01 00:00:00+00:00
[2026-04-15T02:32:44.120+0000] {processor.py:183} INFO - Processing /home/airflow/.local/lib/python3.12/site-packages/airflow/example_dags/example_xcom.py took 0.266 seconds
[2026-04-15T02:33:14.452+0000] {processor.py:161} INFO - Started process (PID=3302) to work on /home/airflow/.local/lib/python3.12/site-packages/airflow/example_dags/example_xcom.py
[2026-04-15T02:33:14.454+0000] {processor.py:830} INFO - Processing file /home/airflow/.local/lib/python3.12/site-packages/airflow/example_dags/example_xcom.py for tasks to queue
[2026-04-15T02:33:14.460+0000] {logging_mixin.py:188} INFO - [2026-04-15T02:33:14.459+0000] {dagbag.py:545} INFO - Filling up the DagBag from /home/airflow/.local/lib/python3.12/site-packages/airflow/example_dags/example_xcom.py
[2026-04-15T02:33:14.480+0000] {processor.py:840} INFO - DAG(s) 'example_xcom' retrieved from /home/airflow/.local/lib/python3.12/site-packages/airflow/example_dags/example_xcom.py
[2026-04-15T02:33:14.533+0000] {logging_mixin.py:188} INFO - [2026-04-15T02:33:14.532+0000] {dag.py:3089} INFO - Sync 1 DAGs
[2026-04-15T02:33:14.591+0000] {logging_mixin.py:188} INFO - [2026-04-15T02:33:14.591+0000] {dag.py:3947} INFO - Setting next_dagrun for example_xcom to 2021-01-01 00:00:00+00:00, run_after=2021-01-01 00:00:00+00:00
[2026-04-15T02:33:14.646+0000] {processor.py:183} INFO - Processing /home/airflow/.local/lib/python3.12/site-packages/airflow/example_dags/example_xcom.py took 0.206 seconds
[2026-04-15T02:33:45.320+0000] {processor.py:161} INFO - Started process (PID=3360) to work on /home/airflow/.local/lib/python3.12/site-packages/airflow/example_dags/example_xcom.py
[2026-04-15T02:33:45.323+0000] {processor.py:830} INFO - Processing file /home/airflow/.local/lib/python3.12/site-packages/airflow/example_dags/example_xcom.py for tasks to queue
[2026-04-15T02:33:45.333+0000] {logging_mixin.py:188} INFO - [2026-04-15T02:33:45.331+0000] {dagbag.py:545} INFO - Filling up the DagBag from /home/airflow/.local/lib/python3.12/site-packages/airflow/example_dags/example_xcom.py
[2026-04-15T02:33:45.358+0000] {processor.py:840} INFO - DAG(s) 'example_xcom' retrieved from /home/airflow/.local/lib/python3.12/site-packages/airflow/example_dags/example_xcom.py
[2026-04-15T02:33:45.436+0000] {logging_mixin.py:188} INFO - [2026-04-15T02:33:45.435+0000] {dag.py:3089} INFO - Sync 1 DAGs
[2026-04-15T02:33:45.501+0000] {logging_mixin.py:188} INFO - [2026-04-15T02:33:45.500+0000] {dag.py:3947} INFO - Setting next_dagrun for example_xcom to 2021-01-01 00:00:00+00:00, run_after=2021-01-01 00:00:00+00:00
[2026-04-15T02:33:45.557+0000] {processor.py:183} INFO - Processing /home/airflow/.local/lib/python3.12/site-packages/airflow/example_dags/example_xcom.py took 0.260 seconds
[2026-04-15T02:34:16.193+0000] {processor.py:161} INFO - Started process (PID=3422) to work on /home/airflow/.local/lib/python3.12/site-packages/airflow/example_dags/example_xcom.py
[2026-04-15T02:34:16.204+0000] {processor.py:830} INFO - Processing file /home/airflow/.local/lib/python3.12/site-packages/airflow/example_dags/example_xcom.py for tasks to queue
[2026-04-15T02:34:16.213+0000] {logging_mixin.py:188} INFO - [2026-04-15T02:34:16.212+0000] {dagbag.py:545} INFO - Filling up the DagBag from /home/airflow/.local/lib/python3.12/site-packages/airflow/example_dags/example_xcom.py
[2026-04-15T02:34:16.236+0000] {processor.py:840} INFO - DAG(s) 'example_xcom' retrieved from /home/airflow/.local/lib/python3.12/site-packages/airflow/example_dags/example_xcom.py
[2026-04-15T02:34:16.294+0000] {logging_mixin.py:188} INFO - [2026-04-15T02:34:16.293+0000] {dag.py:3089} INFO - Sync 1 DAGs
[2026-04-15T02:34:16.370+0000] {logging_mixin.py:188} INFO - [2026-04-15T02:34:16.369+0000] {dag.py:3947} INFO - Setting next_dagrun for example_xcom to 2021-01-01 00:00:00+00:00, run_after=2021-01-01 00:00:00+00:00
[2026-04-15T02:34:16.431+0000] {processor.py:183} INFO - Processing /home/airflow/.local/lib/python3.12/site-packages/airflow/example_dags/example_xcom.py took 0.260 seconds
[2026-04-15T02:34:46.911+0000] {processor.py:161} INFO - Started process (PID=3483) to work on /home/airflow/.local/lib/python3.12/site-packages/airflow/example_dags/example_xcom.py
[2026-04-15T02:34:46.916+0000] {processor.py:830} INFO - Processing file /home/airflow/.local/lib/python3.12/site-packages/airflow/example_dags/example_xcom.py for tasks to queue
[2026-04-15T02:34:46.920+0000] {logging_mixin.py:188} INFO - [2026-04-15T02:34:46.919+0000] {dagbag.py:545} INFO - Filling up the DagBag from /home/airflow/.local/lib/python3.12/site-packages/airflow/example_dags/example_xcom.py
[2026-04-15T02:34:46.935+0000] {processor.py:840} INFO - DAG(s) 'example_xcom' retrieved from /home/airflow/.local/lib/python3.12/site-packages/airflow/example_dags/example_xcom.py
[2026-04-15T02:34:46.986+0000] {logging_mixin.py:188} INFO - [2026-04-15T02:34:46.986+0000] {dag.py:3089} INFO - Sync 1 DAGs
[2026-04-15T02:34:47.034+0000] {logging_mixin.py:188} INFO - [2026-04-15T02:34:47.034+0000] {dag.py:3947} INFO - Setting next_dagrun for example_xcom to 2021-01-01 00:00:00+00:00, run_after=2021-01-01 00:00:00+00:00
[2026-04-15T02:34:47.080+0000] {processor.py:183} INFO - Processing /home/airflow/.local/lib/python3.12/site-packages/airflow/example_dags/example_xcom.py took 0.190 seconds
[2026-04-15T02:35:17.443+0000] {processor.py:161} INFO - Started process (PID=3540) to work on /home/airflow/.local/lib/python3.12/site-packages/airflow/example_dags/example_xcom.py
[2026-04-15T02:35:17.450+0000] {processor.py:830} INFO - Processing file /home/airflow/.local/lib/python3.12/site-packages/airflow/example_dags/example_xcom.py for tasks to queue
[2026-04-15T02:35:17.456+0000] {logging_mixin.py:188} INFO - [2026-04-15T02:35:17.456+0000] {dagbag.py:545} INFO - Filling up the DagBag from /home/airflow/.local/lib/python3.12/site-packages/airflow/example_dags/example_xcom.py
[2026-04-15T02:35:17.474+0000] {processor.py:840} INFO - DAG(s) 'example_xcom' retrieved from /home/airflow/.local/lib/python3.12/site-packages/airflow/example_dags/example_xcom.py
[2026-04-15T02:35:17.543+0000] {logging_mixin.py:188} INFO - [2026-04-15T02:35:17.543+0000] {dag.py:3089} INFO - Sync 1 DAGs
[2026-04-15T02:35:17.594+0000] {logging_mixin.py:188} INFO - [2026-04-15T02:35:17.594+0000] {dag.py:3947} INFO - Setting next_dagrun for example_xcom to 2021-01-01 00:00:00+00:00, run_after=2021-01-01 00:00:00+00:00
[2026-04-15T02:35:17.627+0000] {processor.py:183} INFO - Processing /home/airflow/.local/lib/python3.12/site-packages/airflow/example_dags/example_xcom.py took 0.197 seconds
[2026-04-15T02:35:48.407+0000] {processor.py:161} INFO - Started process (PID=3598) to work on /home/airflow/.local/lib/python3.12/site-packages/airflow/example_dags/example_xcom.py
[2026-04-15T02:35:48.411+0000] {processor.py:830} INFO - Processing file /home/airflow/.local/lib/python3.12/site-packages/airflow/example_dags/example_xcom.py for tasks to queue
[2026-04-15T02:35:48.419+0000] {logging_mixin.py:188} INFO - [2026-04-15T02:35:48.418+0000] {dagbag.py:545} INFO - Filling up the DagBag from /home/airflow/.local/lib/python3.12/site-packages/airflow/example_dags/example_xcom.py
[2026-04-15T02:35:48.455+0000] {processor.py:840} INFO - DAG(s) 'example_xcom' retrieved from /home/airflow/.local/lib/python3.12/site-packages/airflow/example_dags/example_xcom.py
[2026-04-15T02:35:48.577+0000] {logging_mixin.py:188} INFO - [2026-04-15T02:35:48.575+0000] {dag.py:3089} INFO - Sync 1 DAGs
[2026-04-15T02:35:48.648+0000] {logging_mixin.py:188} INFO - [2026-04-15T02:35:48.647+0000] {dag.py:3947} INFO - Setting next_dagrun for example_xcom to 2021-01-01 00:00:00+00:00, run_after=2021-01-01 00:00:00+00:00
[2026-04-15T02:35:48.703+0000] {processor.py:183} INFO - Processing /home/airflow/.local/lib/python3.12/site-packages/airflow/example_dags/example_xcom.py took 0.325 seconds
[2026-04-15T02:36:18.764+0000] {processor.py:161} INFO - Started process (PID=3656) to work on /home/airflow/.local/lib/python3.12/site-packages/airflow/example_dags/example_xcom.py
[2026-04-15T02:36:18.774+0000] {processor.py:830} INFO - Processing file /home/airflow/.local/lib/python3.12/site-packages/airflow/example_dags/example_xcom.py for tasks to queue
[2026-04-15T02:36:18.777+0000] {logging_mixin.py:188} INFO - [2026-04-15T02:36:18.777+0000] {dagbag.py:545} INFO - Filling up the DagBag from /home/airflow/.local/lib/python3.12/site-packages/airflow/example_dags/example_xcom.py
[2026-04-15T02:36:18.791+0000] {processor.py:840} INFO - DAG(s) 'example_xcom' retrieved from /home/airflow/.local/lib/python3.12/site-packages/airflow/example_dags/example_xcom.py
[2026-04-15T02:36:18.861+0000] {logging_mixin.py:188} INFO - [2026-04-15T02:36:18.861+0000] {dag.py:3089} INFO - Sync 1 DAGs
[2026-04-15T02:36:18.902+0000] {logging_mixin.py:188} INFO - [2026-04-15T02:36:18.902+0000] {dag.py:3947} INFO - Setting next_dagrun for example_xcom to 2021-01-01 00:00:00+00:00, run_after=2021-01-01 00:00:00+00:00
[2026-04-15T02:36:18.947+0000] {processor.py:183} INFO - Processing /home/airflow/.local/lib/python3.12/site-packages/airflow/example_dags/example_xcom.py took 0.198 seconds
[2026-04-15T02:36:49.352+0000] {processor.py:161} INFO - Started process (PID=3716) to work on /home/airflow/.local/lib/python3.12/site-packages/airflow/example_dags/example_xcom.py
[2026-04-15T02:36:49.354+0000] {processor.py:830} INFO - Processing file /home/airflow/.local/lib/python3.12/site-packages/airflow/example_dags/example_xcom.py for tasks to queue
[2026-04-15T02:36:49.357+0000] {logging_mixin.py:188} INFO - [2026-04-15T02:36:49.357+0000] {dagbag.py:545} INFO - Filling up the DagBag from /home/airflow/.local/lib/python3.12/site-packages/airflow/example_dags/example_xcom.py
[2026-04-15T02:36:49.371+0000] {processor.py:840} INFO - DAG(s) 'example_xcom' retrieved from /home/airflow/.local/lib/python3.12/site-packages/airflow/example_dags/example_xcom.py
[2026-04-15T02:36:49.431+0000] {logging_mixin.py:188} INFO - [2026-04-15T02:36:49.431+0000] {dag.py:3089} INFO - Sync 1 DAGs
[2026-04-15T02:36:49.482+0000] {logging_mixin.py:188} INFO - [2026-04-15T02:36:49.481+0000] {dag.py:3947} INFO - Setting next_dagrun for example_xcom to 2021-01-01 00:00:00+00:00, run_after=2021-01-01 00:00:00+00:00
[2026-04-15T02:36:49.517+0000] {processor.py:183} INFO - Processing /home/airflow/.local/lib/python3.12/site-packages/airflow/example_dags/example_xcom.py took 0.175 seconds
[2026-04-15T02:37:19.717+0000] {processor.py:161} INFO - Started process (PID=3774) to work on /home/airflow/.local/lib/python3.12/site-packages/airflow/example_dags/example_xcom.py
[2026-04-15T02:37:19.717+0000] {processor.py:830} INFO - Processing file /home/airflow/.local/lib/python3.12/site-packages/airflow/example_dags/example_xcom.py for tasks to queue
[2026-04-15T02:37:19.719+0000] {logging_mixin.py:188} INFO - [2026-04-15T02:37:19.719+0000] {dagbag.py:545} INFO - Filling up the DagBag from /home/airflow/.local/lib/python3.12/site-packages/airflow/example_dags/example_xcom.py
[2026-04-15T02:37:19.729+0000] {processor.py:840} INFO - DAG(s) 'example_xcom' retrieved from /home/airflow/.local/lib/python3.12/site-packages/airflow/example_dags/example_xcom.py
[2026-04-15T02:37:19.773+0000] {logging_mixin.py:188} INFO - [2026-04-15T02:37:19.772+0000] {dag.py:3089} INFO - Sync 1 DAGs
[2026-04-15T02:37:19.804+0000] {logging_mixin.py:188} INFO - [2026-04-15T02:37:19.804+0000] {dag.py:3947} INFO - Setting next_dagrun for example_xcom to 2021-01-01 00:00:00+00:00, run_after=2021-01-01 00:00:00+00:00
[2026-04-15T02:37:19.844+0000] {processor.py:183} INFO - Processing /home/airflow/.local/lib/python3.12/site-packages/airflow/example_dags/example_xcom.py took 0.135 seconds
[2026-04-15T02:37:50.209+0000] {processor.py:161} INFO - Started process (PID=3833) to work on /home/airflow/.local/lib/python3.12/site-packages/airflow/example_dags/example_xcom.py
[2026-04-15T02:37:50.210+0000] {processor.py:830} INFO - Processing file /home/airflow/.local/lib/python3.12/site-packages/airflow/example_dags/example_xcom.py for tasks to queue
[2026-04-15T02:37:50.213+0000] {logging_mixin.py:188} INFO - [2026-04-15T02:37:50.212+0000] {dagbag.py:545} INFO - Filling up the DagBag from /home/airflow/.local/lib/python3.12/site-packages/airflow/example_dags/example_xcom.py
[2026-04-15T02:37:50.223+0000] {processor.py:840} INFO - DAG(s) 'example_xcom' retrieved from /home/airflow/.local/lib/python3.12/site-packages/airflow/example_dags/example_xcom.py
[2026-04-15T02:37:50.264+0000] {logging_mixin.py:188} INFO - [2026-04-15T02:37:50.264+0000] {dag.py:3089} INFO - Sync 1 DAGs
[2026-04-15T02:37:50.295+0000] {logging_mixin.py:188} INFO - [2026-04-15T02:37:50.295+0000] {dag.py:3947} INFO - Setting next_dagrun for example_xcom to 2021-01-01 00:00:00+00:00, run_after=2021-01-01 00:00:00+00:00
[2026-04-15T02:37:50.329+0000] {processor.py:183} INFO - Processing /home/airflow/.local/lib/python3.12/site-packages/airflow/example_dags/example_xcom.py took 0.128 seconds
[2026-04-15T02:38:20.742+0000] {processor.py:161} INFO - Started process (PID=3892) to work on /home/airflow/.local/lib/python3.12/site-packages/airflow/example_dags/example_xcom.py
[2026-04-15T02:38:20.743+0000] {processor.py:830} INFO - Processing file /home/airflow/.local/lib/python3.12/site-packages/airflow/example_dags/example_xcom.py for tasks to queue
[2026-04-15T02:38:20.745+0000] {logging_mixin.py:188} INFO - [2026-04-15T02:38:20.745+0000] {dagbag.py:545} INFO - Filling up the DagBag from /home/airflow/.local/lib/python3.12/site-packages/airflow/example_dags/example_xcom.py
[2026-04-15T02:38:20.754+0000] {processor.py:840} INFO - DAG(s) 'example_xcom' retrieved from /home/airflow/.local/lib/python3.12/site-packages/airflow/example_dags/example_xcom.py
[2026-04-15T02:38:20.799+0000] {logging_mixin.py:188} INFO - [2026-04-15T02:38:20.798+0000] {dag.py:3089} INFO - Sync 1 DAGs
[2026-04-15T02:38:20.843+0000] {logging_mixin.py:188} INFO - [2026-04-15T02:38:20.842+0000] {dag.py:3947} INFO - Setting next_dagrun for example_xcom to 2021-01-01 00:00:00+00:00, run_after=2021-01-01 00:00:00+00:00
[2026-04-15T02:38:20.879+0000] {processor.py:183} INFO - Processing /home/airflow/.local/lib/python3.12/site-packages/airflow/example_dags/example_xcom.py took 0.145 seconds
[2026-04-15T02:38:51.400+0000] {processor.py:161} INFO - Started process (PID=3951) to work on /home/airflow/.local/lib/python3.12/site-packages/airflow/example_dags/example_xcom.py
[2026-04-15T02:38:51.403+0000] {processor.py:830} INFO - Processing file /home/airflow/.local/lib/python3.12/site-packages/airflow/example_dags/example_xcom.py for tasks to queue
[2026-04-15T02:38:51.413+0000] {logging_mixin.py:188} INFO - [2026-04-15T02:38:51.411+0000] {dagbag.py:545} INFO - Filling up the DagBag from /home/airflow/.local/lib/python3.12/site-packages/airflow/example_dags/example_xcom.py
[2026-04-15T02:38:51.427+0000] {processor.py:840} INFO - DAG(s) 'example_xcom' retrieved from /home/airflow/.local/lib/python3.12/site-packages/airflow/example_dags/example_xcom.py
[2026-04-15T02:38:51.504+0000] {logging_mixin.py:188} INFO - [2026-04-15T02:38:51.503+0000] {dag.py:3089} INFO - Sync 1 DAGs
[2026-04-15T02:38:51.592+0000] {logging_mixin.py:188} INFO - [2026-04-15T02:38:51.591+0000] {dag.py:3947} INFO - Setting next_dagrun for example_xcom to 2021-01-01 00:00:00+00:00, run_after=2021-01-01 00:00:00+00:00
[2026-04-15T02:38:51.656+0000] {processor.py:183} INFO - Processing /home/airflow/.local/lib/python3.12/site-packages/airflow/example_dags/example_xcom.py took 0.272 seconds
[2026-04-15T02:39:21.967+0000] {processor.py:161} INFO - Started process (PID=4010) to work on /home/airflow/.local/lib/python3.12/site-packages/airflow/example_dags/example_xcom.py
[2026-04-15T02:39:21.969+0000] {processor.py:830} INFO - Processing file /home/airflow/.local/lib/python3.12/site-packages/airflow/example_dags/example_xcom.py for tasks to queue
[2026-04-15T02:39:21.971+0000] {logging_mixin.py:188} INFO - [2026-04-15T02:39:21.971+0000] {dagbag.py:545} INFO - Filling up the DagBag from /home/airflow/.local/lib/python3.12/site-packages/airflow/example_dags/example_xcom.py
[2026-04-15T02:39:21.980+0000] {processor.py:840} INFO - DAG(s) 'example_xcom' retrieved from /home/airflow/.local/lib/python3.12/site-packages/airflow/example_dags/example_xcom.py
[2026-04-15T02:39:22.018+0000] {logging_mixin.py:188} INFO - [2026-04-15T02:39:22.018+0000] {dag.py:3089} INFO - Sync 1 DAGs
[2026-04-15T02:39:22.060+0000] {logging_mixin.py:188} INFO - [2026-04-15T02:39:22.060+0000] {dag.py:3947} INFO - Setting next_dagrun for example_xcom to 2021-01-01 00:00:00+00:00, run_after=2021-01-01 00:00:00+00:00
[2026-04-15T02:39:22.087+0000] {processor.py:183} INFO - Processing /home/airflow/.local/lib/python3.12/site-packages/airflow/example_dags/example_xcom.py took 0.134 seconds
[2026-04-15T02:39:52.935+0000] {processor.py:161} INFO - Started process (PID=4069) to work on /home/airflow/.local/lib/python3.12/site-packages/airflow/example_dags/example_xcom.py
[2026-04-15T02:39:52.941+0000] {processor.py:830} INFO - Processing file /home/airflow/.local/lib/python3.12/site-packages/airflow/example_dags/example_xcom.py for tasks to queue
[2026-04-15T02:39:52.945+0000] {logging_mixin.py:188} INFO - [2026-04-15T02:39:52.944+0000] {dagbag.py:545} INFO - Filling up the DagBag from /home/airflow/.local/lib/python3.12/site-packages/airflow/example_dags/example_xcom.py
[2026-04-15T02:39:52.955+0000] {processor.py:840} INFO - DAG(s) 'example_xcom' retrieved from /home/airflow/.local/lib/python3.12/site-packages/airflow/example_dags/example_xcom.py
[2026-04-15T02:39:53.004+0000] {logging_mixin.py:188} INFO - [2026-04-15T02:39:53.003+0000] {dag.py:3089} INFO - Sync 1 DAGs
[2026-04-15T02:39:53.058+0000] {logging_mixin.py:188} INFO - [2026-04-15T02:39:53.057+0000] {dag.py:3947} INFO - Setting next_dagrun for example_xcom to 2021-01-01 00:00:00+00:00, run_after=2021-01-01 00:00:00+00:00
[2026-04-15T02:39:53.100+0000] {processor.py:183} INFO - Processing /home/airflow/.local/lib/python3.12/site-packages/airflow/example_dags/example_xcom.py took 0.174 seconds
[2026-04-15T02:40:23.271+0000] {processor.py:161} INFO - Started process (PID=4128) to work on /home/airflow/.local/lib/python3.12/site-packages/airflow/example_dags/example_xcom.py
[2026-04-15T02:40:23.273+0000] {processor.py:830} INFO - Processing file /home/airflow/.local/lib/python3.12/site-packages/airflow/example_dags/example_xcom.py for tasks to queue
[2026-04-15T02:40:23.276+0000] {logging_mixin.py:188} INFO - [2026-04-15T02:40:23.275+0000] {dagbag.py:545} INFO - Filling up the DagBag from /home/airflow/.local/lib/python3.12/site-packages/airflow/example_dags/example_xcom.py
[2026-04-15T02:40:23.286+0000] {processor.py:840} INFO - DAG(s) 'example_xcom' retrieved from /home/airflow/.local/lib/python3.12/site-packages/airflow/example_dags/example_xcom.py
[2026-04-15T02:40:23.344+0000] {logging_mixin.py:188} INFO - [2026-04-15T02:40:23.344+0000] {dag.py:3089} INFO - Sync 1 DAGs
[2026-04-15T02:40:23.396+0000] {logging_mixin.py:188} INFO - [2026-04-15T02:40:23.395+0000] {dag.py:3947} INFO - Setting next_dagrun for example_xcom to 2021-01-01 00:00:00+00:00, run_after=2021-01-01 00:00:00+00:00
[2026-04-15T02:40:23.441+0000] {processor.py:183} INFO - Processing /home/airflow/.local/lib/python3.12/site-packages/airflow/example_dags/example_xcom.py took 0.177 seconds
[2026-04-15T02:40:53.923+0000] {processor.py:161} INFO - Started process (PID=4187) to work on /home/airflow/.local/lib/python3.12/site-packages/airflow/example_dags/example_xcom.py
[2026-04-15T02:40:53.926+0000] {processor.py:830} INFO - Processing file /home/airflow/.local/lib/python3.12/site-packages/airflow/example_dags/example_xcom.py for tasks to queue
[2026-04-15T02:40:53.931+0000] {logging_mixin.py:188} INFO - [2026-04-15T02:40:53.929+0000] {dagbag.py:545} INFO - Filling up the DagBag from /home/airflow/.local/lib/python3.12/site-packages/airflow/example_dags/example_xcom.py
[2026-04-15T02:40:53.958+0000] {processor.py:840} INFO - DAG(s) 'example_xcom' retrieved from /home/airflow/.local/lib/python3.12/site-packages/airflow/example_dags/example_xcom.py
[2026-04-15T02:40:54.026+0000] {logging_mixin.py:188} INFO - [2026-04-15T02:40:54.026+0000] {dag.py:3089} INFO - Sync 1 DAGs
[2026-04-15T02:40:54.084+0000] {logging_mixin.py:188} INFO - [2026-04-15T02:40:54.083+0000] {dag.py:3947} INFO - Setting next_dagrun for example_xcom to 2021-01-01 00:00:00+00:00, run_after=2021-01-01 00:00:00+00:00
[2026-04-15T02:40:54.134+0000] {processor.py:183} INFO - Processing /home/airflow/.local/lib/python3.12/site-packages/airflow/example_dags/example_xcom.py took 0.233 seconds
[2026-04-15T02:41:25.339+0000] {processor.py:161} INFO - Started process (PID=4246) to work on /home/airflow/.local/lib/python3.12/site-packages/airflow/example_dags/example_xcom.py
[2026-04-15T02:41:25.350+0000] {processor.py:830} INFO - Processing file /home/airflow/.local/lib/python3.12/site-packages/airflow/example_dags/example_xcom.py for tasks to queue
[2026-04-15T02:41:25.358+0000] {logging_mixin.py:188} INFO - [2026-04-15T02:41:25.357+0000] {dagbag.py:545} INFO - Filling up the DagBag from /home/airflow/.local/lib/python3.12/site-packages/airflow/example_dags/example_xcom.py
[2026-04-15T02:41:25.408+0000] {processor.py:840} INFO - DAG(s) 'example_xcom' retrieved from /home/airflow/.local/lib/python3.12/site-packages/airflow/example_dags/example_xcom.py
[2026-04-15T02:41:25.529+0000] {logging_mixin.py:188} INFO - [2026-04-15T02:41:25.525+0000] {dag.py:3089} INFO - Sync 1 DAGs
[2026-04-15T02:41:25.618+0000] {logging_mixin.py:188} INFO - [2026-04-15T02:41:25.617+0000] {dag.py:3947} INFO - Setting next_dagrun for example_xcom to 2021-01-01 00:00:00+00:00, run_after=2021-01-01 00:00:00+00:00
[2026-04-15T02:41:25.677+0000] {processor.py:183} INFO - Processing /home/airflow/.local/lib/python3.12/site-packages/airflow/example_dags/example_xcom.py took 0.446 seconds
[2026-04-15T02:41:56.474+0000] {processor.py:161} INFO - Started process (PID=4305) to work on /home/airflow/.local/lib/python3.12/site-packages/airflow/example_dags/example_xcom.py
[2026-04-15T02:41:56.479+0000] {processor.py:830} INFO - Processing file /home/airflow/.local/lib/python3.12/site-packages/airflow/example_dags/example_xcom.py for tasks to queue
[2026-04-15T02:41:56.486+0000] {logging_mixin.py:188} INFO - [2026-04-15T02:41:56.485+0000] {dagbag.py:545} INFO - Filling up the DagBag from /home/airflow/.local/lib/python3.12/site-packages/airflow/example_dags/example_xcom.py
[2026-04-15T02:41:56.514+0000] {processor.py:840} INFO - DAG(s) 'example_xcom' retrieved from /home/airflow/.local/lib/python3.12/site-packages/airflow/example_dags/example_xcom.py
[2026-04-15T02:41:56.612+0000] {logging_mixin.py:188} INFO - [2026-04-15T02:41:56.611+0000] {dag.py:3089} INFO - Sync 1 DAGs
[2026-04-15T02:41:56.722+0000] {logging_mixin.py:188} INFO - [2026-04-15T02:41:56.721+0000] {dag.py:3947} INFO - Setting next_dagrun for example_xcom to 2021-01-01 00:00:00+00:00, run_after=2021-01-01 00:00:00+00:00
[2026-04-15T02:41:56.824+0000] {processor.py:183} INFO - Processing /home/airflow/.local/lib/python3.12/site-packages/airflow/example_dags/example_xcom.py took 0.371 seconds
[2026-04-15T02:42:27.228+0000] {processor.py:161} INFO - Started process (PID=4363) to work on /home/airflow/.local/lib/python3.12/site-packages/airflow/example_dags/example_xcom.py
[2026-04-15T02:42:27.231+0000] {processor.py:830} INFO - Processing file /home/airflow/.local/lib/python3.12/site-packages/airflow/example_dags/example_xcom.py for tasks to queue
[2026-04-15T02:42:27.236+0000] {logging_mixin.py:188} INFO - [2026-04-15T02:42:27.235+0000] {dagbag.py:545} INFO - Filling up the DagBag from /home/airflow/.local/lib/python3.12/site-packages/airflow/example_dags/example_xcom.py
[2026-04-15T02:42:27.253+0000] {processor.py:840} INFO - DAG(s) 'example_xcom' retrieved from /home/airflow/.local/lib/python3.12/site-packages/airflow/example_dags/example_xcom.py
[2026-04-15T02:42:27.339+0000] {logging_mixin.py:188} INFO - [2026-04-15T02:42:27.338+0000] {dag.py:3089} INFO - Sync 1 DAGs
[2026-04-15T02:42:27.395+0000] {logging_mixin.py:188} INFO - [2026-04-15T02:42:27.394+0000] {dag.py:3947} INFO - Setting next_dagrun for example_xcom to 2021-01-01 00:00:00+00:00, run_after=2021-01-01 00:00:00+00:00
[2026-04-15T02:42:27.459+0000] {processor.py:183} INFO - Processing /home/airflow/.local/lib/python3.12/site-packages/airflow/example_dags/example_xcom.py took 0.265 seconds
[2026-04-15T02:42:57.766+0000] {processor.py:161} INFO - Started process (PID=4423) to work on /home/airflow/.local/lib/python3.12/site-packages/airflow/example_dags/example_xcom.py
[2026-04-15T02:42:57.768+0000] {processor.py:830} INFO - Processing file /home/airflow/.local/lib/python3.12/site-packages/airflow/example_dags/example_xcom.py for tasks to queue
[2026-04-15T02:42:57.771+0000] {logging_mixin.py:188} INFO - [2026-04-15T02:42:57.770+0000] {dagbag.py:545} INFO - Filling up the DagBag from /home/airflow/.local/lib/python3.12/site-packages/airflow/example_dags/example_xcom.py
[2026-04-15T02:42:57.786+0000] {processor.py:840} INFO - DAG(s) 'example_xcom' retrieved from /home/airflow/.local/lib/python3.12/site-packages/airflow/example_dags/example_xcom.py
[2026-04-15T02:42:57.835+0000] {logging_mixin.py:188} INFO - [2026-04-15T02:42:57.835+0000] {dag.py:3089} INFO - Sync 1 DAGs
[2026-04-15T02:42:57.869+0000] {logging_mixin.py:188} INFO - [2026-04-15T02:42:57.868+0000] {dag.py:3947} INFO - Setting next_dagrun for example_xcom to 2021-01-01 00:00:00+00:00, run_after=2021-01-01 00:00:00+00:00
[2026-04-15T02:42:57.979+0000] {processor.py:183} INFO - Processing /home/airflow/.local/lib/python3.12/site-packages/airflow/example_dags/example_xcom.py took 0.227 seconds
[2026-04-15T02:43:28.354+0000] {processor.py:161} INFO - Started process (PID=4482) to work on /home/airflow/.local/lib/python3.12/site-packages/airflow/example_dags/example_xcom.py
[2026-04-15T02:43:28.359+0000] {processor.py:830} INFO - Processing file /home/airflow/.local/lib/python3.12/site-packages/airflow/example_dags/example_xcom.py for tasks to queue
[2026-04-15T02:43:28.366+0000] {logging_mixin.py:188} INFO - [2026-04-15T02:43:28.365+0000] {dagbag.py:545} INFO - Filling up the DagBag from /home/airflow/.local/lib/python3.12/site-packages/airflow/example_dags/example_xcom.py
[2026-04-15T02:43:28.410+0000] {processor.py:840} INFO - DAG(s) 'example_xcom' retrieved from /home/airflow/.local/lib/python3.12/site-packages/airflow/example_dags/example_xcom.py
[2026-04-15T02:43:28.529+0000] {logging_mixin.py:188} INFO - [2026-04-15T02:43:28.528+0000] {dag.py:3089} INFO - Sync 1 DAGs
[2026-04-15T02:43:28.600+0000] {logging_mixin.py:188} INFO - [2026-04-15T02:43:28.599+0000] {dag.py:3947} INFO - Setting next_dagrun for example_xcom to 2021-01-01 00:00:00+00:00, run_after=2021-01-01 00:00:00+00:00
[2026-04-15T02:43:28.669+0000] {processor.py:183} INFO - Processing /home/airflow/.local/lib/python3.12/site-packages/airflow/example_dags/example_xcom.py took 0.342 seconds
[2026-04-15T02:43:58.957+0000] {processor.py:161} INFO - Started process (PID=4541) to work on /home/airflow/.local/lib/python3.12/site-packages/airflow/example_dags/example_xcom.py
[2026-04-15T02:43:58.969+0000] {processor.py:830} INFO - Processing file /home/airflow/.local/lib/python3.12/site-packages/airflow/example_dags/example_xcom.py for tasks to queue
[2026-04-15T02:43:58.977+0000] {logging_mixin.py:188} INFO - [2026-04-15T02:43:58.975+0000] {dagbag.py:545} INFO - Filling up the DagBag from /home/airflow/.local/lib/python3.12/site-packages/airflow/example_dags/example_xcom.py
[2026-04-15T02:43:58.996+0000] {processor.py:840} INFO - DAG(s) 'example_xcom' retrieved from /home/airflow/.local/lib/python3.12/site-packages/airflow/example_dags/example_xcom.py
[2026-04-15T02:43:59.043+0000] {logging_mixin.py:188} INFO - [2026-04-15T02:43:59.043+0000] {dag.py:3089} INFO - Sync 1 DAGs
[2026-04-15T02:43:59.084+0000] {logging_mixin.py:188} INFO - [2026-04-15T02:43:59.084+0000] {dag.py:3947} INFO - Setting next_dagrun for example_xcom to 2021-01-01 00:00:00+00:00, run_after=2021-01-01 00:00:00+00:00
[2026-04-15T02:43:59.124+0000] {processor.py:183} INFO - Processing /home/airflow/.local/lib/python3.12/site-packages/airflow/example_dags/example_xcom.py took 0.186 seconds
[2026-04-15T02:44:29.719+0000] {processor.py:161} INFO - Started process (PID=4601) to work on /home/airflow/.local/lib/python3.12/site-packages/airflow/example_dags/example_xcom.py
[2026-04-15T02:44:29.724+0000] {processor.py:830} INFO - Processing file /home/airflow/.local/lib/python3.12/site-packages/airflow/example_dags/example_xcom.py for tasks to queue
[2026-04-15T02:44:29.735+0000] {logging_mixin.py:188} INFO - [2026-04-15T02:44:29.731+0000] {dagbag.py:545} INFO - Filling up the DagBag from /home/airflow/.local/lib/python3.12/site-packages/airflow/example_dags/example_xcom.py
[2026-04-15T02:44:29.753+0000] {processor.py:840} INFO - DAG(s) 'example_xcom' retrieved from /home/airflow/.local/lib/python3.12/site-packages/airflow/example_dags/example_xcom.py
[2026-04-15T02:44:29.802+0000] {logging_mixin.py:188} INFO - [2026-04-15T02:44:29.802+0000] {dag.py:3089} INFO - Sync 1 DAGs
[2026-04-15T02:44:29.877+0000] {logging_mixin.py:188} INFO - [2026-04-15T02:44:29.876+0000] {dag.py:3947} INFO - Setting next_dagrun for example_xcom to 2021-01-01 00:00:00+00:00, run_after=2021-01-01 00:00:00+00:00
[2026-04-15T02:44:29.922+0000] {processor.py:183} INFO - Processing /home/airflow/.local/lib/python3.12/site-packages/airflow/example_dags/example_xcom.py took 0.222 seconds
[2026-04-15T02:45:00.056+0000] {processor.py:161} INFO - Started process (PID=4660) to work on /home/airflow/.local/lib/python3.12/site-packages/airflow/example_dags/example_xcom.py
[2026-04-15T02:45:00.061+0000] {processor.py:830} INFO - Processing file /home/airflow/.local/lib/python3.12/site-packages/airflow/example_dags/example_xcom.py for tasks to queue
[2026-04-15T02:45:00.087+0000] {logging_mixin.py:188} INFO - [2026-04-15T02:45:00.086+0000] {dagbag.py:545} INFO - Filling up the DagBag from /home/airflow/.local/lib/python3.12/site-packages/airflow/example_dags/example_xcom.py
[2026-04-15T02:45:00.172+0000] {processor.py:840} INFO - DAG(s) 'example_xcom' retrieved from /home/airflow/.local/lib/python3.12/site-packages/airflow/example_dags/example_xcom.py
[2026-04-15T02:45:00.250+0000] {logging_mixin.py:188} INFO - [2026-04-15T02:45:00.250+0000] {dag.py:3089} INFO - Sync 1 DAGs
[2026-04-15T02:45:00.320+0000] {logging_mixin.py:188} INFO - [2026-04-15T02:45:00.319+0000] {dag.py:3947} INFO - Setting next_dagrun for example_xcom to 2021-01-01 00:00:00+00:00, run_after=2021-01-01 00:00:00+00:00
[2026-04-15T02:45:00.383+0000] {processor.py:183} INFO - Processing /home/airflow/.local/lib/python3.12/site-packages/airflow/example_dags/example_xcom.py took 0.340 seconds
[2026-04-15T02:45:30.765+0000] {processor.py:161} INFO - Started process (PID=4719) to work on /home/airflow/.local/lib/python3.12/site-packages/airflow/example_dags/example_xcom.py
[2026-04-15T02:45:30.772+0000] {processor.py:830} INFO - Processing file /home/airflow/.local/lib/python3.12/site-packages/airflow/example_dags/example_xcom.py for tasks to queue
[2026-04-15T02:45:30.776+0000] {logging_mixin.py:188} INFO - [2026-04-15T02:45:30.775+0000] {dagbag.py:545} INFO - Filling up the DagBag from /home/airflow/.local/lib/python3.12/site-packages/airflow/example_dags/example_xcom.py
[2026-04-15T02:45:30.802+0000] {processor.py:840} INFO - DAG(s) 'example_xcom' retrieved from /home/airflow/.local/lib/python3.12/site-packages/airflow/example_dags/example_xcom.py
[2026-04-15T02:45:30.870+0000] {logging_mixin.py:188} INFO - [2026-04-15T02:45:30.870+0000] {dag.py:3089} INFO - Sync 1 DAGs
[2026-04-15T02:45:30.927+0000] {logging_mixin.py:188} INFO - [2026-04-15T02:45:30.927+0000] {dag.py:3947} INFO - Setting next_dagrun for example_xcom to 2021-01-01 00:00:00+00:00, run_after=2021-01-01 00:00:00+00:00
[2026-04-15T02:45:31.051+0000] {processor.py:183} INFO - Processing /home/airflow/.local/lib/python3.12/site-packages/airflow/example_dags/example_xcom.py took 0.301 seconds
[2026-04-15T02:46:02.629+0000] {processor.py:161} INFO - Started process (PID=4778) to work on /home/airflow/.local/lib/python3.12/site-packages/airflow/example_dags/example_xcom.py
[2026-04-15T02:46:02.636+0000] {processor.py:830} INFO - Processing file /home/airflow/.local/lib/python3.12/site-packages/airflow/example_dags/example_xcom.py for tasks to queue
[2026-04-15T02:46:02.652+0000] {logging_mixin.py:188} INFO - [2026-04-15T02:46:02.651+0000] {dagbag.py:545} INFO - Filling up the DagBag from /home/airflow/.local/lib/python3.12/site-packages/airflow/example_dags/example_xcom.py
[2026-04-15T02:46:02.705+0000] {processor.py:840} INFO - DAG(s) 'example_xcom' retrieved from /home/airflow/.local/lib/python3.12/site-packages/airflow/example_dags/example_xcom.py
[2026-04-15T02:46:02.812+0000] {logging_mixin.py:188} INFO - [2026-04-15T02:46:02.812+0000] {dag.py:3089} INFO - Sync 1 DAGs
[2026-04-15T02:46:02.886+0000] {logging_mixin.py:188} INFO - [2026-04-15T02:46:02.886+0000] {dag.py:3947} INFO - Setting next_dagrun for example_xcom to 2021-01-01 00:00:00+00:00, run_after=2021-01-01 00:00:00+00:00
[2026-04-15T02:46:02.928+0000] {processor.py:183} INFO - Processing /home/airflow/.local/lib/python3.12/site-packages/airflow/example_dags/example_xcom.py took 0.334 seconds
[2026-04-15T02:46:34.563+0000] {processor.py:161} INFO - Started process (PID=4837) to work on /home/airflow/.local/lib/python3.12/site-packages/airflow/example_dags/example_xcom.py
[2026-04-15T02:46:34.566+0000] {processor.py:830} INFO - Processing file /home/airflow/.local/lib/python3.12/site-packages/airflow/example_dags/example_xcom.py for tasks to queue
[2026-04-15T02:46:34.577+0000] {logging_mixin.py:188} INFO - [2026-04-15T02:46:34.576+0000] {dagbag.py:545} INFO - Filling up the DagBag from /home/airflow/.local/lib/python3.12/site-packages/airflow/example_dags/example_xcom.py
[2026-04-15T02:46:34.622+0000] {processor.py:840} INFO - DAG(s) 'example_xcom' retrieved from /home/airflow/.local/lib/python3.12/site-packages/airflow/example_dags/example_xcom.py
[2026-04-15T02:46:34.938+0000] {logging_mixin.py:188} INFO - [2026-04-15T02:46:34.938+0000] {dag.py:3089} INFO - Sync 1 DAGs
[2026-04-15T02:46:35.209+0000] {logging_mixin.py:188} INFO - [2026-04-15T02:46:35.199+0000] {dag.py:3947} INFO - Setting next_dagrun for example_xcom to 2021-01-01 00:00:00+00:00, run_after=2021-01-01 00:00:00+00:00
[2026-04-15T02:46:35.403+0000] {processor.py:183} INFO - Processing /home/airflow/.local/lib/python3.12/site-packages/airflow/example_dags/example_xcom.py took 0.859 seconds
[2026-04-15T02:47:05.804+0000] {processor.py:161} INFO - Started process (PID=4899) to work on /home/airflow/.local/lib/python3.12/site-packages/airflow/example_dags/example_xcom.py
[2026-04-15T02:47:05.812+0000] {processor.py:830} INFO - Processing file /home/airflow/.local/lib/python3.12/site-packages/airflow/example_dags/example_xcom.py for tasks to queue
[2026-04-15T02:47:05.831+0000] {logging_mixin.py:188} INFO - [2026-04-15T02:47:05.829+0000] {dagbag.py:545} INFO - Filling up the DagBag from /home/airflow/.local/lib/python3.12/site-packages/airflow/example_dags/example_xcom.py
[2026-04-15T02:47:05.937+0000] {processor.py:840} INFO - DAG(s) 'example_xcom' retrieved from /home/airflow/.local/lib/python3.12/site-packages/airflow/example_dags/example_xcom.py
[2026-04-15T02:47:06.278+0000] {logging_mixin.py:188} INFO - [2026-04-15T02:47:06.276+0000] {dag.py:3089} INFO - Sync 1 DAGs
[2026-04-15T02:47:06.608+0000] {logging_mixin.py:188} INFO - [2026-04-15T02:47:06.606+0000] {dag.py:3947} INFO - Setting next_dagrun for example_xcom to 2021-01-01 00:00:00+00:00, run_after=2021-01-01 00:00:00+00:00
[2026-04-15T02:47:06.908+0000] {processor.py:183} INFO - Processing /home/airflow/.local/lib/python3.12/site-packages/airflow/example_dags/example_xcom.py took 1.137 seconds
[2026-04-15T02:47:37.738+0000] {processor.py:161} INFO - Started process (PID=4960) to work on /home/airflow/.local/lib/python3.12/site-packages/airflow/example_dags/example_xcom.py
[2026-04-15T02:47:37.742+0000] {processor.py:830} INFO - Processing file /home/airflow/.local/lib/python3.12/site-packages/airflow/example_dags/example_xcom.py for tasks to queue
[2026-04-15T02:47:37.756+0000] {logging_mixin.py:188} INFO - [2026-04-15T02:47:37.755+0000] {dagbag.py:545} INFO - Filling up the DagBag from /home/airflow/.local/lib/python3.12/site-packages/airflow/example_dags/example_xcom.py
[2026-04-15T02:47:37.799+0000] {processor.py:840} INFO - DAG(s) 'example_xcom' retrieved from /home/airflow/.local/lib/python3.12/site-packages/airflow/example_dags/example_xcom.py
[2026-04-15T02:47:37.980+0000] {logging_mixin.py:188} INFO - [2026-04-15T02:47:37.979+0000] {dag.py:3089} INFO - Sync 1 DAGs
[2026-04-15T02:47:38.112+0000] {logging_mixin.py:188} INFO - [2026-04-15T02:47:38.111+0000] {dag.py:3947} INFO - Setting next_dagrun for example_xcom to 2021-01-01 00:00:00+00:00, run_after=2021-01-01 00:00:00+00:00
[2026-04-15T02:47:38.229+0000] {processor.py:183} INFO - Processing /home/airflow/.local/lib/python3.12/site-packages/airflow/example_dags/example_xcom.py took 0.525 seconds
[2026-04-15T02:48:08.610+0000] {processor.py:161} INFO - Started process (PID=5019) to work on /home/airflow/.local/lib/python3.12/site-packages/airflow/example_dags/example_xcom.py
[2026-04-15T02:48:08.613+0000] {processor.py:830} INFO - Processing file /home/airflow/.local/lib/python3.12/site-packages/airflow/example_dags/example_xcom.py for tasks to queue
[2026-04-15T02:48:08.617+0000] {logging_mixin.py:188} INFO - [2026-04-15T02:48:08.616+0000] {dagbag.py:545} INFO - Filling up the DagBag from /home/airflow/.local/lib/python3.12/site-packages/airflow/example_dags/example_xcom.py
[2026-04-15T02:48:08.634+0000] {processor.py:840} INFO - DAG(s) 'example_xcom' retrieved from /home/airflow/.local/lib/python3.12/site-packages/airflow/example_dags/example_xcom.py
[2026-04-15T02:48:08.677+0000] {logging_mixin.py:188} INFO - [2026-04-15T02:48:08.676+0000] {dag.py:3089} INFO - Sync 1 DAGs
[2026-04-15T02:48:08.703+0000] {logging_mixin.py:188} INFO - [2026-04-15T02:48:08.702+0000] {dag.py:3947} INFO - Setting next_dagrun for example_xcom to 2021-01-01 00:00:00+00:00, run_after=2021-01-01 00:00:00+00:00
[2026-04-15T02:48:08.751+0000] {processor.py:183} INFO - Processing /home/airflow/.local/lib/python3.12/site-packages/airflow/example_dags/example_xcom.py took 0.157 seconds
[2026-04-15T02:50:49.124+0000] {processor.py:161} INFO - Started process (PID=118) to work on /home/airflow/.local/lib/python3.12/site-packages/airflow/example_dags/example_xcom.py
[2026-04-15T02:50:49.157+0000] {processor.py:830} INFO - Processing file /home/airflow/.local/lib/python3.12/site-packages/airflow/example_dags/example_xcom.py for tasks to queue
[2026-04-15T02:50:49.169+0000] {logging_mixin.py:188} INFO - [2026-04-15T02:50:49.167+0000] {dagbag.py:545} INFO - Filling up the DagBag from /home/airflow/.local/lib/python3.12/site-packages/airflow/example_dags/example_xcom.py
[2026-04-15T02:50:49.198+0000] {processor.py:840} INFO - DAG(s) 'example_xcom' retrieved from /home/airflow/.local/lib/python3.12/site-packages/airflow/example_dags/example_xcom.py
[2026-04-15T02:50:49.473+0000] {logging_mixin.py:188} INFO - [2026-04-15T02:50:49.472+0000] {dag.py:3089} INFO - Sync 1 DAGs
[2026-04-15T02:50:49.504+0000] {logging_mixin.py:188} INFO - [2026-04-15T02:50:49.504+0000] {dag.py:3947} INFO - Setting next_dagrun for example_xcom to 2021-01-01 00:00:00+00:00, run_after=2021-01-01 00:00:00+00:00
[2026-04-15T02:50:49.560+0000] {processor.py:183} INFO - Processing /home/airflow/.local/lib/python3.12/site-packages/airflow/example_dags/example_xcom.py took 0.466 seconds
[2026-04-15T02:51:20.950+0000] {processor.py:161} INFO - Started process (PID=98) to work on /home/airflow/.local/lib/python3.12/site-packages/airflow/example_dags/example_xcom.py
[2026-04-15T02:51:20.953+0000] {processor.py:830} INFO - Processing file /home/airflow/.local/lib/python3.12/site-packages/airflow/example_dags/example_xcom.py for tasks to queue
[2026-04-15T02:51:20.959+0000] {logging_mixin.py:188} INFO - [2026-04-15T02:51:20.958+0000] {dagbag.py:545} INFO - Filling up the DagBag from /home/airflow/.local/lib/python3.12/site-packages/airflow/example_dags/example_xcom.py
[2026-04-15T02:51:20.985+0000] {processor.py:840} INFO - DAG(s) 'example_xcom' retrieved from /home/airflow/.local/lib/python3.12/site-packages/airflow/example_dags/example_xcom.py
[2026-04-15T02:51:21.031+0000] {logging_mixin.py:188} INFO - [2026-04-15T02:51:21.030+0000] {dag.py:3089} INFO - Sync 1 DAGs
[2026-04-15T02:51:21.099+0000] {logging_mixin.py:188} INFO - [2026-04-15T02:51:21.099+0000] {dag.py:3947} INFO - Setting next_dagrun for example_xcom to 2021-01-01 00:00:00+00:00, run_after=2021-01-01 00:00:00+00:00
[2026-04-15T02:51:21.156+0000] {processor.py:183} INFO - Processing /home/airflow/.local/lib/python3.12/site-packages/airflow/example_dags/example_xcom.py took 0.229 seconds
[2026-04-15T02:51:51.762+0000] {processor.py:161} INFO - Started process (PID=157) to work on /home/airflow/.local/lib/python3.12/site-packages/airflow/example_dags/example_xcom.py
[2026-04-15T02:51:51.769+0000] {processor.py:830} INFO - Processing file /home/airflow/.local/lib/python3.12/site-packages/airflow/example_dags/example_xcom.py for tasks to queue
[2026-04-15T02:51:51.795+0000] {logging_mixin.py:188} INFO - [2026-04-15T02:51:51.792+0000] {dagbag.py:545} INFO - Filling up the DagBag from /home/airflow/.local/lib/python3.12/site-packages/airflow/example_dags/example_xcom.py
[2026-04-15T02:51:51.819+0000] {processor.py:840} INFO - DAG(s) 'example_xcom' retrieved from /home/airflow/.local/lib/python3.12/site-packages/airflow/example_dags/example_xcom.py
[2026-04-15T02:51:51.881+0000] {logging_mixin.py:188} INFO - [2026-04-15T02:51:51.881+0000] {dag.py:3089} INFO - Sync 1 DAGs
[2026-04-15T02:51:51.925+0000] {logging_mixin.py:188} INFO - [2026-04-15T02:51:51.925+0000] {dag.py:3947} INFO - Setting next_dagrun for example_xcom to 2021-01-01 00:00:00+00:00, run_after=2021-01-01 00:00:00+00:00
[2026-04-15T02:51:51.965+0000] {processor.py:183} INFO - Processing /home/airflow/.local/lib/python3.12/site-packages/airflow/example_dags/example_xcom.py took 0.262 seconds
[2026-04-15T02:52:24.206+0000] {processor.py:161} INFO - Started process (PID=216) to work on /home/airflow/.local/lib/python3.12/site-packages/airflow/example_dags/example_xcom.py
[2026-04-15T02:52:24.208+0000] {processor.py:830} INFO - Processing file /home/airflow/.local/lib/python3.12/site-packages/airflow/example_dags/example_xcom.py for tasks to queue
[2026-04-15T02:52:24.212+0000] {logging_mixin.py:188} INFO - [2026-04-15T02:52:24.211+0000] {dagbag.py:545} INFO - Filling up the DagBag from /home/airflow/.local/lib/python3.12/site-packages/airflow/example_dags/example_xcom.py
[2026-04-15T02:52:24.236+0000] {processor.py:840} INFO - DAG(s) 'example_xcom' retrieved from /home/airflow/.local/lib/python3.12/site-packages/airflow/example_dags/example_xcom.py
[2026-04-15T02:52:24.302+0000] {logging_mixin.py:188} INFO - [2026-04-15T02:52:24.301+0000] {dag.py:3089} INFO - Sync 1 DAGs
[2026-04-15T02:52:24.360+0000] {logging_mixin.py:188} INFO - [2026-04-15T02:52:24.359+0000] {dag.py:3947} INFO - Setting next_dagrun for example_xcom to 2021-01-01 00:00:00+00:00, run_after=2021-01-01 00:00:00+00:00
[2026-04-15T02:52:24.418+0000] {processor.py:183} INFO - Processing /home/airflow/.local/lib/python3.12/site-packages/airflow/example_dags/example_xcom.py took 0.222 seconds
[2026-04-15T02:52:54.541+0000] {processor.py:161} INFO - Started process (PID=276) to work on /home/airflow/.local/lib/python3.12/site-packages/airflow/example_dags/example_xcom.py
[2026-04-15T02:52:54.552+0000] {processor.py:830} INFO - Processing file /home/airflow/.local/lib/python3.12/site-packages/airflow/example_dags/example_xcom.py for tasks to queue
[2026-04-15T02:52:54.557+0000] {logging_mixin.py:188} INFO - [2026-04-15T02:52:54.556+0000] {dagbag.py:545} INFO - Filling up the DagBag from /home/airflow/.local/lib/python3.12/site-packages/airflow/example_dags/example_xcom.py
[2026-04-15T02:52:54.571+0000] {processor.py:840} INFO - DAG(s) 'example_xcom' retrieved from /home/airflow/.local/lib/python3.12/site-packages/airflow/example_dags/example_xcom.py
[2026-04-15T02:52:54.628+0000] {logging_mixin.py:188} INFO - [2026-04-15T02:52:54.628+0000] {dag.py:3089} INFO - Sync 1 DAGs
[2026-04-15T02:52:54.672+0000] {logging_mixin.py:188} INFO - [2026-04-15T02:52:54.671+0000] {dag.py:3947} INFO - Setting next_dagrun for example_xcom to 2021-01-01 00:00:00+00:00, run_after=2021-01-01 00:00:00+00:00
[2026-04-15T02:52:54.729+0000] {processor.py:183} INFO - Processing /home/airflow/.local/lib/python3.12/site-packages/airflow/example_dags/example_xcom.py took 0.196 seconds
[2026-04-15T02:53:26.444+0000] {processor.py:161} INFO - Started process (PID=334) to work on /home/airflow/.local/lib/python3.12/site-packages/airflow/example_dags/example_xcom.py
[2026-04-15T02:53:26.446+0000] {processor.py:830} INFO - Processing file /home/airflow/.local/lib/python3.12/site-packages/airflow/example_dags/example_xcom.py for tasks to queue
[2026-04-15T02:53:26.449+0000] {logging_mixin.py:188} INFO - [2026-04-15T02:53:26.449+0000] {dagbag.py:545} INFO - Filling up the DagBag from /home/airflow/.local/lib/python3.12/site-packages/airflow/example_dags/example_xcom.py
[2026-04-15T02:53:26.461+0000] {processor.py:840} INFO - DAG(s) 'example_xcom' retrieved from /home/airflow/.local/lib/python3.12/site-packages/airflow/example_dags/example_xcom.py
[2026-04-15T02:53:26.507+0000] {logging_mixin.py:188} INFO - [2026-04-15T02:53:26.507+0000] {dag.py:3089} INFO - Sync 1 DAGs
[2026-04-15T02:53:26.552+0000] {logging_mixin.py:188} INFO - [2026-04-15T02:53:26.551+0000] {dag.py:3947} INFO - Setting next_dagrun for example_xcom to 2021-01-01 00:00:00+00:00, run_after=2021-01-01 00:00:00+00:00
[2026-04-15T02:53:26.605+0000] {processor.py:183} INFO - Processing /home/airflow/.local/lib/python3.12/site-packages/airflow/example_dags/example_xcom.py took 0.173 seconds
[2026-04-15T02:53:58.216+0000] {processor.py:161} INFO - Started process (PID=393) to work on /home/airflow/.local/lib/python3.12/site-packages/airflow/example_dags/example_xcom.py
[2026-04-15T02:53:58.221+0000] {processor.py:830} INFO - Processing file /home/airflow/.local/lib/python3.12/site-packages/airflow/example_dags/example_xcom.py for tasks to queue
[2026-04-15T02:53:58.233+0000] {logging_mixin.py:188} INFO - [2026-04-15T02:53:58.232+0000] {dagbag.py:545} INFO - Filling up the DagBag from /home/airflow/.local/lib/python3.12/site-packages/airflow/example_dags/example_xcom.py
[2026-04-15T02:53:58.295+0000] {processor.py:840} INFO - DAG(s) 'example_xcom' retrieved from /home/airflow/.local/lib/python3.12/site-packages/airflow/example_dags/example_xcom.py
[2026-04-15T02:53:58.392+0000] {logging_mixin.py:188} INFO - [2026-04-15T02:53:58.392+0000] {dag.py:3089} INFO - Sync 1 DAGs
[2026-04-15T02:53:58.546+0000] {logging_mixin.py:188} INFO - [2026-04-15T02:53:58.545+0000] {dag.py:3947} INFO - Setting next_dagrun for example_xcom to 2021-01-01 00:00:00+00:00, run_after=2021-01-01 00:00:00+00:00
[2026-04-15T02:53:58.603+0000] {processor.py:183} INFO - Processing /home/airflow/.local/lib/python3.12/site-packages/airflow/example_dags/example_xcom.py took 0.415 seconds
[2026-04-15T02:54:29.131+0000] {processor.py:161} INFO - Started process (PID=452) to work on /home/airflow/.local/lib/python3.12/site-packages/airflow/example_dags/example_xcom.py
[2026-04-15T02:54:29.133+0000] {processor.py:830} INFO - Processing file /home/airflow/.local/lib/python3.12/site-packages/airflow/example_dags/example_xcom.py for tasks to queue
[2026-04-15T02:54:29.137+0000] {logging_mixin.py:188} INFO - [2026-04-15T02:54:29.136+0000] {dagbag.py:545} INFO - Filling up the DagBag from /home/airflow/.local/lib/python3.12/site-packages/airflow/example_dags/example_xcom.py
[2026-04-15T02:54:29.151+0000] {processor.py:840} INFO - DAG(s) 'example_xcom' retrieved from /home/airflow/.local/lib/python3.12/site-packages/airflow/example_dags/example_xcom.py
[2026-04-15T02:54:29.197+0000] {logging_mixin.py:188} INFO - [2026-04-15T02:54:29.196+0000] {dag.py:3089} INFO - Sync 1 DAGs
[2026-04-15T02:54:29.244+0000] {logging_mixin.py:188} INFO - [2026-04-15T02:54:29.243+0000] {dag.py:3947} INFO - Setting next_dagrun for example_xcom to 2021-01-01 00:00:00+00:00, run_after=2021-01-01 00:00:00+00:00
[2026-04-15T02:54:29.284+0000] {processor.py:183} INFO - Processing /home/airflow/.local/lib/python3.12/site-packages/airflow/example_dags/example_xcom.py took 0.162 seconds
[2026-04-15T02:55:00.055+0000] {processor.py:161} INFO - Started process (PID=511) to work on /home/airflow/.local/lib/python3.12/site-packages/airflow/example_dags/example_xcom.py
[2026-04-15T02:55:00.066+0000] {processor.py:830} INFO - Processing file /home/airflow/.local/lib/python3.12/site-packages/airflow/example_dags/example_xcom.py for tasks to queue
[2026-04-15T02:55:00.071+0000] {logging_mixin.py:188} INFO - [2026-04-15T02:55:00.070+0000] {dagbag.py:545} INFO - Filling up the DagBag from /home/airflow/.local/lib/python3.12/site-packages/airflow/example_dags/example_xcom.py
[2026-04-15T02:55:00.082+0000] {processor.py:840} INFO - DAG(s) 'example_xcom' retrieved from /home/airflow/.local/lib/python3.12/site-packages/airflow/example_dags/example_xcom.py
[2026-04-15T02:55:00.135+0000] {logging_mixin.py:188} INFO - [2026-04-15T02:55:00.134+0000] {dag.py:3089} INFO - Sync 1 DAGs
[2026-04-15T02:55:00.170+0000] {logging_mixin.py:188} INFO - [2026-04-15T02:55:00.170+0000] {dag.py:3947} INFO - Setting next_dagrun for example_xcom to 2021-01-01 00:00:00+00:00, run_after=2021-01-01 00:00:00+00:00
[2026-04-15T02:55:00.224+0000] {processor.py:183} INFO - Processing /home/airflow/.local/lib/python3.12/site-packages/airflow/example_dags/example_xcom.py took 0.190 seconds
[2026-04-15T02:55:30.847+0000] {processor.py:161} INFO - Started process (PID=570) to work on /home/airflow/.local/lib/python3.12/site-packages/airflow/example_dags/example_xcom.py
[2026-04-15T02:55:30.848+0000] {processor.py:830} INFO - Processing file /home/airflow/.local/lib/python3.12/site-packages/airflow/example_dags/example_xcom.py for tasks to queue
[2026-04-15T02:55:30.853+0000] {logging_mixin.py:188} INFO - [2026-04-15T02:55:30.852+0000] {dagbag.py:545} INFO - Filling up the DagBag from /home/airflow/.local/lib/python3.12/site-packages/airflow/example_dags/example_xcom.py
[2026-04-15T02:55:30.870+0000] {processor.py:840} INFO - DAG(s) 'example_xcom' retrieved from /home/airflow/.local/lib/python3.12/site-packages/airflow/example_dags/example_xcom.py
[2026-04-15T02:55:30.921+0000] {logging_mixin.py:188} INFO - [2026-04-15T02:55:30.920+0000] {dag.py:3089} INFO - Sync 1 DAGs
[2026-04-15T02:55:30.971+0000] {logging_mixin.py:188} INFO - [2026-04-15T02:55:30.971+0000] {dag.py:3947} INFO - Setting next_dagrun for example_xcom to 2021-01-01 00:00:00+00:00, run_after=2021-01-01 00:00:00+00:00
[2026-04-15T02:55:31.011+0000] {processor.py:183} INFO - Processing /home/airflow/.local/lib/python3.12/site-packages/airflow/example_dags/example_xcom.py took 0.171 seconds
[2026-04-15T02:56:01.387+0000] {processor.py:161} INFO - Started process (PID=629) to work on /home/airflow/.local/lib/python3.12/site-packages/airflow/example_dags/example_xcom.py
[2026-04-15T02:56:01.390+0000] {processor.py:830} INFO - Processing file /home/airflow/.local/lib/python3.12/site-packages/airflow/example_dags/example_xcom.py for tasks to queue
[2026-04-15T02:56:01.396+0000] {logging_mixin.py:188} INFO - [2026-04-15T02:56:01.394+0000] {dagbag.py:545} INFO - Filling up the DagBag from /home/airflow/.local/lib/python3.12/site-packages/airflow/example_dags/example_xcom.py
[2026-04-15T02:56:01.407+0000] {processor.py:840} INFO - DAG(s) 'example_xcom' retrieved from /home/airflow/.local/lib/python3.12/site-packages/airflow/example_dags/example_xcom.py
[2026-04-15T02:56:01.455+0000] {logging_mixin.py:188} INFO - [2026-04-15T02:56:01.455+0000] {dag.py:3089} INFO - Sync 1 DAGs
[2026-04-15T02:56:01.502+0000] {logging_mixin.py:188} INFO - [2026-04-15T02:56:01.501+0000] {dag.py:3947} INFO - Setting next_dagrun for example_xcom to 2021-01-01 00:00:00+00:00, run_after=2021-01-01 00:00:00+00:00
[2026-04-15T02:56:01.544+0000] {processor.py:183} INFO - Processing /home/airflow/.local/lib/python3.12/site-packages/airflow/example_dags/example_xcom.py took 0.165 seconds
[2026-04-15T02:56:31.707+0000] {processor.py:161} INFO - Started process (PID=688) to work on /home/airflow/.local/lib/python3.12/site-packages/airflow/example_dags/example_xcom.py
[2026-04-15T02:56:31.708+0000] {processor.py:830} INFO - Processing file /home/airflow/.local/lib/python3.12/site-packages/airflow/example_dags/example_xcom.py for tasks to queue
[2026-04-15T02:56:31.710+0000] {logging_mixin.py:188} INFO - [2026-04-15T02:56:31.710+0000] {dagbag.py:545} INFO - Filling up the DagBag from /home/airflow/.local/lib/python3.12/site-packages/airflow/example_dags/example_xcom.py
[2026-04-15T02:56:31.718+0000] {processor.py:840} INFO - DAG(s) 'example_xcom' retrieved from /home/airflow/.local/lib/python3.12/site-packages/airflow/example_dags/example_xcom.py
[2026-04-15T02:56:31.750+0000] {logging_mixin.py:188} INFO - [2026-04-15T02:56:31.750+0000] {dag.py:3089} INFO - Sync 1 DAGs
[2026-04-15T02:56:31.783+0000] {logging_mixin.py:188} INFO - [2026-04-15T02:56:31.783+0000] {dag.py:3947} INFO - Setting next_dagrun for example_xcom to 2021-01-01 00:00:00+00:00, run_after=2021-01-01 00:00:00+00:00
[2026-04-15T02:56:31.809+0000] {processor.py:183} INFO - Processing /home/airflow/.local/lib/python3.12/site-packages/airflow/example_dags/example_xcom.py took 0.108 seconds
[2026-04-15T02:57:02.496+0000] {processor.py:161} INFO - Started process (PID=747) to work on /home/airflow/.local/lib/python3.12/site-packages/airflow/example_dags/example_xcom.py
[2026-04-15T02:57:02.498+0000] {processor.py:830} INFO - Processing file /home/airflow/.local/lib/python3.12/site-packages/airflow/example_dags/example_xcom.py for tasks to queue
[2026-04-15T02:57:02.503+0000] {logging_mixin.py:188} INFO - [2026-04-15T02:57:02.501+0000] {dagbag.py:545} INFO - Filling up the DagBag from /home/airflow/.local/lib/python3.12/site-packages/airflow/example_dags/example_xcom.py
[2026-04-15T02:57:02.518+0000] {processor.py:840} INFO - DAG(s) 'example_xcom' retrieved from /home/airflow/.local/lib/python3.12/site-packages/airflow/example_dags/example_xcom.py
[2026-04-15T02:57:02.561+0000] {logging_mixin.py:188} INFO - [2026-04-15T02:57:02.560+0000] {dag.py:3089} INFO - Sync 1 DAGs
[2026-04-15T02:57:02.589+0000] {logging_mixin.py:188} INFO - [2026-04-15T02:57:02.589+0000] {dag.py:3947} INFO - Setting next_dagrun for example_xcom to 2021-01-01 00:00:00+00:00, run_after=2021-01-01 00:00:00+00:00
[2026-04-15T02:57:02.613+0000] {processor.py:183} INFO - Processing /home/airflow/.local/lib/python3.12/site-packages/airflow/example_dags/example_xcom.py took 0.125 seconds
[2026-04-15T02:57:32.875+0000] {processor.py:161} INFO - Started process (PID=807) to work on /home/airflow/.local/lib/python3.12/site-packages/airflow/example_dags/example_xcom.py
[2026-04-15T02:57:32.876+0000] {processor.py:830} INFO - Processing file /home/airflow/.local/lib/python3.12/site-packages/airflow/example_dags/example_xcom.py for tasks to queue
[2026-04-15T02:57:32.878+0000] {logging_mixin.py:188} INFO - [2026-04-15T02:57:32.878+0000] {dagbag.py:545} INFO - Filling up the DagBag from /home/airflow/.local/lib/python3.12/site-packages/airflow/example_dags/example_xcom.py
[2026-04-15T02:57:32.886+0000] {processor.py:840} INFO - DAG(s) 'example_xcom' retrieved from /home/airflow/.local/lib/python3.12/site-packages/airflow/example_dags/example_xcom.py
[2026-04-15T02:57:32.910+0000] {logging_mixin.py:188} INFO - [2026-04-15T02:57:32.909+0000] {dag.py:3089} INFO - Sync 1 DAGs
[2026-04-15T02:57:32.931+0000] {logging_mixin.py:188} INFO - [2026-04-15T02:57:32.931+0000] {dag.py:3947} INFO - Setting next_dagrun for example_xcom to 2021-01-01 00:00:00+00:00, run_after=2021-01-01 00:00:00+00:00
[2026-04-15T02:57:32.955+0000] {processor.py:183} INFO - Processing /home/airflow/.local/lib/python3.12/site-packages/airflow/example_dags/example_xcom.py took 0.086 seconds
[2026-04-15T02:58:03.432+0000] {processor.py:161} INFO - Started process (PID=866) to work on /home/airflow/.local/lib/python3.12/site-packages/airflow/example_dags/example_xcom.py
[2026-04-15T02:58:03.433+0000] {processor.py:830} INFO - Processing file /home/airflow/.local/lib/python3.12/site-packages/airflow/example_dags/example_xcom.py for tasks to queue
[2026-04-15T02:58:03.435+0000] {logging_mixin.py:188} INFO - [2026-04-15T02:58:03.434+0000] {dagbag.py:545} INFO - Filling up the DagBag from /home/airflow/.local/lib/python3.12/site-packages/airflow/example_dags/example_xcom.py
[2026-04-15T02:58:03.443+0000] {processor.py:840} INFO - DAG(s) 'example_xcom' retrieved from /home/airflow/.local/lib/python3.12/site-packages/airflow/example_dags/example_xcom.py
[2026-04-15T02:58:03.494+0000] {logging_mixin.py:188} INFO - [2026-04-15T02:58:03.494+0000] {dag.py:3089} INFO - Sync 1 DAGs
[2026-04-15T02:58:03.526+0000] {logging_mixin.py:188} INFO - [2026-04-15T02:58:03.525+0000] {dag.py:3947} INFO - Setting next_dagrun for example_xcom to 2021-01-01 00:00:00+00:00, run_after=2021-01-01 00:00:00+00:00
[2026-04-15T02:58:03.564+0000] {processor.py:183} INFO - Processing /home/airflow/.local/lib/python3.12/site-packages/airflow/example_dags/example_xcom.py took 0.138 seconds
[2026-04-15T02:58:34.419+0000] {processor.py:161} INFO - Started process (PID=926) to work on /home/airflow/.local/lib/python3.12/site-packages/airflow/example_dags/example_xcom.py
[2026-04-15T02:58:34.421+0000] {processor.py:830} INFO - Processing file /home/airflow/.local/lib/python3.12/site-packages/airflow/example_dags/example_xcom.py for tasks to queue
[2026-04-15T02:58:34.423+0000] {logging_mixin.py:188} INFO - [2026-04-15T02:58:34.423+0000] {dagbag.py:545} INFO - Filling up the DagBag from /home/airflow/.local/lib/python3.12/site-packages/airflow/example_dags/example_xcom.py
[2026-04-15T02:58:34.432+0000] {processor.py:840} INFO - DAG(s) 'example_xcom' retrieved from /home/airflow/.local/lib/python3.12/site-packages/airflow/example_dags/example_xcom.py
[2026-04-15T02:58:34.468+0000] {logging_mixin.py:188} INFO - [2026-04-15T02:58:34.467+0000] {dag.py:3089} INFO - Sync 1 DAGs
[2026-04-15T02:58:34.495+0000] {logging_mixin.py:188} INFO - [2026-04-15T02:58:34.495+0000] {dag.py:3947} INFO - Setting next_dagrun for example_xcom to 2021-01-01 00:00:00+00:00, run_after=2021-01-01 00:00:00+00:00
[2026-04-15T02:58:34.524+0000] {processor.py:183} INFO - Processing /home/airflow/.local/lib/python3.12/site-packages/airflow/example_dags/example_xcom.py took 0.111 seconds
[2026-04-15T02:59:05.160+0000] {processor.py:161} INFO - Started process (PID=985) to work on /home/airflow/.local/lib/python3.12/site-packages/airflow/example_dags/example_xcom.py
[2026-04-15T02:59:05.161+0000] {processor.py:830} INFO - Processing file /home/airflow/.local/lib/python3.12/site-packages/airflow/example_dags/example_xcom.py for tasks to queue
[2026-04-15T02:59:05.163+0000] {logging_mixin.py:188} INFO - [2026-04-15T02:59:05.163+0000] {dagbag.py:545} INFO - Filling up the DagBag from /home/airflow/.local/lib/python3.12/site-packages/airflow/example_dags/example_xcom.py
[2026-04-15T02:59:05.171+0000] {processor.py:840} INFO - DAG(s) 'example_xcom' retrieved from /home/airflow/.local/lib/python3.12/site-packages/airflow/example_dags/example_xcom.py
[2026-04-15T02:59:05.201+0000] {logging_mixin.py:188} INFO - [2026-04-15T02:59:05.200+0000] {dag.py:3089} INFO - Sync 1 DAGs
[2026-04-15T02:59:05.230+0000] {logging_mixin.py:188} INFO - [2026-04-15T02:59:05.230+0000] {dag.py:3947} INFO - Setting next_dagrun for example_xcom to 2021-01-01 00:00:00+00:00, run_after=2021-01-01 00:00:00+00:00
[2026-04-15T02:59:05.255+0000] {processor.py:183} INFO - Processing /home/airflow/.local/lib/python3.12/site-packages/airflow/example_dags/example_xcom.py took 0.100 seconds
[2026-04-15T02:59:36.332+0000] {processor.py:161} INFO - Started process (PID=1044) to work on /home/airflow/.local/lib/python3.12/site-packages/airflow/example_dags/example_xcom.py
[2026-04-15T02:59:36.333+0000] {processor.py:830} INFO - Processing file /home/airflow/.local/lib/python3.12/site-packages/airflow/example_dags/example_xcom.py for tasks to queue
[2026-04-15T02:59:36.341+0000] {logging_mixin.py:188} INFO - [2026-04-15T02:59:36.339+0000] {dagbag.py:545} INFO - Filling up the DagBag from /home/airflow/.local/lib/python3.12/site-packages/airflow/example_dags/example_xcom.py
[2026-04-15T02:59:36.361+0000] {processor.py:840} INFO - DAG(s) 'example_xcom' retrieved from /home/airflow/.local/lib/python3.12/site-packages/airflow/example_dags/example_xcom.py
[2026-04-15T02:59:36.404+0000] {logging_mixin.py:188} INFO - [2026-04-15T02:59:36.404+0000] {dag.py:3089} INFO - Sync 1 DAGs
[2026-04-15T02:59:36.453+0000] {logging_mixin.py:188} INFO - [2026-04-15T02:59:36.453+0000] {dag.py:3947} INFO - Setting next_dagrun for example_xcom to 2021-01-01 00:00:00+00:00, run_after=2021-01-01 00:00:00+00:00
[2026-04-15T02:59:36.488+0000] {processor.py:183} INFO - Processing /home/airflow/.local/lib/python3.12/site-packages/airflow/example_dags/example_xcom.py took 0.163 seconds
[2026-04-15T03:00:07.304+0000] {processor.py:161} INFO - Started process (PID=1103) to work on /home/airflow/.local/lib/python3.12/site-packages/airflow/example_dags/example_xcom.py
[2026-04-15T03:00:07.306+0000] {processor.py:830} INFO - Processing file /home/airflow/.local/lib/python3.12/site-packages/airflow/example_dags/example_xcom.py for tasks to queue
[2026-04-15T03:00:07.308+0000] {logging_mixin.py:188} INFO - [2026-04-15T03:00:07.307+0000] {dagbag.py:545} INFO - Filling up the DagBag from /home/airflow/.local/lib/python3.12/site-packages/airflow/example_dags/example_xcom.py
[2026-04-15T03:00:07.316+0000] {processor.py:840} INFO - DAG(s) 'example_xcom' retrieved from /home/airflow/.local/lib/python3.12/site-packages/airflow/example_dags/example_xcom.py
[2026-04-15T03:00:07.358+0000] {logging_mixin.py:188} INFO - [2026-04-15T03:00:07.358+0000] {dag.py:3089} INFO - Sync 1 DAGs
[2026-04-15T03:00:07.412+0000] {logging_mixin.py:188} INFO - [2026-04-15T03:00:07.412+0000] {dag.py:3947} INFO - Setting next_dagrun for example_xcom to 2021-01-01 00:00:00+00:00, run_after=2021-01-01 00:00:00+00:00
[2026-04-15T03:00:07.454+0000] {processor.py:183} INFO - Processing /home/airflow/.local/lib/python3.12/site-packages/airflow/example_dags/example_xcom.py took 0.156 seconds
[2026-04-15T03:00:37.721+0000] {processor.py:161} INFO - Started process (PID=1162) to work on /home/airflow/.local/lib/python3.12/site-packages/airflow/example_dags/example_xcom.py
[2026-04-15T03:00:37.722+0000] {processor.py:830} INFO - Processing file /home/airflow/.local/lib/python3.12/site-packages/airflow/example_dags/example_xcom.py for tasks to queue
[2026-04-15T03:00:37.724+0000] {logging_mixin.py:188} INFO - [2026-04-15T03:00:37.724+0000] {dagbag.py:545} INFO - Filling up the DagBag from /home/airflow/.local/lib/python3.12/site-packages/airflow/example_dags/example_xcom.py
[2026-04-15T03:00:37.735+0000] {processor.py:840} INFO - DAG(s) 'example_xcom' retrieved from /home/airflow/.local/lib/python3.12/site-packages/airflow/example_dags/example_xcom.py
[2026-04-15T03:00:37.786+0000] {logging_mixin.py:188} INFO - [2026-04-15T03:00:37.785+0000] {dag.py:3089} INFO - Sync 1 DAGs
[2026-04-15T03:00:37.820+0000] {logging_mixin.py:188} INFO - [2026-04-15T03:00:37.819+0000] {dag.py:3947} INFO - Setting next_dagrun for example_xcom to 2021-01-01 00:00:00+00:00, run_after=2021-01-01 00:00:00+00:00
[2026-04-15T03:00:37.863+0000] {processor.py:183} INFO - Processing /home/airflow/.local/lib/python3.12/site-packages/airflow/example_dags/example_xcom.py took 0.149 seconds
[2026-04-15T03:01:08.683+0000] {processor.py:161} INFO - Started process (PID=1221) to work on /home/airflow/.local/lib/python3.12/site-packages/airflow/example_dags/example_xcom.py
[2026-04-15T03:01:08.693+0000] {processor.py:830} INFO - Processing file /home/airflow/.local/lib/python3.12/site-packages/airflow/example_dags/example_xcom.py for tasks to queue
[2026-04-15T03:01:08.695+0000] {logging_mixin.py:188} INFO - [2026-04-15T03:01:08.695+0000] {dagbag.py:545} INFO - Filling up the DagBag from /home/airflow/.local/lib/python3.12/site-packages/airflow/example_dags/example_xcom.py
[2026-04-15T03:01:08.705+0000] {processor.py:840} INFO - DAG(s) 'example_xcom' retrieved from /home/airflow/.local/lib/python3.12/site-packages/airflow/example_dags/example_xcom.py
[2026-04-15T03:01:08.750+0000] {logging_mixin.py:188} INFO - [2026-04-15T03:01:08.749+0000] {dag.py:3089} INFO - Sync 1 DAGs
[2026-04-15T03:01:08.787+0000] {logging_mixin.py:188} INFO - [2026-04-15T03:01:08.787+0000] {dag.py:3947} INFO - Setting next_dagrun for example_xcom to 2021-01-01 00:00:00+00:00, run_after=2021-01-01 00:00:00+00:00
[2026-04-15T03:01:08.826+0000] {processor.py:183} INFO - Processing /home/airflow/.local/lib/python3.12/site-packages/airflow/example_dags/example_xcom.py took 0.153 seconds
[2026-04-15T03:01:38.868+0000] {processor.py:161} INFO - Started process (PID=1279) to work on /home/airflow/.local/lib/python3.12/site-packages/airflow/example_dags/example_xcom.py
[2026-04-15T03:01:38.870+0000] {processor.py:830} INFO - Processing file /home/airflow/.local/lib/python3.12/site-packages/airflow/example_dags/example_xcom.py for tasks to queue
[2026-04-15T03:01:38.872+0000] {logging_mixin.py:188} INFO - [2026-04-15T03:01:38.872+0000] {dagbag.py:545} INFO - Filling up the DagBag from /home/airflow/.local/lib/python3.12/site-packages/airflow/example_dags/example_xcom.py
[2026-04-15T03:01:38.885+0000] {processor.py:840} INFO - DAG(s) 'example_xcom' retrieved from /home/airflow/.local/lib/python3.12/site-packages/airflow/example_dags/example_xcom.py
[2026-04-15T03:01:38.925+0000] {logging_mixin.py:188} INFO - [2026-04-15T03:01:38.924+0000] {dag.py:3089} INFO - Sync 1 DAGs
[2026-04-15T03:01:38.975+0000] {logging_mixin.py:188} INFO - [2026-04-15T03:01:38.974+0000] {dag.py:3947} INFO - Setting next_dagrun for example_xcom to 2021-01-01 00:00:00+00:00, run_after=2021-01-01 00:00:00+00:00
[2026-04-15T03:01:39.002+0000] {processor.py:183} INFO - Processing /home/airflow/.local/lib/python3.12/site-packages/airflow/example_dags/example_xcom.py took 0.145 seconds
[2026-04-15T03:02:09.076+0000] {processor.py:161} INFO - Started process (PID=1338) to work on /home/airflow/.local/lib/python3.12/site-packages/airflow/example_dags/example_xcom.py
[2026-04-15T03:02:09.077+0000] {processor.py:830} INFO - Processing file /home/airflow/.local/lib/python3.12/site-packages/airflow/example_dags/example_xcom.py for tasks to queue
[2026-04-15T03:02:09.080+0000] {logging_mixin.py:188} INFO - [2026-04-15T03:02:09.079+0000] {dagbag.py:545} INFO - Filling up the DagBag from /home/airflow/.local/lib/python3.12/site-packages/airflow/example_dags/example_xcom.py
[2026-04-15T03:02:09.087+0000] {processor.py:840} INFO - DAG(s) 'example_xcom' retrieved from /home/airflow/.local/lib/python3.12/site-packages/airflow/example_dags/example_xcom.py
[2026-04-15T03:02:09.121+0000] {logging_mixin.py:188} INFO - [2026-04-15T03:02:09.120+0000] {dag.py:3089} INFO - Sync 1 DAGs
[2026-04-15T03:02:09.149+0000] {logging_mixin.py:188} INFO - [2026-04-15T03:02:09.149+0000] {dag.py:3947} INFO - Setting next_dagrun for example_xcom to 2021-01-01 00:00:00+00:00, run_after=2021-01-01 00:00:00+00:00
[2026-04-15T03:02:09.185+0000] {processor.py:183} INFO - Processing /home/airflow/.local/lib/python3.12/site-packages/airflow/example_dags/example_xcom.py took 0.115 seconds
[2026-04-15T03:02:39.391+0000] {processor.py:161} INFO - Started process (PID=1397) to work on /home/airflow/.local/lib/python3.12/site-packages/airflow/example_dags/example_xcom.py
[2026-04-15T03:02:39.393+0000] {processor.py:830} INFO - Processing file /home/airflow/.local/lib/python3.12/site-packages/airflow/example_dags/example_xcom.py for tasks to queue
[2026-04-15T03:02:39.397+0000] {logging_mixin.py:188} INFO - [2026-04-15T03:02:39.397+0000] {dagbag.py:545} INFO - Filling up the DagBag from /home/airflow/.local/lib/python3.12/site-packages/airflow/example_dags/example_xcom.py
[2026-04-15T03:02:39.412+0000] {processor.py:840} INFO - DAG(s) 'example_xcom' retrieved from /home/airflow/.local/lib/python3.12/site-packages/airflow/example_dags/example_xcom.py
[2026-04-15T03:02:39.442+0000] {logging_mixin.py:188} INFO - [2026-04-15T03:02:39.441+0000] {dag.py:3089} INFO - Sync 1 DAGs
[2026-04-15T03:02:39.466+0000] {logging_mixin.py:188} INFO - [2026-04-15T03:02:39.465+0000] {dag.py:3947} INFO - Setting next_dagrun for example_xcom to 2021-01-01 00:00:00+00:00, run_after=2021-01-01 00:00:00+00:00
[2026-04-15T03:02:39.501+0000] {processor.py:183} INFO - Processing /home/airflow/.local/lib/python3.12/site-packages/airflow/example_dags/example_xcom.py took 0.118 seconds
[2026-04-15T03:03:10.195+0000] {processor.py:161} INFO - Started process (PID=1456) to work on /home/airflow/.local/lib/python3.12/site-packages/airflow/example_dags/example_xcom.py
[2026-04-15T03:03:10.211+0000] {processor.py:830} INFO - Processing file /home/airflow/.local/lib/python3.12/site-packages/airflow/example_dags/example_xcom.py for tasks to queue
[2026-04-15T03:03:10.221+0000] {logging_mixin.py:188} INFO - [2026-04-15T03:03:10.220+0000] {dagbag.py:545} INFO - Filling up the DagBag from /home/airflow/.local/lib/python3.12/site-packages/airflow/example_dags/example_xcom.py
[2026-04-15T03:03:10.261+0000] {processor.py:840} INFO - DAG(s) 'example_xcom' retrieved from /home/airflow/.local/lib/python3.12/site-packages/airflow/example_dags/example_xcom.py
[2026-04-15T03:03:10.301+0000] {logging_mixin.py:188} INFO - [2026-04-15T03:03:10.301+0000] {dag.py:3089} INFO - Sync 1 DAGs
[2026-04-15T03:03:10.353+0000] {logging_mixin.py:188} INFO - [2026-04-15T03:03:10.352+0000] {dag.py:3947} INFO - Setting next_dagrun for example_xcom to 2021-01-01 00:00:00+00:00, run_after=2021-01-01 00:00:00+00:00
[2026-04-15T03:03:10.415+0000] {processor.py:183} INFO - Processing /home/airflow/.local/lib/python3.12/site-packages/airflow/example_dags/example_xcom.py took 0.239 seconds
[2026-04-15T03:03:40.658+0000] {processor.py:161} INFO - Started process (PID=1517) to work on /home/airflow/.local/lib/python3.12/site-packages/airflow/example_dags/example_xcom.py
[2026-04-15T03:03:40.659+0000] {processor.py:830} INFO - Processing file /home/airflow/.local/lib/python3.12/site-packages/airflow/example_dags/example_xcom.py for tasks to queue
[2026-04-15T03:03:40.661+0000] {logging_mixin.py:188} INFO - [2026-04-15T03:03:40.660+0000] {dagbag.py:545} INFO - Filling up the DagBag from /home/airflow/.local/lib/python3.12/site-packages/airflow/example_dags/example_xcom.py
[2026-04-15T03:03:40.668+0000] {processor.py:840} INFO - DAG(s) 'example_xcom' retrieved from /home/airflow/.local/lib/python3.12/site-packages/airflow/example_dags/example_xcom.py
[2026-04-15T03:03:40.695+0000] {logging_mixin.py:188} INFO - [2026-04-15T03:03:40.695+0000] {dag.py:3089} INFO - Sync 1 DAGs
[2026-04-15T03:03:40.719+0000] {logging_mixin.py:188} INFO - [2026-04-15T03:03:40.719+0000] {dag.py:3947} INFO - Setting next_dagrun for example_xcom to 2021-01-01 00:00:00+00:00, run_after=2021-01-01 00:00:00+00:00
[2026-04-15T03:03:40.743+0000] {processor.py:183} INFO - Processing /home/airflow/.local/lib/python3.12/site-packages/airflow/example_dags/example_xcom.py took 0.094 seconds
[2026-04-15T03:04:10.888+0000] {processor.py:161} INFO - Started process (PID=1575) to work on /home/airflow/.local/lib/python3.12/site-packages/airflow/example_dags/example_xcom.py
[2026-04-15T03:04:10.889+0000] {processor.py:830} INFO - Processing file /home/airflow/.local/lib/python3.12/site-packages/airflow/example_dags/example_xcom.py for tasks to queue
[2026-04-15T03:04:10.891+0000] {logging_mixin.py:188} INFO - [2026-04-15T03:04:10.891+0000] {dagbag.py:545} INFO - Filling up the DagBag from /home/airflow/.local/lib/python3.12/site-packages/airflow/example_dags/example_xcom.py
[2026-04-15T03:04:10.901+0000] {processor.py:840} INFO - DAG(s) 'example_xcom' retrieved from /home/airflow/.local/lib/python3.12/site-packages/airflow/example_dags/example_xcom.py
[2026-04-15T03:04:10.936+0000] {logging_mixin.py:188} INFO - [2026-04-15T03:04:10.936+0000] {dag.py:3089} INFO - Sync 1 DAGs
[2026-04-15T03:04:10.963+0000] {logging_mixin.py:188} INFO - [2026-04-15T03:04:10.962+0000] {dag.py:3947} INFO - Setting next_dagrun for example_xcom to 2021-01-01 00:00:00+00:00, run_after=2021-01-01 00:00:00+00:00
[2026-04-15T03:04:10.995+0000] {processor.py:183} INFO - Processing /home/airflow/.local/lib/python3.12/site-packages/airflow/example_dags/example_xcom.py took 0.114 seconds
[2026-04-15T03:04:41.685+0000] {processor.py:161} INFO - Started process (PID=1633) to work on /home/airflow/.local/lib/python3.12/site-packages/airflow/example_dags/example_xcom.py
[2026-04-15T03:04:41.685+0000] {processor.py:830} INFO - Processing file /home/airflow/.local/lib/python3.12/site-packages/airflow/example_dags/example_xcom.py for tasks to queue
[2026-04-15T03:04:41.687+0000] {logging_mixin.py:188} INFO - [2026-04-15T03:04:41.687+0000] {dagbag.py:545} INFO - Filling up the DagBag from /home/airflow/.local/lib/python3.12/site-packages/airflow/example_dags/example_xcom.py
[2026-04-15T03:04:41.696+0000] {processor.py:840} INFO - DAG(s) 'example_xcom' retrieved from /home/airflow/.local/lib/python3.12/site-packages/airflow/example_dags/example_xcom.py
[2026-04-15T03:04:41.730+0000] {logging_mixin.py:188} INFO - [2026-04-15T03:04:41.729+0000] {dag.py:3089} INFO - Sync 1 DAGs
[2026-04-15T03:04:41.767+0000] {logging_mixin.py:188} INFO - [2026-04-15T03:04:41.766+0000] {dag.py:3947} INFO - Setting next_dagrun for example_xcom to 2021-01-01 00:00:00+00:00, run_after=2021-01-01 00:00:00+00:00
[2026-04-15T03:04:41.797+0000] {processor.py:183} INFO - Processing /home/airflow/.local/lib/python3.12/site-packages/airflow/example_dags/example_xcom.py took 0.119 seconds
[2026-04-15T03:05:13.218+0000] {processor.py:161} INFO - Started process (PID=1692) to work on /home/airflow/.local/lib/python3.12/site-packages/airflow/example_dags/example_xcom.py
[2026-04-15T03:05:13.232+0000] {processor.py:830} INFO - Processing file /home/airflow/.local/lib/python3.12/site-packages/airflow/example_dags/example_xcom.py for tasks to queue
[2026-04-15T03:05:13.242+0000] {logging_mixin.py:188} INFO - [2026-04-15T03:05:13.241+0000] {dagbag.py:545} INFO - Filling up the DagBag from /home/airflow/.local/lib/python3.12/site-packages/airflow/example_dags/example_xcom.py
[2026-04-15T03:05:13.261+0000] {processor.py:840} INFO - DAG(s) 'example_xcom' retrieved from /home/airflow/.local/lib/python3.12/site-packages/airflow/example_dags/example_xcom.py
[2026-04-15T03:05:13.313+0000] {logging_mixin.py:188} INFO - [2026-04-15T03:05:13.312+0000] {dag.py:3089} INFO - Sync 1 DAGs
[2026-04-15T03:05:13.354+0000] {logging_mixin.py:188} INFO - [2026-04-15T03:05:13.353+0000] {dag.py:3947} INFO - Setting next_dagrun for example_xcom to 2021-01-01 00:00:00+00:00, run_after=2021-01-01 00:00:00+00:00
[2026-04-15T03:05:13.621+0000] {processor.py:183} INFO - Processing /home/airflow/.local/lib/python3.12/site-packages/airflow/example_dags/example_xcom.py took 0.410 seconds
[2026-04-15T03:05:43.767+0000] {processor.py:161} INFO - Started process (PID=1754) to work on /home/airflow/.local/lib/python3.12/site-packages/airflow/example_dags/example_xcom.py
[2026-04-15T03:05:43.768+0000] {processor.py:830} INFO - Processing file /home/airflow/.local/lib/python3.12/site-packages/airflow/example_dags/example_xcom.py for tasks to queue
[2026-04-15T03:05:43.770+0000] {logging_mixin.py:188} INFO - [2026-04-15T03:05:43.770+0000] {dagbag.py:545} INFO - Filling up the DagBag from /home/airflow/.local/lib/python3.12/site-packages/airflow/example_dags/example_xcom.py
[2026-04-15T03:05:43.777+0000] {processor.py:840} INFO - DAG(s) 'example_xcom' retrieved from /home/airflow/.local/lib/python3.12/site-packages/airflow/example_dags/example_xcom.py
[2026-04-15T03:05:43.803+0000] {logging_mixin.py:188} INFO - [2026-04-15T03:05:43.803+0000] {dag.py:3089} INFO - Sync 1 DAGs
[2026-04-15T03:05:43.829+0000] {logging_mixin.py:188} INFO - [2026-04-15T03:05:43.829+0000] {dag.py:3947} INFO - Setting next_dagrun for example_xcom to 2021-01-01 00:00:00+00:00, run_after=2021-01-01 00:00:00+00:00
[2026-04-15T03:05:43.852+0000] {processor.py:183} INFO - Processing /home/airflow/.local/lib/python3.12/site-packages/airflow/example_dags/example_xcom.py took 0.091 seconds
[2026-04-15T03:06:14.504+0000] {processor.py:161} INFO - Started process (PID=1813) to work on /home/airflow/.local/lib/python3.12/site-packages/airflow/example_dags/example_xcom.py
[2026-04-15T03:06:14.505+0000] {processor.py:830} INFO - Processing file /home/airflow/.local/lib/python3.12/site-packages/airflow/example_dags/example_xcom.py for tasks to queue
[2026-04-15T03:06:14.510+0000] {logging_mixin.py:188} INFO - [2026-04-15T03:06:14.509+0000] {dagbag.py:545} INFO - Filling up the DagBag from /home/airflow/.local/lib/python3.12/site-packages/airflow/example_dags/example_xcom.py
[2026-04-15T03:06:14.527+0000] {processor.py:840} INFO - DAG(s) 'example_xcom' retrieved from /home/airflow/.local/lib/python3.12/site-packages/airflow/example_dags/example_xcom.py
[2026-04-15T03:06:14.586+0000] {logging_mixin.py:188} INFO - [2026-04-15T03:06:14.586+0000] {dag.py:3089} INFO - Sync 1 DAGs
[2026-04-15T03:06:14.628+0000] {logging_mixin.py:188} INFO - [2026-04-15T03:06:14.628+0000] {dag.py:3947} INFO - Setting next_dagrun for example_xcom to 2021-01-01 00:00:00+00:00, run_after=2021-01-01 00:00:00+00:00
[2026-04-15T03:06:14.670+0000] {processor.py:183} INFO - Processing /home/airflow/.local/lib/python3.12/site-packages/airflow/example_dags/example_xcom.py took 0.180 seconds
