[2026-04-15T02:05:21.365+0000] {processor.py:161} INFO - Started process (PID=95) to work on /home/airflow/.local/lib/python3.12/site-packages/airflow/example_dags/example_bash_decorator.py
[2026-04-15T02:05:21.368+0000] {processor.py:830} INFO - Processing file /home/airflow/.local/lib/python3.12/site-packages/airflow/example_dags/example_bash_decorator.py for tasks to queue
[2026-04-15T02:05:21.374+0000] {logging_mixin.py:188} INFO - [2026-04-15T02:05:21.372+0000] {dagbag.py:545} INFO - Filling up the DagBag from /home/airflow/.local/lib/python3.12/site-packages/airflow/example_dags/example_bash_decorator.py
[2026-04-15T02:05:21.426+0000] {processor.py:840} INFO - DAG(s) 'example_bash_decorator' retrieved from /home/airflow/.local/lib/python3.12/site-packages/airflow/example_dags/example_bash_decorator.py
[2026-04-15T02:05:21.736+0000] {logging_mixin.py:188} INFO - [2026-04-15T02:05:21.736+0000] {dag.py:3089} INFO - Sync 1 DAGs
[2026-04-15T02:05:21.771+0000] {logging_mixin.py:188} INFO - [2026-04-15T02:05:21.771+0000] {dag.py:3947} INFO - Setting next_dagrun for example_bash_decorator to None, run_after=None
[2026-04-15T02:05:21.882+0000] {processor.py:183} INFO - Processing /home/airflow/.local/lib/python3.12/site-packages/airflow/example_dags/example_bash_decorator.py took 0.559 seconds
[2026-04-15T02:05:52.979+0000] {processor.py:161} INFO - Started process (PID=160) to work on /home/airflow/.local/lib/python3.12/site-packages/airflow/example_dags/example_bash_decorator.py
[2026-04-15T02:05:52.986+0000] {processor.py:830} INFO - Processing file /home/airflow/.local/lib/python3.12/site-packages/airflow/example_dags/example_bash_decorator.py for tasks to queue
[2026-04-15T02:05:52.996+0000] {logging_mixin.py:188} INFO - [2026-04-15T02:05:52.994+0000] {dagbag.py:545} INFO - Filling up the DagBag from /home/airflow/.local/lib/python3.12/site-packages/airflow/example_dags/example_bash_decorator.py
[2026-04-15T02:05:53.037+0000] {processor.py:840} INFO - DAG(s) 'example_bash_decorator' retrieved from /home/airflow/.local/lib/python3.12/site-packages/airflow/example_dags/example_bash_decorator.py
[2026-04-15T02:05:53.182+0000] {logging_mixin.py:188} INFO - [2026-04-15T02:05:53.181+0000] {dag.py:3089} INFO - Sync 1 DAGs
[2026-04-15T02:05:53.229+0000] {logging_mixin.py:188} INFO - [2026-04-15T02:05:53.227+0000] {dag.py:3947} INFO - Setting next_dagrun for example_bash_decorator to None, run_after=None
[2026-04-15T02:05:53.309+0000] {processor.py:183} INFO - Processing /home/airflow/.local/lib/python3.12/site-packages/airflow/example_dags/example_bash_decorator.py took 0.353 seconds
[2026-04-15T02:06:23.673+0000] {processor.py:161} INFO - Started process (PID=219) to work on /home/airflow/.local/lib/python3.12/site-packages/airflow/example_dags/example_bash_decorator.py
[2026-04-15T02:06:23.676+0000] {processor.py:830} INFO - Processing file /home/airflow/.local/lib/python3.12/site-packages/airflow/example_dags/example_bash_decorator.py for tasks to queue
[2026-04-15T02:06:23.681+0000] {logging_mixin.py:188} INFO - [2026-04-15T02:06:23.681+0000] {dagbag.py:545} INFO - Filling up the DagBag from /home/airflow/.local/lib/python3.12/site-packages/airflow/example_dags/example_bash_decorator.py
[2026-04-15T02:06:23.722+0000] {processor.py:840} INFO - DAG(s) 'example_bash_decorator' retrieved from /home/airflow/.local/lib/python3.12/site-packages/airflow/example_dags/example_bash_decorator.py
[2026-04-15T02:06:23.788+0000] {logging_mixin.py:188} INFO - [2026-04-15T02:06:23.787+0000] {dag.py:3089} INFO - Sync 1 DAGs
[2026-04-15T02:06:23.818+0000] {logging_mixin.py:188} INFO - [2026-04-15T02:06:23.817+0000] {dag.py:3947} INFO - Setting next_dagrun for example_bash_decorator to None, run_after=None
[2026-04-15T02:06:23.871+0000] {processor.py:183} INFO - Processing /home/airflow/.local/lib/python3.12/site-packages/airflow/example_dags/example_bash_decorator.py took 0.214 seconds
[2026-04-15T02:06:54.570+0000] {processor.py:161} INFO - Started process (PID=278) to work on /home/airflow/.local/lib/python3.12/site-packages/airflow/example_dags/example_bash_decorator.py
[2026-04-15T02:06:54.575+0000] {processor.py:830} INFO - Processing file /home/airflow/.local/lib/python3.12/site-packages/airflow/example_dags/example_bash_decorator.py for tasks to queue
[2026-04-15T02:06:54.581+0000] {logging_mixin.py:188} INFO - [2026-04-15T02:06:54.580+0000] {dagbag.py:545} INFO - Filling up the DagBag from /home/airflow/.local/lib/python3.12/site-packages/airflow/example_dags/example_bash_decorator.py
[2026-04-15T02:06:54.656+0000] {processor.py:840} INFO - DAG(s) 'example_bash_decorator' retrieved from /home/airflow/.local/lib/python3.12/site-packages/airflow/example_dags/example_bash_decorator.py
[2026-04-15T02:06:54.736+0000] {logging_mixin.py:188} INFO - [2026-04-15T02:06:54.735+0000] {dag.py:3089} INFO - Sync 1 DAGs
[2026-04-15T02:06:54.770+0000] {logging_mixin.py:188} INFO - [2026-04-15T02:06:54.769+0000] {dag.py:3947} INFO - Setting next_dagrun for example_bash_decorator to None, run_after=None
[2026-04-15T02:06:54.822+0000] {processor.py:183} INFO - Processing /home/airflow/.local/lib/python3.12/site-packages/airflow/example_dags/example_bash_decorator.py took 0.265 seconds
[2026-04-15T02:07:25.043+0000] {processor.py:161} INFO - Started process (PID=336) to work on /home/airflow/.local/lib/python3.12/site-packages/airflow/example_dags/example_bash_decorator.py
[2026-04-15T02:07:25.047+0000] {processor.py:830} INFO - Processing file /home/airflow/.local/lib/python3.12/site-packages/airflow/example_dags/example_bash_decorator.py for tasks to queue
[2026-04-15T02:07:25.055+0000] {logging_mixin.py:188} INFO - [2026-04-15T02:07:25.054+0000] {dagbag.py:545} INFO - Filling up the DagBag from /home/airflow/.local/lib/python3.12/site-packages/airflow/example_dags/example_bash_decorator.py
[2026-04-15T02:07:25.101+0000] {processor.py:840} INFO - DAG(s) 'example_bash_decorator' retrieved from /home/airflow/.local/lib/python3.12/site-packages/airflow/example_dags/example_bash_decorator.py
[2026-04-15T02:07:25.206+0000] {logging_mixin.py:188} INFO - [2026-04-15T02:07:25.206+0000] {dag.py:3089} INFO - Sync 1 DAGs
[2026-04-15T02:07:25.244+0000] {logging_mixin.py:188} INFO - [2026-04-15T02:07:25.244+0000] {dag.py:3947} INFO - Setting next_dagrun for example_bash_decorator to None, run_after=None
[2026-04-15T02:07:25.302+0000] {processor.py:183} INFO - Processing /home/airflow/.local/lib/python3.12/site-packages/airflow/example_dags/example_bash_decorator.py took 0.285 seconds
[2026-04-15T02:07:55.541+0000] {processor.py:161} INFO - Started process (PID=396) to work on /home/airflow/.local/lib/python3.12/site-packages/airflow/example_dags/example_bash_decorator.py
[2026-04-15T02:07:55.543+0000] {processor.py:830} INFO - Processing file /home/airflow/.local/lib/python3.12/site-packages/airflow/example_dags/example_bash_decorator.py for tasks to queue
[2026-04-15T02:07:55.548+0000] {logging_mixin.py:188} INFO - [2026-04-15T02:07:55.547+0000] {dagbag.py:545} INFO - Filling up the DagBag from /home/airflow/.local/lib/python3.12/site-packages/airflow/example_dags/example_bash_decorator.py
[2026-04-15T02:07:55.581+0000] {processor.py:840} INFO - DAG(s) 'example_bash_decorator' retrieved from /home/airflow/.local/lib/python3.12/site-packages/airflow/example_dags/example_bash_decorator.py
[2026-04-15T02:07:55.655+0000] {logging_mixin.py:188} INFO - [2026-04-15T02:07:55.655+0000] {dag.py:3089} INFO - Sync 1 DAGs
[2026-04-15T02:07:55.685+0000] {logging_mixin.py:188} INFO - [2026-04-15T02:07:55.684+0000] {dag.py:3947} INFO - Setting next_dagrun for example_bash_decorator to None, run_after=None
[2026-04-15T02:07:55.741+0000] {processor.py:183} INFO - Processing /home/airflow/.local/lib/python3.12/site-packages/airflow/example_dags/example_bash_decorator.py took 0.217 seconds
[2026-04-15T02:08:26.326+0000] {processor.py:161} INFO - Started process (PID=455) to work on /home/airflow/.local/lib/python3.12/site-packages/airflow/example_dags/example_bash_decorator.py
[2026-04-15T02:08:26.330+0000] {processor.py:830} INFO - Processing file /home/airflow/.local/lib/python3.12/site-packages/airflow/example_dags/example_bash_decorator.py for tasks to queue
[2026-04-15T02:08:26.336+0000] {logging_mixin.py:188} INFO - [2026-04-15T02:08:26.335+0000] {dagbag.py:545} INFO - Filling up the DagBag from /home/airflow/.local/lib/python3.12/site-packages/airflow/example_dags/example_bash_decorator.py
[2026-04-15T02:08:26.352+0000] {processor.py:840} INFO - DAG(s) 'example_bash_decorator' retrieved from /home/airflow/.local/lib/python3.12/site-packages/airflow/example_dags/example_bash_decorator.py
[2026-04-15T02:08:26.444+0000] {logging_mixin.py:188} INFO - [2026-04-15T02:08:26.442+0000] {dag.py:3089} INFO - Sync 1 DAGs
[2026-04-15T02:08:26.473+0000] {logging_mixin.py:188} INFO - [2026-04-15T02:08:26.473+0000] {dag.py:3947} INFO - Setting next_dagrun for example_bash_decorator to None, run_after=None
[2026-04-15T02:08:26.520+0000] {processor.py:183} INFO - Processing /home/airflow/.local/lib/python3.12/site-packages/airflow/example_dags/example_bash_decorator.py took 0.203 seconds
[2026-04-15T02:08:56.928+0000] {processor.py:161} INFO - Started process (PID=513) to work on /home/airflow/.local/lib/python3.12/site-packages/airflow/example_dags/example_bash_decorator.py
[2026-04-15T02:08:56.934+0000] {processor.py:830} INFO - Processing file /home/airflow/.local/lib/python3.12/site-packages/airflow/example_dags/example_bash_decorator.py for tasks to queue
[2026-04-15T02:08:56.941+0000] {logging_mixin.py:188} INFO - [2026-04-15T02:08:56.941+0000] {dagbag.py:545} INFO - Filling up the DagBag from /home/airflow/.local/lib/python3.12/site-packages/airflow/example_dags/example_bash_decorator.py
[2026-04-15T02:08:56.991+0000] {processor.py:840} INFO - DAG(s) 'example_bash_decorator' retrieved from /home/airflow/.local/lib/python3.12/site-packages/airflow/example_dags/example_bash_decorator.py
[2026-04-15T02:08:57.085+0000] {logging_mixin.py:188} INFO - [2026-04-15T02:08:57.085+0000] {dag.py:3089} INFO - Sync 1 DAGs
[2026-04-15T02:08:57.133+0000] {logging_mixin.py:188} INFO - [2026-04-15T02:08:57.133+0000] {dag.py:3947} INFO - Setting next_dagrun for example_bash_decorator to None, run_after=None
[2026-04-15T02:08:57.185+0000] {processor.py:183} INFO - Processing /home/airflow/.local/lib/python3.12/site-packages/airflow/example_dags/example_bash_decorator.py took 0.272 seconds
[2026-04-15T02:09:27.631+0000] {processor.py:161} INFO - Started process (PID=572) to work on /home/airflow/.local/lib/python3.12/site-packages/airflow/example_dags/example_bash_decorator.py
[2026-04-15T02:09:27.633+0000] {processor.py:830} INFO - Processing file /home/airflow/.local/lib/python3.12/site-packages/airflow/example_dags/example_bash_decorator.py for tasks to queue
[2026-04-15T02:09:27.639+0000] {logging_mixin.py:188} INFO - [2026-04-15T02:09:27.638+0000] {dagbag.py:545} INFO - Filling up the DagBag from /home/airflow/.local/lib/python3.12/site-packages/airflow/example_dags/example_bash_decorator.py
[2026-04-15T02:09:27.677+0000] {processor.py:840} INFO - DAG(s) 'example_bash_decorator' retrieved from /home/airflow/.local/lib/python3.12/site-packages/airflow/example_dags/example_bash_decorator.py
[2026-04-15T02:09:27.736+0000] {logging_mixin.py:188} INFO - [2026-04-15T02:09:27.735+0000] {dag.py:3089} INFO - Sync 1 DAGs
[2026-04-15T02:09:27.759+0000] {logging_mixin.py:188} INFO - [2026-04-15T02:09:27.758+0000] {dag.py:3947} INFO - Setting next_dagrun for example_bash_decorator to None, run_after=None
[2026-04-15T02:09:27.809+0000] {processor.py:183} INFO - Processing /home/airflow/.local/lib/python3.12/site-packages/airflow/example_dags/example_bash_decorator.py took 0.193 seconds
[2026-04-15T02:09:58.052+0000] {processor.py:161} INFO - Started process (PID=631) to work on /home/airflow/.local/lib/python3.12/site-packages/airflow/example_dags/example_bash_decorator.py
[2026-04-15T02:09:58.061+0000] {processor.py:830} INFO - Processing file /home/airflow/.local/lib/python3.12/site-packages/airflow/example_dags/example_bash_decorator.py for tasks to queue
[2026-04-15T02:09:58.067+0000] {logging_mixin.py:188} INFO - [2026-04-15T02:09:58.065+0000] {dagbag.py:545} INFO - Filling up the DagBag from /home/airflow/.local/lib/python3.12/site-packages/airflow/example_dags/example_bash_decorator.py
[2026-04-15T02:09:58.095+0000] {processor.py:840} INFO - DAG(s) 'example_bash_decorator' retrieved from /home/airflow/.local/lib/python3.12/site-packages/airflow/example_dags/example_bash_decorator.py
[2026-04-15T02:09:58.147+0000] {logging_mixin.py:188} INFO - [2026-04-15T02:09:58.147+0000] {dag.py:3089} INFO - Sync 1 DAGs
[2026-04-15T02:09:58.167+0000] {logging_mixin.py:188} INFO - [2026-04-15T02:09:58.167+0000] {dag.py:3947} INFO - Setting next_dagrun for example_bash_decorator to None, run_after=None
[2026-04-15T02:09:58.197+0000] {processor.py:183} INFO - Processing /home/airflow/.local/lib/python3.12/site-packages/airflow/example_dags/example_bash_decorator.py took 0.176 seconds
[2026-04-15T02:10:29.029+0000] {processor.py:161} INFO - Started process (PID=690) to work on /home/airflow/.local/lib/python3.12/site-packages/airflow/example_dags/example_bash_decorator.py
[2026-04-15T02:10:29.031+0000] {processor.py:830} INFO - Processing file /home/airflow/.local/lib/python3.12/site-packages/airflow/example_dags/example_bash_decorator.py for tasks to queue
[2026-04-15T02:10:29.034+0000] {logging_mixin.py:188} INFO - [2026-04-15T02:10:29.033+0000] {dagbag.py:545} INFO - Filling up the DagBag from /home/airflow/.local/lib/python3.12/site-packages/airflow/example_dags/example_bash_decorator.py
[2026-04-15T02:10:29.056+0000] {processor.py:840} INFO - DAG(s) 'example_bash_decorator' retrieved from /home/airflow/.local/lib/python3.12/site-packages/airflow/example_dags/example_bash_decorator.py
[2026-04-15T02:10:29.097+0000] {logging_mixin.py:188} INFO - [2026-04-15T02:10:29.097+0000] {dag.py:3089} INFO - Sync 1 DAGs
[2026-04-15T02:10:29.117+0000] {logging_mixin.py:188} INFO - [2026-04-15T02:10:29.116+0000] {dag.py:3947} INFO - Setting next_dagrun for example_bash_decorator to None, run_after=None
[2026-04-15T02:10:29.155+0000] {processor.py:183} INFO - Processing /home/airflow/.local/lib/python3.12/site-packages/airflow/example_dags/example_bash_decorator.py took 0.134 seconds
[2026-04-15T02:10:59.671+0000] {processor.py:161} INFO - Started process (PID=748) to work on /home/airflow/.local/lib/python3.12/site-packages/airflow/example_dags/example_bash_decorator.py
[2026-04-15T02:10:59.672+0000] {processor.py:830} INFO - Processing file /home/airflow/.local/lib/python3.12/site-packages/airflow/example_dags/example_bash_decorator.py for tasks to queue
[2026-04-15T02:10:59.677+0000] {logging_mixin.py:188} INFO - [2026-04-15T02:10:59.675+0000] {dagbag.py:545} INFO - Filling up the DagBag from /home/airflow/.local/lib/python3.12/site-packages/airflow/example_dags/example_bash_decorator.py
[2026-04-15T02:10:59.713+0000] {processor.py:840} INFO - DAG(s) 'example_bash_decorator' retrieved from /home/airflow/.local/lib/python3.12/site-packages/airflow/example_dags/example_bash_decorator.py
[2026-04-15T02:10:59.832+0000] {logging_mixin.py:188} INFO - [2026-04-15T02:10:59.831+0000] {dag.py:3089} INFO - Sync 1 DAGs
[2026-04-15T02:10:59.901+0000] {logging_mixin.py:188} INFO - [2026-04-15T02:10:59.900+0000] {dag.py:3947} INFO - Setting next_dagrun for example_bash_decorator to None, run_after=None
[2026-04-15T02:10:59.995+0000] {processor.py:183} INFO - Processing /home/airflow/.local/lib/python3.12/site-packages/airflow/example_dags/example_bash_decorator.py took 0.340 seconds
[2026-04-15T02:11:30.473+0000] {processor.py:161} INFO - Started process (PID=807) to work on /home/airflow/.local/lib/python3.12/site-packages/airflow/example_dags/example_bash_decorator.py
[2026-04-15T02:11:30.477+0000] {processor.py:830} INFO - Processing file /home/airflow/.local/lib/python3.12/site-packages/airflow/example_dags/example_bash_decorator.py for tasks to queue
[2026-04-15T02:11:30.486+0000] {logging_mixin.py:188} INFO - [2026-04-15T02:11:30.484+0000] {dagbag.py:545} INFO - Filling up the DagBag from /home/airflow/.local/lib/python3.12/site-packages/airflow/example_dags/example_bash_decorator.py
[2026-04-15T02:11:30.542+0000] {processor.py:840} INFO - DAG(s) 'example_bash_decorator' retrieved from /home/airflow/.local/lib/python3.12/site-packages/airflow/example_dags/example_bash_decorator.py
[2026-04-15T02:11:30.634+0000] {logging_mixin.py:188} INFO - [2026-04-15T02:11:30.633+0000] {dag.py:3089} INFO - Sync 1 DAGs
[2026-04-15T02:11:30.670+0000] {logging_mixin.py:188} INFO - [2026-04-15T02:11:30.669+0000] {dag.py:3947} INFO - Setting next_dagrun for example_bash_decorator to None, run_after=None
[2026-04-15T02:11:30.722+0000] {processor.py:183} INFO - Processing /home/airflow/.local/lib/python3.12/site-packages/airflow/example_dags/example_bash_decorator.py took 0.264 seconds
[2026-04-15T02:12:01.026+0000] {processor.py:161} INFO - Started process (PID=866) to work on /home/airflow/.local/lib/python3.12/site-packages/airflow/example_dags/example_bash_decorator.py
[2026-04-15T02:12:01.029+0000] {processor.py:830} INFO - Processing file /home/airflow/.local/lib/python3.12/site-packages/airflow/example_dags/example_bash_decorator.py for tasks to queue
[2026-04-15T02:12:01.062+0000] {logging_mixin.py:188} INFO - [2026-04-15T02:12:01.059+0000] {dagbag.py:545} INFO - Filling up the DagBag from /home/airflow/.local/lib/python3.12/site-packages/airflow/example_dags/example_bash_decorator.py
[2026-04-15T02:12:01.228+0000] {processor.py:840} INFO - DAG(s) 'example_bash_decorator' retrieved from /home/airflow/.local/lib/python3.12/site-packages/airflow/example_dags/example_bash_decorator.py
[2026-04-15T02:12:01.414+0000] {logging_mixin.py:188} INFO - [2026-04-15T02:12:01.411+0000] {dag.py:3089} INFO - Sync 1 DAGs
[2026-04-15T02:12:01.609+0000] {logging_mixin.py:188} INFO - [2026-04-15T02:12:01.609+0000] {dag.py:3947} INFO - Setting next_dagrun for example_bash_decorator to None, run_after=None
[2026-04-15T02:12:01.820+0000] {processor.py:183} INFO - Processing /home/airflow/.local/lib/python3.12/site-packages/airflow/example_dags/example_bash_decorator.py took 0.848 seconds
[2026-04-15T02:12:32.197+0000] {processor.py:161} INFO - Started process (PID=926) to work on /home/airflow/.local/lib/python3.12/site-packages/airflow/example_dags/example_bash_decorator.py
[2026-04-15T02:12:32.201+0000] {processor.py:830} INFO - Processing file /home/airflow/.local/lib/python3.12/site-packages/airflow/example_dags/example_bash_decorator.py for tasks to queue
[2026-04-15T02:12:32.215+0000] {logging_mixin.py:188} INFO - [2026-04-15T02:12:32.213+0000] {dagbag.py:545} INFO - Filling up the DagBag from /home/airflow/.local/lib/python3.12/site-packages/airflow/example_dags/example_bash_decorator.py
[2026-04-15T02:12:32.266+0000] {processor.py:840} INFO - DAG(s) 'example_bash_decorator' retrieved from /home/airflow/.local/lib/python3.12/site-packages/airflow/example_dags/example_bash_decorator.py
[2026-04-15T02:12:32.370+0000] {logging_mixin.py:188} INFO - [2026-04-15T02:12:32.370+0000] {dag.py:3089} INFO - Sync 1 DAGs
[2026-04-15T02:12:32.423+0000] {logging_mixin.py:188} INFO - [2026-04-15T02:12:32.422+0000] {dag.py:3947} INFO - Setting next_dagrun for example_bash_decorator to None, run_after=None
[2026-04-15T02:12:32.483+0000] {processor.py:183} INFO - Processing /home/airflow/.local/lib/python3.12/site-packages/airflow/example_dags/example_bash_decorator.py took 0.326 seconds
[2026-04-15T02:13:03.032+0000] {processor.py:161} INFO - Started process (PID=985) to work on /home/airflow/.local/lib/python3.12/site-packages/airflow/example_dags/example_bash_decorator.py
[2026-04-15T02:13:03.038+0000] {processor.py:830} INFO - Processing file /home/airflow/.local/lib/python3.12/site-packages/airflow/example_dags/example_bash_decorator.py for tasks to queue
[2026-04-15T02:13:03.049+0000] {logging_mixin.py:188} INFO - [2026-04-15T02:13:03.048+0000] {dagbag.py:545} INFO - Filling up the DagBag from /home/airflow/.local/lib/python3.12/site-packages/airflow/example_dags/example_bash_decorator.py
[2026-04-15T02:13:03.123+0000] {processor.py:840} INFO - DAG(s) 'example_bash_decorator' retrieved from /home/airflow/.local/lib/python3.12/site-packages/airflow/example_dags/example_bash_decorator.py
[2026-04-15T02:13:03.421+0000] {logging_mixin.py:188} INFO - [2026-04-15T02:13:03.421+0000] {dag.py:3089} INFO - Sync 1 DAGs
[2026-04-15T02:13:03.468+0000] {logging_mixin.py:188} INFO - [2026-04-15T02:13:03.467+0000] {dag.py:3947} INFO - Setting next_dagrun for example_bash_decorator to None, run_after=None
[2026-04-15T02:13:03.531+0000] {processor.py:183} INFO - Processing /home/airflow/.local/lib/python3.12/site-packages/airflow/example_dags/example_bash_decorator.py took 0.520 seconds
[2026-04-15T02:13:33.778+0000] {processor.py:161} INFO - Started process (PID=1043) to work on /home/airflow/.local/lib/python3.12/site-packages/airflow/example_dags/example_bash_decorator.py
[2026-04-15T02:13:33.790+0000] {processor.py:830} INFO - Processing file /home/airflow/.local/lib/python3.12/site-packages/airflow/example_dags/example_bash_decorator.py for tasks to queue
[2026-04-15T02:13:33.797+0000] {logging_mixin.py:188} INFO - [2026-04-15T02:13:33.796+0000] {dagbag.py:545} INFO - Filling up the DagBag from /home/airflow/.local/lib/python3.12/site-packages/airflow/example_dags/example_bash_decorator.py
[2026-04-15T02:13:33.818+0000] {processor.py:840} INFO - DAG(s) 'example_bash_decorator' retrieved from /home/airflow/.local/lib/python3.12/site-packages/airflow/example_dags/example_bash_decorator.py
[2026-04-15T02:13:33.877+0000] {logging_mixin.py:188} INFO - [2026-04-15T02:13:33.876+0000] {dag.py:3089} INFO - Sync 1 DAGs
[2026-04-15T02:13:33.898+0000] {logging_mixin.py:188} INFO - [2026-04-15T02:13:33.898+0000] {dag.py:3947} INFO - Setting next_dagrun for example_bash_decorator to None, run_after=None
[2026-04-15T02:13:33.935+0000] {processor.py:183} INFO - Processing /home/airflow/.local/lib/python3.12/site-packages/airflow/example_dags/example_bash_decorator.py took 0.177 seconds
[2026-04-15T02:14:04.695+0000] {processor.py:161} INFO - Started process (PID=1101) to work on /home/airflow/.local/lib/python3.12/site-packages/airflow/example_dags/example_bash_decorator.py
[2026-04-15T02:14:04.708+0000] {processor.py:830} INFO - Processing file /home/airflow/.local/lib/python3.12/site-packages/airflow/example_dags/example_bash_decorator.py for tasks to queue
[2026-04-15T02:14:04.712+0000] {logging_mixin.py:188} INFO - [2026-04-15T02:14:04.711+0000] {dagbag.py:545} INFO - Filling up the DagBag from /home/airflow/.local/lib/python3.12/site-packages/airflow/example_dags/example_bash_decorator.py
[2026-04-15T02:14:04.765+0000] {processor.py:840} INFO - DAG(s) 'example_bash_decorator' retrieved from /home/airflow/.local/lib/python3.12/site-packages/airflow/example_dags/example_bash_decorator.py
[2026-04-15T02:14:04.852+0000] {logging_mixin.py:188} INFO - [2026-04-15T02:14:04.851+0000] {dag.py:3089} INFO - Sync 1 DAGs
[2026-04-15T02:14:04.889+0000] {logging_mixin.py:188} INFO - [2026-04-15T02:14:04.889+0000] {dag.py:3947} INFO - Setting next_dagrun for example_bash_decorator to None, run_after=None
[2026-04-15T02:14:04.964+0000] {processor.py:183} INFO - Processing /home/airflow/.local/lib/python3.12/site-packages/airflow/example_dags/example_bash_decorator.py took 0.289 seconds
[2026-04-15T02:14:35.327+0000] {processor.py:161} INFO - Started process (PID=1160) to work on /home/airflow/.local/lib/python3.12/site-packages/airflow/example_dags/example_bash_decorator.py
[2026-04-15T02:14:35.330+0000] {processor.py:830} INFO - Processing file /home/airflow/.local/lib/python3.12/site-packages/airflow/example_dags/example_bash_decorator.py for tasks to queue
[2026-04-15T02:14:35.337+0000] {logging_mixin.py:188} INFO - [2026-04-15T02:14:35.337+0000] {dagbag.py:545} INFO - Filling up the DagBag from /home/airflow/.local/lib/python3.12/site-packages/airflow/example_dags/example_bash_decorator.py
[2026-04-15T02:14:35.369+0000] {processor.py:840} INFO - DAG(s) 'example_bash_decorator' retrieved from /home/airflow/.local/lib/python3.12/site-packages/airflow/example_dags/example_bash_decorator.py
[2026-04-15T02:14:35.468+0000] {logging_mixin.py:188} INFO - [2026-04-15T02:14:35.467+0000] {dag.py:3089} INFO - Sync 1 DAGs
[2026-04-15T02:14:35.529+0000] {logging_mixin.py:188} INFO - [2026-04-15T02:14:35.529+0000] {dag.py:3947} INFO - Setting next_dagrun for example_bash_decorator to None, run_after=None
[2026-04-15T02:14:35.605+0000] {processor.py:183} INFO - Processing /home/airflow/.local/lib/python3.12/site-packages/airflow/example_dags/example_bash_decorator.py took 0.295 seconds
[2026-04-15T02:15:06.351+0000] {processor.py:161} INFO - Started process (PID=1219) to work on /home/airflow/.local/lib/python3.12/site-packages/airflow/example_dags/example_bash_decorator.py
[2026-04-15T02:15:06.354+0000] {processor.py:830} INFO - Processing file /home/airflow/.local/lib/python3.12/site-packages/airflow/example_dags/example_bash_decorator.py for tasks to queue
[2026-04-15T02:15:06.365+0000] {logging_mixin.py:188} INFO - [2026-04-15T02:15:06.364+0000] {dagbag.py:545} INFO - Filling up the DagBag from /home/airflow/.local/lib/python3.12/site-packages/airflow/example_dags/example_bash_decorator.py
[2026-04-15T02:15:06.426+0000] {processor.py:840} INFO - DAG(s) 'example_bash_decorator' retrieved from /home/airflow/.local/lib/python3.12/site-packages/airflow/example_dags/example_bash_decorator.py
[2026-04-15T02:15:06.514+0000] {logging_mixin.py:188} INFO - [2026-04-15T02:15:06.513+0000] {dag.py:3089} INFO - Sync 1 DAGs
[2026-04-15T02:15:06.567+0000] {logging_mixin.py:188} INFO - [2026-04-15T02:15:06.567+0000] {dag.py:3947} INFO - Setting next_dagrun for example_bash_decorator to None, run_after=None
[2026-04-15T02:15:06.643+0000] {processor.py:183} INFO - Processing /home/airflow/.local/lib/python3.12/site-packages/airflow/example_dags/example_bash_decorator.py took 0.309 seconds
[2026-04-15T02:15:37.661+0000] {processor.py:161} INFO - Started process (PID=1278) to work on /home/airflow/.local/lib/python3.12/site-packages/airflow/example_dags/example_bash_decorator.py
[2026-04-15T02:15:37.663+0000] {processor.py:830} INFO - Processing file /home/airflow/.local/lib/python3.12/site-packages/airflow/example_dags/example_bash_decorator.py for tasks to queue
[2026-04-15T02:15:37.670+0000] {logging_mixin.py:188} INFO - [2026-04-15T02:15:37.668+0000] {dagbag.py:545} INFO - Filling up the DagBag from /home/airflow/.local/lib/python3.12/site-packages/airflow/example_dags/example_bash_decorator.py
[2026-04-15T02:15:37.722+0000] {processor.py:840} INFO - DAG(s) 'example_bash_decorator' retrieved from /home/airflow/.local/lib/python3.12/site-packages/airflow/example_dags/example_bash_decorator.py
[2026-04-15T02:15:37.850+0000] {logging_mixin.py:188} INFO - [2026-04-15T02:15:37.850+0000] {dag.py:3089} INFO - Sync 1 DAGs
[2026-04-15T02:15:37.958+0000] {logging_mixin.py:188} INFO - [2026-04-15T02:15:37.957+0000] {dag.py:3947} INFO - Setting next_dagrun for example_bash_decorator to None, run_after=None
[2026-04-15T02:15:38.081+0000] {processor.py:183} INFO - Processing /home/airflow/.local/lib/python3.12/site-packages/airflow/example_dags/example_bash_decorator.py took 0.460 seconds
[2026-04-15T02:16:08.609+0000] {processor.py:161} INFO - Started process (PID=1336) to work on /home/airflow/.local/lib/python3.12/site-packages/airflow/example_dags/example_bash_decorator.py
[2026-04-15T02:16:08.611+0000] {processor.py:830} INFO - Processing file /home/airflow/.local/lib/python3.12/site-packages/airflow/example_dags/example_bash_decorator.py for tasks to queue
[2026-04-15T02:16:08.621+0000] {logging_mixin.py:188} INFO - [2026-04-15T02:16:08.620+0000] {dagbag.py:545} INFO - Filling up the DagBag from /home/airflow/.local/lib/python3.12/site-packages/airflow/example_dags/example_bash_decorator.py
[2026-04-15T02:16:08.669+0000] {processor.py:840} INFO - DAG(s) 'example_bash_decorator' retrieved from /home/airflow/.local/lib/python3.12/site-packages/airflow/example_dags/example_bash_decorator.py
[2026-04-15T02:16:08.749+0000] {logging_mixin.py:188} INFO - [2026-04-15T02:16:08.749+0000] {dag.py:3089} INFO - Sync 1 DAGs
[2026-04-15T02:16:08.785+0000] {logging_mixin.py:188} INFO - [2026-04-15T02:16:08.784+0000] {dag.py:3947} INFO - Setting next_dagrun for example_bash_decorator to None, run_after=None
[2026-04-15T02:16:08.836+0000] {processor.py:183} INFO - Processing /home/airflow/.local/lib/python3.12/site-packages/airflow/example_dags/example_bash_decorator.py took 0.265 seconds
[2026-04-15T02:16:39.479+0000] {processor.py:161} INFO - Started process (PID=1395) to work on /home/airflow/.local/lib/python3.12/site-packages/airflow/example_dags/example_bash_decorator.py
[2026-04-15T02:16:39.482+0000] {processor.py:830} INFO - Processing file /home/airflow/.local/lib/python3.12/site-packages/airflow/example_dags/example_bash_decorator.py for tasks to queue
[2026-04-15T02:16:39.489+0000] {logging_mixin.py:188} INFO - [2026-04-15T02:16:39.488+0000] {dagbag.py:545} INFO - Filling up the DagBag from /home/airflow/.local/lib/python3.12/site-packages/airflow/example_dags/example_bash_decorator.py
[2026-04-15T02:16:39.528+0000] {processor.py:840} INFO - DAG(s) 'example_bash_decorator' retrieved from /home/airflow/.local/lib/python3.12/site-packages/airflow/example_dags/example_bash_decorator.py
[2026-04-15T02:16:39.608+0000] {logging_mixin.py:188} INFO - [2026-04-15T02:16:39.607+0000] {dag.py:3089} INFO - Sync 1 DAGs
[2026-04-15T02:16:39.656+0000] {logging_mixin.py:188} INFO - [2026-04-15T02:16:39.656+0000] {dag.py:3947} INFO - Setting next_dagrun for example_bash_decorator to None, run_after=None
[2026-04-15T02:16:39.717+0000] {processor.py:183} INFO - Processing /home/airflow/.local/lib/python3.12/site-packages/airflow/example_dags/example_bash_decorator.py took 0.270 seconds
[2026-04-15T02:17:11.198+0000] {processor.py:161} INFO - Started process (PID=1454) to work on /home/airflow/.local/lib/python3.12/site-packages/airflow/example_dags/example_bash_decorator.py
[2026-04-15T02:17:11.201+0000] {processor.py:830} INFO - Processing file /home/airflow/.local/lib/python3.12/site-packages/airflow/example_dags/example_bash_decorator.py for tasks to queue
[2026-04-15T02:17:11.209+0000] {logging_mixin.py:188} INFO - [2026-04-15T02:17:11.207+0000] {dagbag.py:545} INFO - Filling up the DagBag from /home/airflow/.local/lib/python3.12/site-packages/airflow/example_dags/example_bash_decorator.py
[2026-04-15T02:17:11.243+0000] {processor.py:840} INFO - DAG(s) 'example_bash_decorator' retrieved from /home/airflow/.local/lib/python3.12/site-packages/airflow/example_dags/example_bash_decorator.py
[2026-04-15T02:17:11.308+0000] {logging_mixin.py:188} INFO - [2026-04-15T02:17:11.307+0000] {dag.py:3089} INFO - Sync 1 DAGs
[2026-04-15T02:17:11.350+0000] {logging_mixin.py:188} INFO - [2026-04-15T02:17:11.349+0000] {dag.py:3947} INFO - Setting next_dagrun for example_bash_decorator to None, run_after=None
[2026-04-15T02:17:11.396+0000] {processor.py:183} INFO - Processing /home/airflow/.local/lib/python3.12/site-packages/airflow/example_dags/example_bash_decorator.py took 0.214 seconds
[2026-04-15T02:17:42.740+0000] {processor.py:161} INFO - Started process (PID=1513) to work on /home/airflow/.local/lib/python3.12/site-packages/airflow/example_dags/example_bash_decorator.py
[2026-04-15T02:17:42.744+0000] {processor.py:830} INFO - Processing file /home/airflow/.local/lib/python3.12/site-packages/airflow/example_dags/example_bash_decorator.py for tasks to queue
[2026-04-15T02:17:42.750+0000] {logging_mixin.py:188} INFO - [2026-04-15T02:17:42.749+0000] {dagbag.py:545} INFO - Filling up the DagBag from /home/airflow/.local/lib/python3.12/site-packages/airflow/example_dags/example_bash_decorator.py
[2026-04-15T02:17:42.781+0000] {processor.py:840} INFO - DAG(s) 'example_bash_decorator' retrieved from /home/airflow/.local/lib/python3.12/site-packages/airflow/example_dags/example_bash_decorator.py
[2026-04-15T02:17:42.863+0000] {logging_mixin.py:188} INFO - [2026-04-15T02:17:42.863+0000] {dag.py:3089} INFO - Sync 1 DAGs
[2026-04-15T02:17:42.913+0000] {logging_mixin.py:188} INFO - [2026-04-15T02:17:42.912+0000] {dag.py:3947} INFO - Setting next_dagrun for example_bash_decorator to None, run_after=None
[2026-04-15T02:17:42.965+0000] {processor.py:183} INFO - Processing /home/airflow/.local/lib/python3.12/site-packages/airflow/example_dags/example_bash_decorator.py took 0.239 seconds
[2026-04-15T02:18:14.705+0000] {processor.py:161} INFO - Started process (PID=1571) to work on /home/airflow/.local/lib/python3.12/site-packages/airflow/example_dags/example_bash_decorator.py
[2026-04-15T02:18:14.715+0000] {processor.py:830} INFO - Processing file /home/airflow/.local/lib/python3.12/site-packages/airflow/example_dags/example_bash_decorator.py for tasks to queue
[2026-04-15T02:18:14.727+0000] {logging_mixin.py:188} INFO - [2026-04-15T02:18:14.725+0000] {dagbag.py:545} INFO - Filling up the DagBag from /home/airflow/.local/lib/python3.12/site-packages/airflow/example_dags/example_bash_decorator.py
[2026-04-15T02:18:14.808+0000] {processor.py:840} INFO - DAG(s) 'example_bash_decorator' retrieved from /home/airflow/.local/lib/python3.12/site-packages/airflow/example_dags/example_bash_decorator.py
[2026-04-15T02:18:14.886+0000] {logging_mixin.py:188} INFO - [2026-04-15T02:18:14.885+0000] {dag.py:3089} INFO - Sync 1 DAGs
[2026-04-15T02:18:14.939+0000] {logging_mixin.py:188} INFO - [2026-04-15T02:18:14.939+0000] {dag.py:3947} INFO - Setting next_dagrun for example_bash_decorator to None, run_after=None
[2026-04-15T02:18:15.034+0000] {processor.py:183} INFO - Processing /home/airflow/.local/lib/python3.12/site-packages/airflow/example_dags/example_bash_decorator.py took 0.379 seconds
[2026-04-15T02:18:45.625+0000] {processor.py:161} INFO - Started process (PID=1630) to work on /home/airflow/.local/lib/python3.12/site-packages/airflow/example_dags/example_bash_decorator.py
[2026-04-15T02:18:45.637+0000] {processor.py:830} INFO - Processing file /home/airflow/.local/lib/python3.12/site-packages/airflow/example_dags/example_bash_decorator.py for tasks to queue
[2026-04-15T02:18:45.648+0000] {logging_mixin.py:188} INFO - [2026-04-15T02:18:45.646+0000] {dagbag.py:545} INFO - Filling up the DagBag from /home/airflow/.local/lib/python3.12/site-packages/airflow/example_dags/example_bash_decorator.py
[2026-04-15T02:18:45.682+0000] {processor.py:840} INFO - DAG(s) 'example_bash_decorator' retrieved from /home/airflow/.local/lib/python3.12/site-packages/airflow/example_dags/example_bash_decorator.py
[2026-04-15T02:18:45.747+0000] {logging_mixin.py:188} INFO - [2026-04-15T02:18:45.747+0000] {dag.py:3089} INFO - Sync 1 DAGs
[2026-04-15T02:18:45.778+0000] {logging_mixin.py:188} INFO - [2026-04-15T02:18:45.778+0000] {dag.py:3947} INFO - Setting next_dagrun for example_bash_decorator to None, run_after=None
[2026-04-15T02:18:45.831+0000] {processor.py:183} INFO - Processing /home/airflow/.local/lib/python3.12/site-packages/airflow/example_dags/example_bash_decorator.py took 0.222 seconds
[2026-04-15T02:19:16.544+0000] {processor.py:161} INFO - Started process (PID=1689) to work on /home/airflow/.local/lib/python3.12/site-packages/airflow/example_dags/example_bash_decorator.py
[2026-04-15T02:19:16.547+0000] {processor.py:830} INFO - Processing file /home/airflow/.local/lib/python3.12/site-packages/airflow/example_dags/example_bash_decorator.py for tasks to queue
[2026-04-15T02:19:16.553+0000] {logging_mixin.py:188} INFO - [2026-04-15T02:19:16.552+0000] {dagbag.py:545} INFO - Filling up the DagBag from /home/airflow/.local/lib/python3.12/site-packages/airflow/example_dags/example_bash_decorator.py
[2026-04-15T02:19:16.588+0000] {processor.py:840} INFO - DAG(s) 'example_bash_decorator' retrieved from /home/airflow/.local/lib/python3.12/site-packages/airflow/example_dags/example_bash_decorator.py
[2026-04-15T02:19:16.644+0000] {logging_mixin.py:188} INFO - [2026-04-15T02:19:16.644+0000] {dag.py:3089} INFO - Sync 1 DAGs
[2026-04-15T02:19:16.684+0000] {logging_mixin.py:188} INFO - [2026-04-15T02:19:16.683+0000] {dag.py:3947} INFO - Setting next_dagrun for example_bash_decorator to None, run_after=None
[2026-04-15T02:19:17.011+0000] {processor.py:183} INFO - Processing /home/airflow/.local/lib/python3.12/site-packages/airflow/example_dags/example_bash_decorator.py took 0.481 seconds
[2026-04-15T02:19:47.735+0000] {processor.py:161} INFO - Started process (PID=1746) to work on /home/airflow/.local/lib/python3.12/site-packages/airflow/example_dags/example_bash_decorator.py
[2026-04-15T02:19:47.746+0000] {processor.py:830} INFO - Processing file /home/airflow/.local/lib/python3.12/site-packages/airflow/example_dags/example_bash_decorator.py for tasks to queue
[2026-04-15T02:19:47.751+0000] {logging_mixin.py:188} INFO - [2026-04-15T02:19:47.750+0000] {dagbag.py:545} INFO - Filling up the DagBag from /home/airflow/.local/lib/python3.12/site-packages/airflow/example_dags/example_bash_decorator.py
[2026-04-15T02:19:47.797+0000] {processor.py:840} INFO - DAG(s) 'example_bash_decorator' retrieved from /home/airflow/.local/lib/python3.12/site-packages/airflow/example_dags/example_bash_decorator.py
[2026-04-15T02:19:47.919+0000] {logging_mixin.py:188} INFO - [2026-04-15T02:19:47.915+0000] {dag.py:3089} INFO - Sync 1 DAGs
[2026-04-15T02:19:47.964+0000] {logging_mixin.py:188} INFO - [2026-04-15T02:19:47.963+0000] {dag.py:3947} INFO - Setting next_dagrun for example_bash_decorator to None, run_after=None
[2026-04-15T02:19:48.033+0000] {processor.py:183} INFO - Processing /home/airflow/.local/lib/python3.12/site-packages/airflow/example_dags/example_bash_decorator.py took 0.308 seconds
[2026-04-15T02:20:18.672+0000] {processor.py:161} INFO - Started process (PID=1805) to work on /home/airflow/.local/lib/python3.12/site-packages/airflow/example_dags/example_bash_decorator.py
[2026-04-15T02:20:18.681+0000] {processor.py:830} INFO - Processing file /home/airflow/.local/lib/python3.12/site-packages/airflow/example_dags/example_bash_decorator.py for tasks to queue
[2026-04-15T02:20:18.690+0000] {logging_mixin.py:188} INFO - [2026-04-15T02:20:18.689+0000] {dagbag.py:545} INFO - Filling up the DagBag from /home/airflow/.local/lib/python3.12/site-packages/airflow/example_dags/example_bash_decorator.py
[2026-04-15T02:20:18.750+0000] {processor.py:840} INFO - DAG(s) 'example_bash_decorator' retrieved from /home/airflow/.local/lib/python3.12/site-packages/airflow/example_dags/example_bash_decorator.py
[2026-04-15T02:20:18.933+0000] {logging_mixin.py:188} INFO - [2026-04-15T02:20:18.932+0000] {dag.py:3089} INFO - Sync 1 DAGs
[2026-04-15T02:20:18.997+0000] {logging_mixin.py:188} INFO - [2026-04-15T02:20:18.996+0000] {dag.py:3947} INFO - Setting next_dagrun for example_bash_decorator to None, run_after=None
[2026-04-15T02:20:19.077+0000] {processor.py:183} INFO - Processing /home/airflow/.local/lib/python3.12/site-packages/airflow/example_dags/example_bash_decorator.py took 0.433 seconds
[2026-04-15T02:20:49.406+0000] {processor.py:161} INFO - Started process (PID=1865) to work on /home/airflow/.local/lib/python3.12/site-packages/airflow/example_dags/example_bash_decorator.py
[2026-04-15T02:20:49.419+0000] {processor.py:830} INFO - Processing file /home/airflow/.local/lib/python3.12/site-packages/airflow/example_dags/example_bash_decorator.py for tasks to queue
[2026-04-15T02:20:49.428+0000] {logging_mixin.py:188} INFO - [2026-04-15T02:20:49.427+0000] {dagbag.py:545} INFO - Filling up the DagBag from /home/airflow/.local/lib/python3.12/site-packages/airflow/example_dags/example_bash_decorator.py
[2026-04-15T02:20:49.463+0000] {processor.py:840} INFO - DAG(s) 'example_bash_decorator' retrieved from /home/airflow/.local/lib/python3.12/site-packages/airflow/example_dags/example_bash_decorator.py
[2026-04-15T02:20:49.532+0000] {logging_mixin.py:188} INFO - [2026-04-15T02:20:49.531+0000] {dag.py:3089} INFO - Sync 1 DAGs
[2026-04-15T02:20:49.553+0000] {logging_mixin.py:188} INFO - [2026-04-15T02:20:49.553+0000] {dag.py:3947} INFO - Setting next_dagrun for example_bash_decorator to None, run_after=None
[2026-04-15T02:20:49.605+0000] {processor.py:183} INFO - Processing /home/airflow/.local/lib/python3.12/site-packages/airflow/example_dags/example_bash_decorator.py took 0.219 seconds
[2026-04-15T02:21:20.860+0000] {processor.py:161} INFO - Started process (PID=1923) to work on /home/airflow/.local/lib/python3.12/site-packages/airflow/example_dags/example_bash_decorator.py
[2026-04-15T02:21:20.863+0000] {processor.py:830} INFO - Processing file /home/airflow/.local/lib/python3.12/site-packages/airflow/example_dags/example_bash_decorator.py for tasks to queue
[2026-04-15T02:21:20.870+0000] {logging_mixin.py:188} INFO - [2026-04-15T02:21:20.866+0000] {dagbag.py:545} INFO - Filling up the DagBag from /home/airflow/.local/lib/python3.12/site-packages/airflow/example_dags/example_bash_decorator.py
[2026-04-15T02:21:21.684+0000] {processor.py:840} INFO - DAG(s) 'example_bash_decorator' retrieved from /home/airflow/.local/lib/python3.12/site-packages/airflow/example_dags/example_bash_decorator.py
[2026-04-15T02:21:21.790+0000] {logging_mixin.py:188} INFO - [2026-04-15T02:21:21.789+0000] {dag.py:3089} INFO - Sync 1 DAGs
[2026-04-15T02:21:21.820+0000] {logging_mixin.py:188} INFO - [2026-04-15T02:21:21.819+0000] {dag.py:3947} INFO - Setting next_dagrun for example_bash_decorator to None, run_after=None
[2026-04-15T02:21:21.878+0000] {processor.py:183} INFO - Processing /home/airflow/.local/lib/python3.12/site-packages/airflow/example_dags/example_bash_decorator.py took 1.061 seconds
[2026-04-15T02:21:52.431+0000] {processor.py:161} INFO - Started process (PID=1982) to work on /home/airflow/.local/lib/python3.12/site-packages/airflow/example_dags/example_bash_decorator.py
[2026-04-15T02:21:52.437+0000] {processor.py:830} INFO - Processing file /home/airflow/.local/lib/python3.12/site-packages/airflow/example_dags/example_bash_decorator.py for tasks to queue
[2026-04-15T02:21:52.441+0000] {logging_mixin.py:188} INFO - [2026-04-15T02:21:52.440+0000] {dagbag.py:545} INFO - Filling up the DagBag from /home/airflow/.local/lib/python3.12/site-packages/airflow/example_dags/example_bash_decorator.py
[2026-04-15T02:21:52.462+0000] {processor.py:840} INFO - DAG(s) 'example_bash_decorator' retrieved from /home/airflow/.local/lib/python3.12/site-packages/airflow/example_dags/example_bash_decorator.py
[2026-04-15T02:21:52.532+0000] {logging_mixin.py:188} INFO - [2026-04-15T02:21:52.532+0000] {dag.py:3089} INFO - Sync 1 DAGs
[2026-04-15T02:21:52.574+0000] {logging_mixin.py:188} INFO - [2026-04-15T02:21:52.573+0000] {dag.py:3947} INFO - Setting next_dagrun for example_bash_decorator to None, run_after=None
[2026-04-15T02:21:52.634+0000] {processor.py:183} INFO - Processing /home/airflow/.local/lib/python3.12/site-packages/airflow/example_dags/example_bash_decorator.py took 0.213 seconds
[2026-04-15T02:22:22.972+0000] {processor.py:161} INFO - Started process (PID=2041) to work on /home/airflow/.local/lib/python3.12/site-packages/airflow/example_dags/example_bash_decorator.py
[2026-04-15T02:22:22.974+0000] {processor.py:830} INFO - Processing file /home/airflow/.local/lib/python3.12/site-packages/airflow/example_dags/example_bash_decorator.py for tasks to queue
[2026-04-15T02:22:22.977+0000] {logging_mixin.py:188} INFO - [2026-04-15T02:22:22.977+0000] {dagbag.py:545} INFO - Filling up the DagBag from /home/airflow/.local/lib/python3.12/site-packages/airflow/example_dags/example_bash_decorator.py
[2026-04-15T02:22:23.016+0000] {processor.py:840} INFO - DAG(s) 'example_bash_decorator' retrieved from /home/airflow/.local/lib/python3.12/site-packages/airflow/example_dags/example_bash_decorator.py
[2026-04-15T02:22:23.101+0000] {logging_mixin.py:188} INFO - [2026-04-15T02:22:23.100+0000] {dag.py:3089} INFO - Sync 1 DAGs
[2026-04-15T02:22:23.132+0000] {logging_mixin.py:188} INFO - [2026-04-15T02:22:23.132+0000] {dag.py:3947} INFO - Setting next_dagrun for example_bash_decorator to None, run_after=None
[2026-04-15T02:22:23.166+0000] {processor.py:183} INFO - Processing /home/airflow/.local/lib/python3.12/site-packages/airflow/example_dags/example_bash_decorator.py took 0.220 seconds
[2026-04-15T02:22:53.957+0000] {processor.py:161} INFO - Started process (PID=2101) to work on /home/airflow/.local/lib/python3.12/site-packages/airflow/example_dags/example_bash_decorator.py
[2026-04-15T02:22:53.961+0000] {processor.py:830} INFO - Processing file /home/airflow/.local/lib/python3.12/site-packages/airflow/example_dags/example_bash_decorator.py for tasks to queue
[2026-04-15T02:22:53.975+0000] {logging_mixin.py:188} INFO - [2026-04-15T02:22:53.969+0000] {dagbag.py:545} INFO - Filling up the DagBag from /home/airflow/.local/lib/python3.12/site-packages/airflow/example_dags/example_bash_decorator.py
[2026-04-15T02:22:54.055+0000] {processor.py:840} INFO - DAG(s) 'example_bash_decorator' retrieved from /home/airflow/.local/lib/python3.12/site-packages/airflow/example_dags/example_bash_decorator.py
[2026-04-15T02:22:54.139+0000] {logging_mixin.py:188} INFO - [2026-04-15T02:22:54.138+0000] {dag.py:3089} INFO - Sync 1 DAGs
[2026-04-15T02:22:54.181+0000] {logging_mixin.py:188} INFO - [2026-04-15T02:22:54.180+0000] {dag.py:3947} INFO - Setting next_dagrun for example_bash_decorator to None, run_after=None
[2026-04-15T02:22:54.245+0000] {processor.py:183} INFO - Processing /home/airflow/.local/lib/python3.12/site-packages/airflow/example_dags/example_bash_decorator.py took 0.322 seconds
[2026-04-15T02:23:24.688+0000] {processor.py:161} INFO - Started process (PID=2160) to work on /home/airflow/.local/lib/python3.12/site-packages/airflow/example_dags/example_bash_decorator.py
[2026-04-15T02:23:24.690+0000] {processor.py:830} INFO - Processing file /home/airflow/.local/lib/python3.12/site-packages/airflow/example_dags/example_bash_decorator.py for tasks to queue
[2026-04-15T02:23:24.696+0000] {logging_mixin.py:188} INFO - [2026-04-15T02:23:24.695+0000] {dagbag.py:545} INFO - Filling up the DagBag from /home/airflow/.local/lib/python3.12/site-packages/airflow/example_dags/example_bash_decorator.py
[2026-04-15T02:23:24.764+0000] {processor.py:840} INFO - DAG(s) 'example_bash_decorator' retrieved from /home/airflow/.local/lib/python3.12/site-packages/airflow/example_dags/example_bash_decorator.py
[2026-04-15T02:23:24.875+0000] {logging_mixin.py:188} INFO - [2026-04-15T02:23:24.873+0000] {dag.py:3089} INFO - Sync 1 DAGs
[2026-04-15T02:23:24.934+0000] {logging_mixin.py:188} INFO - [2026-04-15T02:23:24.933+0000] {dag.py:3947} INFO - Setting next_dagrun for example_bash_decorator to None, run_after=None
[2026-04-15T02:23:24.992+0000] {processor.py:183} INFO - Processing /home/airflow/.local/lib/python3.12/site-packages/airflow/example_dags/example_bash_decorator.py took 0.313 seconds
[2026-04-15T02:23:55.326+0000] {processor.py:161} INFO - Started process (PID=2219) to work on /home/airflow/.local/lib/python3.12/site-packages/airflow/example_dags/example_bash_decorator.py
[2026-04-15T02:23:55.332+0000] {processor.py:830} INFO - Processing file /home/airflow/.local/lib/python3.12/site-packages/airflow/example_dags/example_bash_decorator.py for tasks to queue
[2026-04-15T02:23:55.352+0000] {logging_mixin.py:188} INFO - [2026-04-15T02:23:55.343+0000] {dagbag.py:545} INFO - Filling up the DagBag from /home/airflow/.local/lib/python3.12/site-packages/airflow/example_dags/example_bash_decorator.py
[2026-04-15T02:23:55.439+0000] {processor.py:840} INFO - DAG(s) 'example_bash_decorator' retrieved from /home/airflow/.local/lib/python3.12/site-packages/airflow/example_dags/example_bash_decorator.py
[2026-04-15T02:23:55.527+0000] {logging_mixin.py:188} INFO - [2026-04-15T02:23:55.527+0000] {dag.py:3089} INFO - Sync 1 DAGs
[2026-04-15T02:23:55.580+0000] {logging_mixin.py:188} INFO - [2026-04-15T02:23:55.579+0000] {dag.py:3947} INFO - Setting next_dagrun for example_bash_decorator to None, run_after=None
[2026-04-15T02:23:55.661+0000] {processor.py:183} INFO - Processing /home/airflow/.local/lib/python3.12/site-packages/airflow/example_dags/example_bash_decorator.py took 0.367 seconds
[2026-04-15T02:24:26.528+0000] {processor.py:161} INFO - Started process (PID=2279) to work on /home/airflow/.local/lib/python3.12/site-packages/airflow/example_dags/example_bash_decorator.py
[2026-04-15T02:24:26.530+0000] {processor.py:830} INFO - Processing file /home/airflow/.local/lib/python3.12/site-packages/airflow/example_dags/example_bash_decorator.py for tasks to queue
[2026-04-15T02:24:26.542+0000] {logging_mixin.py:188} INFO - [2026-04-15T02:24:26.541+0000] {dagbag.py:545} INFO - Filling up the DagBag from /home/airflow/.local/lib/python3.12/site-packages/airflow/example_dags/example_bash_decorator.py
[2026-04-15T02:24:26.614+0000] {processor.py:840} INFO - DAG(s) 'example_bash_decorator' retrieved from /home/airflow/.local/lib/python3.12/site-packages/airflow/example_dags/example_bash_decorator.py
[2026-04-15T02:24:26.737+0000] {logging_mixin.py:188} INFO - [2026-04-15T02:24:26.736+0000] {dag.py:3089} INFO - Sync 1 DAGs
[2026-04-15T02:24:26.773+0000] {logging_mixin.py:188} INFO - [2026-04-15T02:24:26.772+0000] {dag.py:3947} INFO - Setting next_dagrun for example_bash_decorator to None, run_after=None
[2026-04-15T02:24:26.839+0000] {processor.py:183} INFO - Processing /home/airflow/.local/lib/python3.12/site-packages/airflow/example_dags/example_bash_decorator.py took 0.340 seconds
[2026-04-15T02:24:57.561+0000] {processor.py:161} INFO - Started process (PID=2338) to work on /home/airflow/.local/lib/python3.12/site-packages/airflow/example_dags/example_bash_decorator.py
[2026-04-15T02:24:57.563+0000] {processor.py:830} INFO - Processing file /home/airflow/.local/lib/python3.12/site-packages/airflow/example_dags/example_bash_decorator.py for tasks to queue
[2026-04-15T02:24:57.575+0000] {logging_mixin.py:188} INFO - [2026-04-15T02:24:57.572+0000] {dagbag.py:545} INFO - Filling up the DagBag from /home/airflow/.local/lib/python3.12/site-packages/airflow/example_dags/example_bash_decorator.py
[2026-04-15T02:24:57.625+0000] {processor.py:840} INFO - DAG(s) 'example_bash_decorator' retrieved from /home/airflow/.local/lib/python3.12/site-packages/airflow/example_dags/example_bash_decorator.py
[2026-04-15T02:24:58.036+0000] {logging_mixin.py:188} INFO - [2026-04-15T02:24:58.035+0000] {dag.py:3089} INFO - Sync 1 DAGs
[2026-04-15T02:24:58.073+0000] {logging_mixin.py:188} INFO - [2026-04-15T02:24:58.073+0000] {dag.py:3947} INFO - Setting next_dagrun for example_bash_decorator to None, run_after=None
[2026-04-15T02:24:58.273+0000] {processor.py:183} INFO - Processing /home/airflow/.local/lib/python3.12/site-packages/airflow/example_dags/example_bash_decorator.py took 0.740 seconds
[2026-04-15T02:25:28.567+0000] {processor.py:161} INFO - Started process (PID=2397) to work on /home/airflow/.local/lib/python3.12/site-packages/airflow/example_dags/example_bash_decorator.py
[2026-04-15T02:25:28.570+0000] {processor.py:830} INFO - Processing file /home/airflow/.local/lib/python3.12/site-packages/airflow/example_dags/example_bash_decorator.py for tasks to queue
[2026-04-15T02:25:28.577+0000] {logging_mixin.py:188} INFO - [2026-04-15T02:25:28.577+0000] {dagbag.py:545} INFO - Filling up the DagBag from /home/airflow/.local/lib/python3.12/site-packages/airflow/example_dags/example_bash_decorator.py
[2026-04-15T02:25:28.620+0000] {processor.py:840} INFO - DAG(s) 'example_bash_decorator' retrieved from /home/airflow/.local/lib/python3.12/site-packages/airflow/example_dags/example_bash_decorator.py
[2026-04-15T02:25:28.704+0000] {logging_mixin.py:188} INFO - [2026-04-15T02:25:28.696+0000] {dag.py:3089} INFO - Sync 1 DAGs
[2026-04-15T02:25:28.751+0000] {logging_mixin.py:188} INFO - [2026-04-15T02:25:28.750+0000] {dag.py:3947} INFO - Setting next_dagrun for example_bash_decorator to None, run_after=None
[2026-04-15T02:25:28.832+0000] {processor.py:183} INFO - Processing /home/airflow/.local/lib/python3.12/site-packages/airflow/example_dags/example_bash_decorator.py took 0.287 seconds
[2026-04-15T02:25:59.159+0000] {processor.py:161} INFO - Started process (PID=2462) to work on /home/airflow/.local/lib/python3.12/site-packages/airflow/example_dags/example_bash_decorator.py
[2026-04-15T02:25:59.163+0000] {processor.py:830} INFO - Processing file /home/airflow/.local/lib/python3.12/site-packages/airflow/example_dags/example_bash_decorator.py for tasks to queue
[2026-04-15T02:25:59.177+0000] {logging_mixin.py:188} INFO - [2026-04-15T02:25:59.174+0000] {dagbag.py:545} INFO - Filling up the DagBag from /home/airflow/.local/lib/python3.12/site-packages/airflow/example_dags/example_bash_decorator.py
[2026-04-15T02:25:59.274+0000] {processor.py:840} INFO - DAG(s) 'example_bash_decorator' retrieved from /home/airflow/.local/lib/python3.12/site-packages/airflow/example_dags/example_bash_decorator.py
[2026-04-15T02:25:59.367+0000] {logging_mixin.py:188} INFO - [2026-04-15T02:25:59.367+0000] {dag.py:3089} INFO - Sync 1 DAGs
[2026-04-15T02:25:59.425+0000] {logging_mixin.py:188} INFO - [2026-04-15T02:25:59.424+0000] {dag.py:3947} INFO - Setting next_dagrun for example_bash_decorator to None, run_after=None
[2026-04-15T02:25:59.513+0000] {processor.py:183} INFO - Processing /home/airflow/.local/lib/python3.12/site-packages/airflow/example_dags/example_bash_decorator.py took 0.390 seconds
[2026-04-15T02:26:29.824+0000] {processor.py:161} INFO - Started process (PID=2522) to work on /home/airflow/.local/lib/python3.12/site-packages/airflow/example_dags/example_bash_decorator.py
[2026-04-15T02:26:29.826+0000] {processor.py:830} INFO - Processing file /home/airflow/.local/lib/python3.12/site-packages/airflow/example_dags/example_bash_decorator.py for tasks to queue
[2026-04-15T02:26:29.832+0000] {logging_mixin.py:188} INFO - [2026-04-15T02:26:29.831+0000] {dagbag.py:545} INFO - Filling up the DagBag from /home/airflow/.local/lib/python3.12/site-packages/airflow/example_dags/example_bash_decorator.py
[2026-04-15T02:26:29.886+0000] {processor.py:840} INFO - DAG(s) 'example_bash_decorator' retrieved from /home/airflow/.local/lib/python3.12/site-packages/airflow/example_dags/example_bash_decorator.py
[2026-04-15T02:26:29.966+0000] {logging_mixin.py:188} INFO - [2026-04-15T02:26:29.965+0000] {dag.py:3089} INFO - Sync 1 DAGs
[2026-04-15T02:26:30.005+0000] {logging_mixin.py:188} INFO - [2026-04-15T02:26:30.004+0000] {dag.py:3947} INFO - Setting next_dagrun for example_bash_decorator to None, run_after=None
[2026-04-15T02:26:30.097+0000] {processor.py:183} INFO - Processing /home/airflow/.local/lib/python3.12/site-packages/airflow/example_dags/example_bash_decorator.py took 0.297 seconds
[2026-04-15T02:27:00.415+0000] {processor.py:161} INFO - Started process (PID=2581) to work on /home/airflow/.local/lib/python3.12/site-packages/airflow/example_dags/example_bash_decorator.py
[2026-04-15T02:27:00.418+0000] {processor.py:830} INFO - Processing file /home/airflow/.local/lib/python3.12/site-packages/airflow/example_dags/example_bash_decorator.py for tasks to queue
[2026-04-15T02:27:00.422+0000] {logging_mixin.py:188} INFO - [2026-04-15T02:27:00.422+0000] {dagbag.py:545} INFO - Filling up the DagBag from /home/airflow/.local/lib/python3.12/site-packages/airflow/example_dags/example_bash_decorator.py
[2026-04-15T02:27:00.451+0000] {processor.py:840} INFO - DAG(s) 'example_bash_decorator' retrieved from /home/airflow/.local/lib/python3.12/site-packages/airflow/example_dags/example_bash_decorator.py
[2026-04-15T02:27:00.524+0000] {logging_mixin.py:188} INFO - [2026-04-15T02:27:00.523+0000] {dag.py:3089} INFO - Sync 1 DAGs
[2026-04-15T02:27:00.572+0000] {logging_mixin.py:188} INFO - [2026-04-15T02:27:00.571+0000] {dag.py:3947} INFO - Setting next_dagrun for example_bash_decorator to None, run_after=None
[2026-04-15T02:27:00.633+0000] {processor.py:183} INFO - Processing /home/airflow/.local/lib/python3.12/site-packages/airflow/example_dags/example_bash_decorator.py took 0.240 seconds
[2026-04-15T02:27:31.170+0000] {processor.py:161} INFO - Started process (PID=2640) to work on /home/airflow/.local/lib/python3.12/site-packages/airflow/example_dags/example_bash_decorator.py
[2026-04-15T02:27:31.177+0000] {processor.py:830} INFO - Processing file /home/airflow/.local/lib/python3.12/site-packages/airflow/example_dags/example_bash_decorator.py for tasks to queue
[2026-04-15T02:27:31.182+0000] {logging_mixin.py:188} INFO - [2026-04-15T02:27:31.182+0000] {dagbag.py:545} INFO - Filling up the DagBag from /home/airflow/.local/lib/python3.12/site-packages/airflow/example_dags/example_bash_decorator.py
[2026-04-15T02:27:31.223+0000] {processor.py:840} INFO - DAG(s) 'example_bash_decorator' retrieved from /home/airflow/.local/lib/python3.12/site-packages/airflow/example_dags/example_bash_decorator.py
[2026-04-15T02:27:31.307+0000] {logging_mixin.py:188} INFO - [2026-04-15T02:27:31.306+0000] {dag.py:3089} INFO - Sync 1 DAGs
[2026-04-15T02:27:31.349+0000] {logging_mixin.py:188} INFO - [2026-04-15T02:27:31.348+0000] {dag.py:3947} INFO - Setting next_dagrun for example_bash_decorator to None, run_after=None
[2026-04-15T02:27:31.409+0000] {processor.py:183} INFO - Processing /home/airflow/.local/lib/python3.12/site-packages/airflow/example_dags/example_bash_decorator.py took 0.261 seconds
[2026-04-15T02:28:01.492+0000] {processor.py:161} INFO - Started process (PID=2699) to work on /home/airflow/.local/lib/python3.12/site-packages/airflow/example_dags/example_bash_decorator.py
[2026-04-15T02:28:01.496+0000] {processor.py:830} INFO - Processing file /home/airflow/.local/lib/python3.12/site-packages/airflow/example_dags/example_bash_decorator.py for tasks to queue
[2026-04-15T02:28:01.500+0000] {logging_mixin.py:188} INFO - [2026-04-15T02:28:01.499+0000] {dagbag.py:545} INFO - Filling up the DagBag from /home/airflow/.local/lib/python3.12/site-packages/airflow/example_dags/example_bash_decorator.py
[2026-04-15T02:28:01.541+0000] {processor.py:840} INFO - DAG(s) 'example_bash_decorator' retrieved from /home/airflow/.local/lib/python3.12/site-packages/airflow/example_dags/example_bash_decorator.py
[2026-04-15T02:28:01.620+0000] {logging_mixin.py:188} INFO - [2026-04-15T02:28:01.619+0000] {dag.py:3089} INFO - Sync 1 DAGs
[2026-04-15T02:28:01.662+0000] {logging_mixin.py:188} INFO - [2026-04-15T02:28:01.662+0000] {dag.py:3947} INFO - Setting next_dagrun for example_bash_decorator to None, run_after=None
[2026-04-15T02:28:01.711+0000] {processor.py:183} INFO - Processing /home/airflow/.local/lib/python3.12/site-packages/airflow/example_dags/example_bash_decorator.py took 0.232 seconds
[2026-04-15T02:28:31.860+0000] {processor.py:161} INFO - Started process (PID=2757) to work on /home/airflow/.local/lib/python3.12/site-packages/airflow/example_dags/example_bash_decorator.py
[2026-04-15T02:28:31.863+0000] {processor.py:830} INFO - Processing file /home/airflow/.local/lib/python3.12/site-packages/airflow/example_dags/example_bash_decorator.py for tasks to queue
[2026-04-15T02:28:31.868+0000] {logging_mixin.py:188} INFO - [2026-04-15T02:28:31.867+0000] {dagbag.py:545} INFO - Filling up the DagBag from /home/airflow/.local/lib/python3.12/site-packages/airflow/example_dags/example_bash_decorator.py
[2026-04-15T02:28:31.898+0000] {processor.py:840} INFO - DAG(s) 'example_bash_decorator' retrieved from /home/airflow/.local/lib/python3.12/site-packages/airflow/example_dags/example_bash_decorator.py
[2026-04-15T02:28:31.947+0000] {logging_mixin.py:188} INFO - [2026-04-15T02:28:31.946+0000] {dag.py:3089} INFO - Sync 1 DAGs
[2026-04-15T02:28:31.991+0000] {logging_mixin.py:188} INFO - [2026-04-15T02:28:31.990+0000] {dag.py:3947} INFO - Setting next_dagrun for example_bash_decorator to None, run_after=None
[2026-04-15T02:28:32.043+0000] {processor.py:183} INFO - Processing /home/airflow/.local/lib/python3.12/site-packages/airflow/example_dags/example_bash_decorator.py took 0.195 seconds
[2026-04-15T02:29:02.291+0000] {processor.py:161} INFO - Started process (PID=2815) to work on /home/airflow/.local/lib/python3.12/site-packages/airflow/example_dags/example_bash_decorator.py
[2026-04-15T02:29:02.293+0000] {processor.py:830} INFO - Processing file /home/airflow/.local/lib/python3.12/site-packages/airflow/example_dags/example_bash_decorator.py for tasks to queue
[2026-04-15T02:29:02.300+0000] {logging_mixin.py:188} INFO - [2026-04-15T02:29:02.300+0000] {dagbag.py:545} INFO - Filling up the DagBag from /home/airflow/.local/lib/python3.12/site-packages/airflow/example_dags/example_bash_decorator.py
[2026-04-15T02:29:02.354+0000] {processor.py:840} INFO - DAG(s) 'example_bash_decorator' retrieved from /home/airflow/.local/lib/python3.12/site-packages/airflow/example_dags/example_bash_decorator.py
[2026-04-15T02:29:02.454+0000] {logging_mixin.py:188} INFO - [2026-04-15T02:29:02.453+0000] {dag.py:3089} INFO - Sync 1 DAGs
[2026-04-15T02:29:02.495+0000] {logging_mixin.py:188} INFO - [2026-04-15T02:29:02.495+0000] {dag.py:3947} INFO - Setting next_dagrun for example_bash_decorator to None, run_after=None
[2026-04-15T02:29:02.550+0000] {processor.py:183} INFO - Processing /home/airflow/.local/lib/python3.12/site-packages/airflow/example_dags/example_bash_decorator.py took 0.270 seconds
[2026-04-15T02:29:32.743+0000] {processor.py:161} INFO - Started process (PID=2874) to work on /home/airflow/.local/lib/python3.12/site-packages/airflow/example_dags/example_bash_decorator.py
[2026-04-15T02:29:32.755+0000] {processor.py:830} INFO - Processing file /home/airflow/.local/lib/python3.12/site-packages/airflow/example_dags/example_bash_decorator.py for tasks to queue
[2026-04-15T02:29:32.762+0000] {logging_mixin.py:188} INFO - [2026-04-15T02:29:32.761+0000] {dagbag.py:545} INFO - Filling up the DagBag from /home/airflow/.local/lib/python3.12/site-packages/airflow/example_dags/example_bash_decorator.py
[2026-04-15T02:29:32.806+0000] {processor.py:840} INFO - DAG(s) 'example_bash_decorator' retrieved from /home/airflow/.local/lib/python3.12/site-packages/airflow/example_dags/example_bash_decorator.py
[2026-04-15T02:29:32.870+0000] {logging_mixin.py:188} INFO - [2026-04-15T02:29:32.869+0000] {dag.py:3089} INFO - Sync 1 DAGs
[2026-04-15T02:29:32.907+0000] {logging_mixin.py:188} INFO - [2026-04-15T02:29:32.906+0000] {dag.py:3947} INFO - Setting next_dagrun for example_bash_decorator to None, run_after=None
[2026-04-15T02:29:32.958+0000] {processor.py:183} INFO - Processing /home/airflow/.local/lib/python3.12/site-packages/airflow/example_dags/example_bash_decorator.py took 0.239 seconds
[2026-04-15T02:30:04.063+0000] {processor.py:161} INFO - Started process (PID=2932) to work on /home/airflow/.local/lib/python3.12/site-packages/airflow/example_dags/example_bash_decorator.py
[2026-04-15T02:30:04.068+0000] {processor.py:830} INFO - Processing file /home/airflow/.local/lib/python3.12/site-packages/airflow/example_dags/example_bash_decorator.py for tasks to queue
[2026-04-15T02:30:04.077+0000] {logging_mixin.py:188} INFO - [2026-04-15T02:30:04.076+0000] {dagbag.py:545} INFO - Filling up the DagBag from /home/airflow/.local/lib/python3.12/site-packages/airflow/example_dags/example_bash_decorator.py
[2026-04-15T02:30:04.162+0000] {processor.py:840} INFO - DAG(s) 'example_bash_decorator' retrieved from /home/airflow/.local/lib/python3.12/site-packages/airflow/example_dags/example_bash_decorator.py
[2026-04-15T02:30:04.262+0000] {logging_mixin.py:188} INFO - [2026-04-15T02:30:04.262+0000] {dag.py:3089} INFO - Sync 1 DAGs
[2026-04-15T02:30:04.299+0000] {logging_mixin.py:188} INFO - [2026-04-15T02:30:04.297+0000] {dag.py:3947} INFO - Setting next_dagrun for example_bash_decorator to None, run_after=None
[2026-04-15T02:30:04.365+0000] {processor.py:183} INFO - Processing /home/airflow/.local/lib/python3.12/site-packages/airflow/example_dags/example_bash_decorator.py took 0.319 seconds
[2026-04-15T02:30:34.793+0000] {processor.py:161} INFO - Started process (PID=2991) to work on /home/airflow/.local/lib/python3.12/site-packages/airflow/example_dags/example_bash_decorator.py
[2026-04-15T02:30:34.795+0000] {processor.py:830} INFO - Processing file /home/airflow/.local/lib/python3.12/site-packages/airflow/example_dags/example_bash_decorator.py for tasks to queue
[2026-04-15T02:30:34.802+0000] {logging_mixin.py:188} INFO - [2026-04-15T02:30:34.801+0000] {dagbag.py:545} INFO - Filling up the DagBag from /home/airflow/.local/lib/python3.12/site-packages/airflow/example_dags/example_bash_decorator.py
[2026-04-15T02:30:34.856+0000] {processor.py:840} INFO - DAG(s) 'example_bash_decorator' retrieved from /home/airflow/.local/lib/python3.12/site-packages/airflow/example_dags/example_bash_decorator.py
[2026-04-15T02:30:34.933+0000] {logging_mixin.py:188} INFO - [2026-04-15T02:30:34.932+0000] {dag.py:3089} INFO - Sync 1 DAGs
[2026-04-15T02:30:34.966+0000] {logging_mixin.py:188} INFO - [2026-04-15T02:30:34.966+0000] {dag.py:3947} INFO - Setting next_dagrun for example_bash_decorator to None, run_after=None
[2026-04-15T02:30:35.011+0000] {processor.py:183} INFO - Processing /home/airflow/.local/lib/python3.12/site-packages/airflow/example_dags/example_bash_decorator.py took 0.233 seconds
[2026-04-15T02:31:06.157+0000] {processor.py:161} INFO - Started process (PID=3050) to work on /home/airflow/.local/lib/python3.12/site-packages/airflow/example_dags/example_bash_decorator.py
[2026-04-15T02:31:06.161+0000] {processor.py:830} INFO - Processing file /home/airflow/.local/lib/python3.12/site-packages/airflow/example_dags/example_bash_decorator.py for tasks to queue
[2026-04-15T02:31:06.168+0000] {logging_mixin.py:188} INFO - [2026-04-15T02:31:06.167+0000] {dagbag.py:545} INFO - Filling up the DagBag from /home/airflow/.local/lib/python3.12/site-packages/airflow/example_dags/example_bash_decorator.py
[2026-04-15T02:31:06.200+0000] {processor.py:840} INFO - DAG(s) 'example_bash_decorator' retrieved from /home/airflow/.local/lib/python3.12/site-packages/airflow/example_dags/example_bash_decorator.py
[2026-04-15T02:31:06.277+0000] {logging_mixin.py:188} INFO - [2026-04-15T02:31:06.277+0000] {dag.py:3089} INFO - Sync 1 DAGs
[2026-04-15T02:31:06.306+0000] {logging_mixin.py:188} INFO - [2026-04-15T02:31:06.306+0000] {dag.py:3947} INFO - Setting next_dagrun for example_bash_decorator to None, run_after=None
[2026-04-15T02:31:06.356+0000] {processor.py:183} INFO - Processing /home/airflow/.local/lib/python3.12/site-packages/airflow/example_dags/example_bash_decorator.py took 0.215 seconds
[2026-04-15T02:31:36.774+0000] {processor.py:161} INFO - Started process (PID=3109) to work on /home/airflow/.local/lib/python3.12/site-packages/airflow/example_dags/example_bash_decorator.py
[2026-04-15T02:31:36.777+0000] {processor.py:830} INFO - Processing file /home/airflow/.local/lib/python3.12/site-packages/airflow/example_dags/example_bash_decorator.py for tasks to queue
[2026-04-15T02:31:36.786+0000] {logging_mixin.py:188} INFO - [2026-04-15T02:31:36.785+0000] {dagbag.py:545} INFO - Filling up the DagBag from /home/airflow/.local/lib/python3.12/site-packages/airflow/example_dags/example_bash_decorator.py
[2026-04-15T02:31:36.834+0000] {processor.py:840} INFO - DAG(s) 'example_bash_decorator' retrieved from /home/airflow/.local/lib/python3.12/site-packages/airflow/example_dags/example_bash_decorator.py
[2026-04-15T02:31:36.923+0000] {logging_mixin.py:188} INFO - [2026-04-15T02:31:36.922+0000] {dag.py:3089} INFO - Sync 1 DAGs
[2026-04-15T02:31:36.962+0000] {logging_mixin.py:188} INFO - [2026-04-15T02:31:36.962+0000] {dag.py:3947} INFO - Setting next_dagrun for example_bash_decorator to None, run_after=None
[2026-04-15T02:31:37.022+0000] {processor.py:183} INFO - Processing /home/airflow/.local/lib/python3.12/site-packages/airflow/example_dags/example_bash_decorator.py took 0.265 seconds
[2026-04-15T02:32:07.081+0000] {processor.py:161} INFO - Started process (PID=3167) to work on /home/airflow/.local/lib/python3.12/site-packages/airflow/example_dags/example_bash_decorator.py
[2026-04-15T02:32:07.084+0000] {processor.py:830} INFO - Processing file /home/airflow/.local/lib/python3.12/site-packages/airflow/example_dags/example_bash_decorator.py for tasks to queue
[2026-04-15T02:32:07.087+0000] {logging_mixin.py:188} INFO - [2026-04-15T02:32:07.086+0000] {dagbag.py:545} INFO - Filling up the DagBag from /home/airflow/.local/lib/python3.12/site-packages/airflow/example_dags/example_bash_decorator.py
[2026-04-15T02:32:07.106+0000] {processor.py:840} INFO - DAG(s) 'example_bash_decorator' retrieved from /home/airflow/.local/lib/python3.12/site-packages/airflow/example_dags/example_bash_decorator.py
[2026-04-15T02:32:07.172+0000] {logging_mixin.py:188} INFO - [2026-04-15T02:32:07.171+0000] {dag.py:3089} INFO - Sync 1 DAGs
[2026-04-15T02:32:07.202+0000] {logging_mixin.py:188} INFO - [2026-04-15T02:32:07.201+0000] {dag.py:3947} INFO - Setting next_dagrun for example_bash_decorator to None, run_after=None
[2026-04-15T02:32:07.264+0000] {processor.py:183} INFO - Processing /home/airflow/.local/lib/python3.12/site-packages/airflow/example_dags/example_bash_decorator.py took 0.197 seconds
[2026-04-15T02:32:37.695+0000] {processor.py:161} INFO - Started process (PID=3226) to work on /home/airflow/.local/lib/python3.12/site-packages/airflow/example_dags/example_bash_decorator.py
[2026-04-15T02:32:37.697+0000] {processor.py:830} INFO - Processing file /home/airflow/.local/lib/python3.12/site-packages/airflow/example_dags/example_bash_decorator.py for tasks to queue
[2026-04-15T02:32:37.702+0000] {logging_mixin.py:188} INFO - [2026-04-15T02:32:37.701+0000] {dagbag.py:545} INFO - Filling up the DagBag from /home/airflow/.local/lib/python3.12/site-packages/airflow/example_dags/example_bash_decorator.py
[2026-04-15T02:32:37.730+0000] {processor.py:840} INFO - DAG(s) 'example_bash_decorator' retrieved from /home/airflow/.local/lib/python3.12/site-packages/airflow/example_dags/example_bash_decorator.py
[2026-04-15T02:32:37.789+0000] {logging_mixin.py:188} INFO - [2026-04-15T02:32:37.788+0000] {dag.py:3089} INFO - Sync 1 DAGs
[2026-04-15T02:32:37.817+0000] {logging_mixin.py:188} INFO - [2026-04-15T02:32:37.817+0000] {dag.py:3947} INFO - Setting next_dagrun for example_bash_decorator to None, run_after=None
[2026-04-15T02:32:37.852+0000] {processor.py:183} INFO - Processing /home/airflow/.local/lib/python3.12/site-packages/airflow/example_dags/example_bash_decorator.py took 0.166 seconds
[2026-04-15T02:33:08.354+0000] {processor.py:161} INFO - Started process (PID=3285) to work on /home/airflow/.local/lib/python3.12/site-packages/airflow/example_dags/example_bash_decorator.py
[2026-04-15T02:33:08.365+0000] {processor.py:830} INFO - Processing file /home/airflow/.local/lib/python3.12/site-packages/airflow/example_dags/example_bash_decorator.py for tasks to queue
[2026-04-15T02:33:08.372+0000] {logging_mixin.py:188} INFO - [2026-04-15T02:33:08.371+0000] {dagbag.py:545} INFO - Filling up the DagBag from /home/airflow/.local/lib/python3.12/site-packages/airflow/example_dags/example_bash_decorator.py
[2026-04-15T02:33:08.396+0000] {processor.py:840} INFO - DAG(s) 'example_bash_decorator' retrieved from /home/airflow/.local/lib/python3.12/site-packages/airflow/example_dags/example_bash_decorator.py
[2026-04-15T02:33:08.450+0000] {logging_mixin.py:188} INFO - [2026-04-15T02:33:08.449+0000] {dag.py:3089} INFO - Sync 1 DAGs
[2026-04-15T02:33:08.481+0000] {logging_mixin.py:188} INFO - [2026-04-15T02:33:08.480+0000] {dag.py:3947} INFO - Setting next_dagrun for example_bash_decorator to None, run_after=None
[2026-04-15T02:33:08.535+0000] {processor.py:183} INFO - Processing /home/airflow/.local/lib/python3.12/site-packages/airflow/example_dags/example_bash_decorator.py took 0.190 seconds
[2026-04-15T02:33:39.010+0000] {processor.py:161} INFO - Started process (PID=3343) to work on /home/airflow/.local/lib/python3.12/site-packages/airflow/example_dags/example_bash_decorator.py
[2026-04-15T02:33:39.021+0000] {processor.py:830} INFO - Processing file /home/airflow/.local/lib/python3.12/site-packages/airflow/example_dags/example_bash_decorator.py for tasks to queue
[2026-04-15T02:33:39.026+0000] {logging_mixin.py:188} INFO - [2026-04-15T02:33:39.025+0000] {dagbag.py:545} INFO - Filling up the DagBag from /home/airflow/.local/lib/python3.12/site-packages/airflow/example_dags/example_bash_decorator.py
[2026-04-15T02:33:39.068+0000] {processor.py:840} INFO - DAG(s) 'example_bash_decorator' retrieved from /home/airflow/.local/lib/python3.12/site-packages/airflow/example_dags/example_bash_decorator.py
[2026-04-15T02:33:39.125+0000] {logging_mixin.py:188} INFO - [2026-04-15T02:33:39.124+0000] {dag.py:3089} INFO - Sync 1 DAGs
[2026-04-15T02:33:39.158+0000] {logging_mixin.py:188} INFO - [2026-04-15T02:33:39.158+0000] {dag.py:3947} INFO - Setting next_dagrun for example_bash_decorator to None, run_after=None
[2026-04-15T02:33:39.205+0000] {processor.py:183} INFO - Processing /home/airflow/.local/lib/python3.12/site-packages/airflow/example_dags/example_bash_decorator.py took 0.204 seconds
[2026-04-15T02:34:09.260+0000] {processor.py:161} INFO - Started process (PID=3403) to work on /home/airflow/.local/lib/python3.12/site-packages/airflow/example_dags/example_bash_decorator.py
[2026-04-15T02:34:09.272+0000] {processor.py:830} INFO - Processing file /home/airflow/.local/lib/python3.12/site-packages/airflow/example_dags/example_bash_decorator.py for tasks to queue
[2026-04-15T02:34:09.281+0000] {logging_mixin.py:188} INFO - [2026-04-15T02:34:09.279+0000] {dagbag.py:545} INFO - Filling up the DagBag from /home/airflow/.local/lib/python3.12/site-packages/airflow/example_dags/example_bash_decorator.py
[2026-04-15T02:34:09.319+0000] {processor.py:840} INFO - DAG(s) 'example_bash_decorator' retrieved from /home/airflow/.local/lib/python3.12/site-packages/airflow/example_dags/example_bash_decorator.py
[2026-04-15T02:34:09.386+0000] {logging_mixin.py:188} INFO - [2026-04-15T02:34:09.386+0000] {dag.py:3089} INFO - Sync 1 DAGs
[2026-04-15T02:34:09.421+0000] {logging_mixin.py:188} INFO - [2026-04-15T02:34:09.421+0000] {dag.py:3947} INFO - Setting next_dagrun for example_bash_decorator to None, run_after=None
[2026-04-15T02:34:09.482+0000] {processor.py:183} INFO - Processing /home/airflow/.local/lib/python3.12/site-packages/airflow/example_dags/example_bash_decorator.py took 0.236 seconds
[2026-04-15T02:34:39.702+0000] {processor.py:161} INFO - Started process (PID=3463) to work on /home/airflow/.local/lib/python3.12/site-packages/airflow/example_dags/example_bash_decorator.py
[2026-04-15T02:34:39.714+0000] {processor.py:830} INFO - Processing file /home/airflow/.local/lib/python3.12/site-packages/airflow/example_dags/example_bash_decorator.py for tasks to queue
[2026-04-15T02:34:39.716+0000] {logging_mixin.py:188} INFO - [2026-04-15T02:34:39.716+0000] {dagbag.py:545} INFO - Filling up the DagBag from /home/airflow/.local/lib/python3.12/site-packages/airflow/example_dags/example_bash_decorator.py
[2026-04-15T02:34:39.735+0000] {processor.py:840} INFO - DAG(s) 'example_bash_decorator' retrieved from /home/airflow/.local/lib/python3.12/site-packages/airflow/example_dags/example_bash_decorator.py
[2026-04-15T02:34:39.772+0000] {logging_mixin.py:188} INFO - [2026-04-15T02:34:39.771+0000] {dag.py:3089} INFO - Sync 1 DAGs
[2026-04-15T02:34:39.789+0000] {logging_mixin.py:188} INFO - [2026-04-15T02:34:39.788+0000] {dag.py:3947} INFO - Setting next_dagrun for example_bash_decorator to None, run_after=None
[2026-04-15T02:34:39.840+0000] {processor.py:183} INFO - Processing /home/airflow/.local/lib/python3.12/site-packages/airflow/example_dags/example_bash_decorator.py took 0.146 seconds
[2026-04-15T02:35:10.569+0000] {processor.py:161} INFO - Started process (PID=3522) to work on /home/airflow/.local/lib/python3.12/site-packages/airflow/example_dags/example_bash_decorator.py
[2026-04-15T02:35:10.573+0000] {processor.py:830} INFO - Processing file /home/airflow/.local/lib/python3.12/site-packages/airflow/example_dags/example_bash_decorator.py for tasks to queue
[2026-04-15T02:35:10.578+0000] {logging_mixin.py:188} INFO - [2026-04-15T02:35:10.577+0000] {dagbag.py:545} INFO - Filling up the DagBag from /home/airflow/.local/lib/python3.12/site-packages/airflow/example_dags/example_bash_decorator.py
[2026-04-15T02:35:10.625+0000] {processor.py:840} INFO - DAG(s) 'example_bash_decorator' retrieved from /home/airflow/.local/lib/python3.12/site-packages/airflow/example_dags/example_bash_decorator.py
[2026-04-15T02:35:10.688+0000] {logging_mixin.py:188} INFO - [2026-04-15T02:35:10.687+0000] {dag.py:3089} INFO - Sync 1 DAGs
[2026-04-15T02:35:10.725+0000] {logging_mixin.py:188} INFO - [2026-04-15T02:35:10.725+0000] {dag.py:3947} INFO - Setting next_dagrun for example_bash_decorator to None, run_after=None
[2026-04-15T02:35:10.792+0000] {processor.py:183} INFO - Processing /home/airflow/.local/lib/python3.12/site-packages/airflow/example_dags/example_bash_decorator.py took 0.238 seconds
[2026-04-15T02:35:40.845+0000] {processor.py:161} INFO - Started process (PID=3581) to work on /home/airflow/.local/lib/python3.12/site-packages/airflow/example_dags/example_bash_decorator.py
[2026-04-15T02:35:40.848+0000] {processor.py:830} INFO - Processing file /home/airflow/.local/lib/python3.12/site-packages/airflow/example_dags/example_bash_decorator.py for tasks to queue
[2026-04-15T02:35:40.853+0000] {logging_mixin.py:188} INFO - [2026-04-15T02:35:40.852+0000] {dagbag.py:545} INFO - Filling up the DagBag from /home/airflow/.local/lib/python3.12/site-packages/airflow/example_dags/example_bash_decorator.py
[2026-04-15T02:35:40.872+0000] {processor.py:840} INFO - DAG(s) 'example_bash_decorator' retrieved from /home/airflow/.local/lib/python3.12/site-packages/airflow/example_dags/example_bash_decorator.py
[2026-04-15T02:35:40.922+0000] {logging_mixin.py:188} INFO - [2026-04-15T02:35:40.922+0000] {dag.py:3089} INFO - Sync 1 DAGs
[2026-04-15T02:35:40.946+0000] {logging_mixin.py:188} INFO - [2026-04-15T02:35:40.946+0000] {dag.py:3947} INFO - Setting next_dagrun for example_bash_decorator to None, run_after=None
[2026-04-15T02:35:40.991+0000] {processor.py:183} INFO - Processing /home/airflow/.local/lib/python3.12/site-packages/airflow/example_dags/example_bash_decorator.py took 0.152 seconds
[2026-04-15T02:36:11.896+0000] {processor.py:161} INFO - Started process (PID=3640) to work on /home/airflow/.local/lib/python3.12/site-packages/airflow/example_dags/example_bash_decorator.py
[2026-04-15T02:36:11.898+0000] {processor.py:830} INFO - Processing file /home/airflow/.local/lib/python3.12/site-packages/airflow/example_dags/example_bash_decorator.py for tasks to queue
[2026-04-15T02:36:11.903+0000] {logging_mixin.py:188} INFO - [2026-04-15T02:36:11.902+0000] {dagbag.py:545} INFO - Filling up the DagBag from /home/airflow/.local/lib/python3.12/site-packages/airflow/example_dags/example_bash_decorator.py
[2026-04-15T02:36:11.935+0000] {processor.py:840} INFO - DAG(s) 'example_bash_decorator' retrieved from /home/airflow/.local/lib/python3.12/site-packages/airflow/example_dags/example_bash_decorator.py
[2026-04-15T02:36:11.977+0000] {logging_mixin.py:188} INFO - [2026-04-15T02:36:11.977+0000] {dag.py:3089} INFO - Sync 1 DAGs
[2026-04-15T02:36:12.000+0000] {logging_mixin.py:188} INFO - [2026-04-15T02:36:11.999+0000] {dag.py:3947} INFO - Setting next_dagrun for example_bash_decorator to None, run_after=None
[2026-04-15T02:36:12.036+0000] {processor.py:183} INFO - Processing /home/airflow/.local/lib/python3.12/site-packages/airflow/example_dags/example_bash_decorator.py took 0.146 seconds
[2026-04-15T02:36:42.902+0000] {processor.py:161} INFO - Started process (PID=3699) to work on /home/airflow/.local/lib/python3.12/site-packages/airflow/example_dags/example_bash_decorator.py
[2026-04-15T02:36:42.903+0000] {processor.py:830} INFO - Processing file /home/airflow/.local/lib/python3.12/site-packages/airflow/example_dags/example_bash_decorator.py for tasks to queue
[2026-04-15T02:36:42.905+0000] {logging_mixin.py:188} INFO - [2026-04-15T02:36:42.905+0000] {dagbag.py:545} INFO - Filling up the DagBag from /home/airflow/.local/lib/python3.12/site-packages/airflow/example_dags/example_bash_decorator.py
[2026-04-15T02:36:42.919+0000] {processor.py:840} INFO - DAG(s) 'example_bash_decorator' retrieved from /home/airflow/.local/lib/python3.12/site-packages/airflow/example_dags/example_bash_decorator.py
[2026-04-15T02:36:42.956+0000] {logging_mixin.py:188} INFO - [2026-04-15T02:36:42.956+0000] {dag.py:3089} INFO - Sync 1 DAGs
[2026-04-15T02:36:42.977+0000] {logging_mixin.py:188} INFO - [2026-04-15T02:36:42.977+0000] {dag.py:3947} INFO - Setting next_dagrun for example_bash_decorator to None, run_after=None
[2026-04-15T02:36:43.018+0000] {processor.py:183} INFO - Processing /home/airflow/.local/lib/python3.12/site-packages/airflow/example_dags/example_bash_decorator.py took 0.125 seconds
[2026-04-15T02:37:13.176+0000] {processor.py:161} INFO - Started process (PID=3757) to work on /home/airflow/.local/lib/python3.12/site-packages/airflow/example_dags/example_bash_decorator.py
[2026-04-15T02:37:13.177+0000] {processor.py:830} INFO - Processing file /home/airflow/.local/lib/python3.12/site-packages/airflow/example_dags/example_bash_decorator.py for tasks to queue
[2026-04-15T02:37:13.179+0000] {logging_mixin.py:188} INFO - [2026-04-15T02:37:13.178+0000] {dagbag.py:545} INFO - Filling up the DagBag from /home/airflow/.local/lib/python3.12/site-packages/airflow/example_dags/example_bash_decorator.py
[2026-04-15T02:37:13.194+0000] {processor.py:840} INFO - DAG(s) 'example_bash_decorator' retrieved from /home/airflow/.local/lib/python3.12/site-packages/airflow/example_dags/example_bash_decorator.py
[2026-04-15T02:37:13.250+0000] {logging_mixin.py:188} INFO - [2026-04-15T02:37:13.250+0000] {dag.py:3089} INFO - Sync 1 DAGs
[2026-04-15T02:37:13.275+0000] {logging_mixin.py:188} INFO - [2026-04-15T02:37:13.275+0000] {dag.py:3947} INFO - Setting next_dagrun for example_bash_decorator to None, run_after=None
[2026-04-15T02:37:13.311+0000] {processor.py:183} INFO - Processing /home/airflow/.local/lib/python3.12/site-packages/airflow/example_dags/example_bash_decorator.py took 0.144 seconds
[2026-04-15T02:37:44.213+0000] {processor.py:161} INFO - Started process (PID=3816) to work on /home/airflow/.local/lib/python3.12/site-packages/airflow/example_dags/example_bash_decorator.py
[2026-04-15T02:37:44.216+0000] {processor.py:830} INFO - Processing file /home/airflow/.local/lib/python3.12/site-packages/airflow/example_dags/example_bash_decorator.py for tasks to queue
[2026-04-15T02:37:44.221+0000] {logging_mixin.py:188} INFO - [2026-04-15T02:37:44.221+0000] {dagbag.py:545} INFO - Filling up the DagBag from /home/airflow/.local/lib/python3.12/site-packages/airflow/example_dags/example_bash_decorator.py
[2026-04-15T02:37:44.248+0000] {processor.py:840} INFO - DAG(s) 'example_bash_decorator' retrieved from /home/airflow/.local/lib/python3.12/site-packages/airflow/example_dags/example_bash_decorator.py
[2026-04-15T02:37:44.305+0000] {logging_mixin.py:188} INFO - [2026-04-15T02:37:44.305+0000] {dag.py:3089} INFO - Sync 1 DAGs
[2026-04-15T02:37:44.331+0000] {logging_mixin.py:188} INFO - [2026-04-15T02:37:44.331+0000] {dag.py:3947} INFO - Setting next_dagrun for example_bash_decorator to None, run_after=None
[2026-04-15T02:37:44.386+0000] {processor.py:183} INFO - Processing /home/airflow/.local/lib/python3.12/site-packages/airflow/example_dags/example_bash_decorator.py took 0.191 seconds
[2026-04-15T02:38:14.907+0000] {processor.py:161} INFO - Started process (PID=3875) to work on /home/airflow/.local/lib/python3.12/site-packages/airflow/example_dags/example_bash_decorator.py
[2026-04-15T02:38:14.909+0000] {processor.py:830} INFO - Processing file /home/airflow/.local/lib/python3.12/site-packages/airflow/example_dags/example_bash_decorator.py for tasks to queue
[2026-04-15T02:38:14.915+0000] {logging_mixin.py:188} INFO - [2026-04-15T02:38:14.915+0000] {dagbag.py:545} INFO - Filling up the DagBag from /home/airflow/.local/lib/python3.12/site-packages/airflow/example_dags/example_bash_decorator.py
[2026-04-15T02:38:14.946+0000] {processor.py:840} INFO - DAG(s) 'example_bash_decorator' retrieved from /home/airflow/.local/lib/python3.12/site-packages/airflow/example_dags/example_bash_decorator.py
[2026-04-15T02:38:15.003+0000] {logging_mixin.py:188} INFO - [2026-04-15T02:38:15.002+0000] {dag.py:3089} INFO - Sync 1 DAGs
[2026-04-15T02:38:15.029+0000] {logging_mixin.py:188} INFO - [2026-04-15T02:38:15.028+0000] {dag.py:3947} INFO - Setting next_dagrun for example_bash_decorator to None, run_after=None
[2026-04-15T02:38:15.068+0000] {processor.py:183} INFO - Processing /home/airflow/.local/lib/python3.12/site-packages/airflow/example_dags/example_bash_decorator.py took 0.171 seconds
[2026-04-15T02:38:45.287+0000] {processor.py:161} INFO - Started process (PID=3935) to work on /home/airflow/.local/lib/python3.12/site-packages/airflow/example_dags/example_bash_decorator.py
[2026-04-15T02:38:45.289+0000] {processor.py:830} INFO - Processing file /home/airflow/.local/lib/python3.12/site-packages/airflow/example_dags/example_bash_decorator.py for tasks to queue
[2026-04-15T02:38:45.291+0000] {logging_mixin.py:188} INFO - [2026-04-15T02:38:45.291+0000] {dagbag.py:545} INFO - Filling up the DagBag from /home/airflow/.local/lib/python3.12/site-packages/airflow/example_dags/example_bash_decorator.py
[2026-04-15T02:38:45.305+0000] {processor.py:840} INFO - DAG(s) 'example_bash_decorator' retrieved from /home/airflow/.local/lib/python3.12/site-packages/airflow/example_dags/example_bash_decorator.py
[2026-04-15T02:38:45.342+0000] {logging_mixin.py:188} INFO - [2026-04-15T02:38:45.341+0000] {dag.py:3089} INFO - Sync 1 DAGs
[2026-04-15T02:38:45.371+0000] {logging_mixin.py:188} INFO - [2026-04-15T02:38:45.371+0000] {dag.py:3947} INFO - Setting next_dagrun for example_bash_decorator to None, run_after=None
[2026-04-15T02:38:45.416+0000] {processor.py:183} INFO - Processing /home/airflow/.local/lib/python3.12/site-packages/airflow/example_dags/example_bash_decorator.py took 0.135 seconds
[2026-04-15T02:39:15.683+0000] {processor.py:161} INFO - Started process (PID=3994) to work on /home/airflow/.local/lib/python3.12/site-packages/airflow/example_dags/example_bash_decorator.py
[2026-04-15T02:39:15.684+0000] {processor.py:830} INFO - Processing file /home/airflow/.local/lib/python3.12/site-packages/airflow/example_dags/example_bash_decorator.py for tasks to queue
[2026-04-15T02:39:15.688+0000] {logging_mixin.py:188} INFO - [2026-04-15T02:39:15.687+0000] {dagbag.py:545} INFO - Filling up the DagBag from /home/airflow/.local/lib/python3.12/site-packages/airflow/example_dags/example_bash_decorator.py
[2026-04-15T02:39:15.712+0000] {processor.py:840} INFO - DAG(s) 'example_bash_decorator' retrieved from /home/airflow/.local/lib/python3.12/site-packages/airflow/example_dags/example_bash_decorator.py
[2026-04-15T02:39:15.762+0000] {logging_mixin.py:188} INFO - [2026-04-15T02:39:15.762+0000] {dag.py:3089} INFO - Sync 1 DAGs
[2026-04-15T02:39:15.781+0000] {logging_mixin.py:188} INFO - [2026-04-15T02:39:15.781+0000] {dag.py:3947} INFO - Setting next_dagrun for example_bash_decorator to None, run_after=None
[2026-04-15T02:39:15.818+0000] {processor.py:183} INFO - Processing /home/airflow/.local/lib/python3.12/site-packages/airflow/example_dags/example_bash_decorator.py took 0.148 seconds
[2026-04-15T02:39:46.087+0000] {processor.py:161} INFO - Started process (PID=4053) to work on /home/airflow/.local/lib/python3.12/site-packages/airflow/example_dags/example_bash_decorator.py
[2026-04-15T02:39:46.088+0000] {processor.py:830} INFO - Processing file /home/airflow/.local/lib/python3.12/site-packages/airflow/example_dags/example_bash_decorator.py for tasks to queue
[2026-04-15T02:39:46.090+0000] {logging_mixin.py:188} INFO - [2026-04-15T02:39:46.090+0000] {dagbag.py:545} INFO - Filling up the DagBag from /home/airflow/.local/lib/python3.12/site-packages/airflow/example_dags/example_bash_decorator.py
[2026-04-15T02:39:46.114+0000] {processor.py:840} INFO - DAG(s) 'example_bash_decorator' retrieved from /home/airflow/.local/lib/python3.12/site-packages/airflow/example_dags/example_bash_decorator.py
[2026-04-15T02:39:46.173+0000] {logging_mixin.py:188} INFO - [2026-04-15T02:39:46.173+0000] {dag.py:3089} INFO - Sync 1 DAGs
[2026-04-15T02:39:46.201+0000] {logging_mixin.py:188} INFO - [2026-04-15T02:39:46.201+0000] {dag.py:3947} INFO - Setting next_dagrun for example_bash_decorator to None, run_after=None
[2026-04-15T02:39:46.243+0000] {processor.py:183} INFO - Processing /home/airflow/.local/lib/python3.12/site-packages/airflow/example_dags/example_bash_decorator.py took 0.163 seconds
[2026-04-15T02:40:16.605+0000] {processor.py:161} INFO - Started process (PID=4112) to work on /home/airflow/.local/lib/python3.12/site-packages/airflow/example_dags/example_bash_decorator.py
[2026-04-15T02:40:16.606+0000] {processor.py:830} INFO - Processing file /home/airflow/.local/lib/python3.12/site-packages/airflow/example_dags/example_bash_decorator.py for tasks to queue
[2026-04-15T02:40:16.608+0000] {logging_mixin.py:188} INFO - [2026-04-15T02:40:16.607+0000] {dagbag.py:545} INFO - Filling up the DagBag from /home/airflow/.local/lib/python3.12/site-packages/airflow/example_dags/example_bash_decorator.py
[2026-04-15T02:40:16.621+0000] {processor.py:840} INFO - DAG(s) 'example_bash_decorator' retrieved from /home/airflow/.local/lib/python3.12/site-packages/airflow/example_dags/example_bash_decorator.py
[2026-04-15T02:40:16.666+0000] {logging_mixin.py:188} INFO - [2026-04-15T02:40:16.666+0000] {dag.py:3089} INFO - Sync 1 DAGs
[2026-04-15T02:40:16.686+0000] {logging_mixin.py:188} INFO - [2026-04-15T02:40:16.685+0000] {dag.py:3947} INFO - Setting next_dagrun for example_bash_decorator to None, run_after=None
[2026-04-15T02:40:16.722+0000] {processor.py:183} INFO - Processing /home/airflow/.local/lib/python3.12/site-packages/airflow/example_dags/example_bash_decorator.py took 0.124 seconds
[2026-04-15T02:40:47.013+0000] {processor.py:161} INFO - Started process (PID=4171) to work on /home/airflow/.local/lib/python3.12/site-packages/airflow/example_dags/example_bash_decorator.py
[2026-04-15T02:40:47.015+0000] {processor.py:830} INFO - Processing file /home/airflow/.local/lib/python3.12/site-packages/airflow/example_dags/example_bash_decorator.py for tasks to queue
[2026-04-15T02:40:47.019+0000] {logging_mixin.py:188} INFO - [2026-04-15T02:40:47.019+0000] {dagbag.py:545} INFO - Filling up the DagBag from /home/airflow/.local/lib/python3.12/site-packages/airflow/example_dags/example_bash_decorator.py
[2026-04-15T02:40:47.040+0000] {processor.py:840} INFO - DAG(s) 'example_bash_decorator' retrieved from /home/airflow/.local/lib/python3.12/site-packages/airflow/example_dags/example_bash_decorator.py
[2026-04-15T02:40:47.081+0000] {logging_mixin.py:188} INFO - [2026-04-15T02:40:47.080+0000] {dag.py:3089} INFO - Sync 1 DAGs
[2026-04-15T02:40:47.106+0000] {logging_mixin.py:188} INFO - [2026-04-15T02:40:47.105+0000] {dag.py:3947} INFO - Setting next_dagrun for example_bash_decorator to None, run_after=None
[2026-04-15T02:40:47.162+0000] {processor.py:183} INFO - Processing /home/airflow/.local/lib/python3.12/site-packages/airflow/example_dags/example_bash_decorator.py took 0.164 seconds
[2026-04-15T02:41:17.754+0000] {processor.py:161} INFO - Started process (PID=4230) to work on /home/airflow/.local/lib/python3.12/site-packages/airflow/example_dags/example_bash_decorator.py
[2026-04-15T02:41:17.755+0000] {processor.py:830} INFO - Processing file /home/airflow/.local/lib/python3.12/site-packages/airflow/example_dags/example_bash_decorator.py for tasks to queue
[2026-04-15T02:41:17.757+0000] {logging_mixin.py:188} INFO - [2026-04-15T02:41:17.757+0000] {dagbag.py:545} INFO - Filling up the DagBag from /home/airflow/.local/lib/python3.12/site-packages/airflow/example_dags/example_bash_decorator.py
[2026-04-15T02:41:17.774+0000] {processor.py:840} INFO - DAG(s) 'example_bash_decorator' retrieved from /home/airflow/.local/lib/python3.12/site-packages/airflow/example_dags/example_bash_decorator.py
[2026-04-15T02:41:17.815+0000] {logging_mixin.py:188} INFO - [2026-04-15T02:41:17.814+0000] {dag.py:3089} INFO - Sync 1 DAGs
[2026-04-15T02:41:17.835+0000] {logging_mixin.py:188} INFO - [2026-04-15T02:41:17.835+0000] {dag.py:3947} INFO - Setting next_dagrun for example_bash_decorator to None, run_after=None
[2026-04-15T02:41:17.882+0000] {processor.py:183} INFO - Processing /home/airflow/.local/lib/python3.12/site-packages/airflow/example_dags/example_bash_decorator.py took 0.135 seconds
[2026-04-15T02:41:48.699+0000] {processor.py:161} INFO - Started process (PID=4289) to work on /home/airflow/.local/lib/python3.12/site-packages/airflow/example_dags/example_bash_decorator.py
[2026-04-15T02:41:48.703+0000] {processor.py:830} INFO - Processing file /home/airflow/.local/lib/python3.12/site-packages/airflow/example_dags/example_bash_decorator.py for tasks to queue
[2026-04-15T02:41:48.709+0000] {logging_mixin.py:188} INFO - [2026-04-15T02:41:48.708+0000] {dagbag.py:545} INFO - Filling up the DagBag from /home/airflow/.local/lib/python3.12/site-packages/airflow/example_dags/example_bash_decorator.py
[2026-04-15T02:41:48.778+0000] {processor.py:840} INFO - DAG(s) 'example_bash_decorator' retrieved from /home/airflow/.local/lib/python3.12/site-packages/airflow/example_dags/example_bash_decorator.py
[2026-04-15T02:41:49.098+0000] {logging_mixin.py:188} INFO - [2026-04-15T02:41:49.094+0000] {dag.py:3089} INFO - Sync 1 DAGs
[2026-04-15T02:41:49.176+0000] {logging_mixin.py:188} INFO - [2026-04-15T02:41:49.175+0000] {dag.py:3947} INFO - Setting next_dagrun for example_bash_decorator to None, run_after=None
[2026-04-15T02:41:49.340+0000] {processor.py:183} INFO - Processing /home/airflow/.local/lib/python3.12/site-packages/airflow/example_dags/example_bash_decorator.py took 0.665 seconds
[2026-04-15T02:42:19.454+0000] {processor.py:161} INFO - Started process (PID=4348) to work on /home/airflow/.local/lib/python3.12/site-packages/airflow/example_dags/example_bash_decorator.py
[2026-04-15T02:42:19.471+0000] {processor.py:830} INFO - Processing file /home/airflow/.local/lib/python3.12/site-packages/airflow/example_dags/example_bash_decorator.py for tasks to queue
[2026-04-15T02:42:19.476+0000] {logging_mixin.py:188} INFO - [2026-04-15T02:42:19.475+0000] {dagbag.py:545} INFO - Filling up the DagBag from /home/airflow/.local/lib/python3.12/site-packages/airflow/example_dags/example_bash_decorator.py
[2026-04-15T02:42:19.525+0000] {processor.py:840} INFO - DAG(s) 'example_bash_decorator' retrieved from /home/airflow/.local/lib/python3.12/site-packages/airflow/example_dags/example_bash_decorator.py
[2026-04-15T02:42:19.604+0000] {logging_mixin.py:188} INFO - [2026-04-15T02:42:19.604+0000] {dag.py:3089} INFO - Sync 1 DAGs
[2026-04-15T02:42:19.639+0000] {logging_mixin.py:188} INFO - [2026-04-15T02:42:19.638+0000] {dag.py:3947} INFO - Setting next_dagrun for example_bash_decorator to None, run_after=None
[2026-04-15T02:42:19.688+0000] {processor.py:183} INFO - Processing /home/airflow/.local/lib/python3.12/site-packages/airflow/example_dags/example_bash_decorator.py took 0.250 seconds
[2026-04-15T02:42:50.846+0000] {processor.py:161} INFO - Started process (PID=4408) to work on /home/airflow/.local/lib/python3.12/site-packages/airflow/example_dags/example_bash_decorator.py
[2026-04-15T02:42:50.852+0000] {processor.py:830} INFO - Processing file /home/airflow/.local/lib/python3.12/site-packages/airflow/example_dags/example_bash_decorator.py for tasks to queue
[2026-04-15T02:42:50.873+0000] {logging_mixin.py:188} INFO - [2026-04-15T02:42:50.872+0000] {dagbag.py:545} INFO - Filling up the DagBag from /home/airflow/.local/lib/python3.12/site-packages/airflow/example_dags/example_bash_decorator.py
[2026-04-15T02:42:50.979+0000] {processor.py:840} INFO - DAG(s) 'example_bash_decorator' retrieved from /home/airflow/.local/lib/python3.12/site-packages/airflow/example_dags/example_bash_decorator.py
[2026-04-15T02:42:51.084+0000] {logging_mixin.py:188} INFO - [2026-04-15T02:42:51.084+0000] {dag.py:3089} INFO - Sync 1 DAGs
[2026-04-15T02:42:51.177+0000] {logging_mixin.py:188} INFO - [2026-04-15T02:42:51.176+0000] {dag.py:3947} INFO - Setting next_dagrun for example_bash_decorator to None, run_after=None
[2026-04-15T02:42:51.283+0000] {processor.py:183} INFO - Processing /home/airflow/.local/lib/python3.12/site-packages/airflow/example_dags/example_bash_decorator.py took 0.462 seconds
[2026-04-15T02:43:22.081+0000] {processor.py:161} INFO - Started process (PID=4467) to work on /home/airflow/.local/lib/python3.12/site-packages/airflow/example_dags/example_bash_decorator.py
[2026-04-15T02:43:22.087+0000] {processor.py:830} INFO - Processing file /home/airflow/.local/lib/python3.12/site-packages/airflow/example_dags/example_bash_decorator.py for tasks to queue
[2026-04-15T02:43:22.115+0000] {logging_mixin.py:188} INFO - [2026-04-15T02:43:22.114+0000] {dagbag.py:545} INFO - Filling up the DagBag from /home/airflow/.local/lib/python3.12/site-packages/airflow/example_dags/example_bash_decorator.py
[2026-04-15T02:43:22.257+0000] {processor.py:840} INFO - DAG(s) 'example_bash_decorator' retrieved from /home/airflow/.local/lib/python3.12/site-packages/airflow/example_dags/example_bash_decorator.py
[2026-04-15T02:43:22.412+0000] {logging_mixin.py:188} INFO - [2026-04-15T02:43:22.411+0000] {dag.py:3089} INFO - Sync 1 DAGs
[2026-04-15T02:43:22.522+0000] {logging_mixin.py:188} INFO - [2026-04-15T02:43:22.519+0000] {dag.py:3947} INFO - Setting next_dagrun for example_bash_decorator to None, run_after=None
[2026-04-15T02:43:22.689+0000] {processor.py:183} INFO - Processing /home/airflow/.local/lib/python3.12/site-packages/airflow/example_dags/example_bash_decorator.py took 0.652 seconds
[2026-04-15T02:43:53.286+0000] {processor.py:161} INFO - Started process (PID=4524) to work on /home/airflow/.local/lib/python3.12/site-packages/airflow/example_dags/example_bash_decorator.py
[2026-04-15T02:43:53.308+0000] {processor.py:830} INFO - Processing file /home/airflow/.local/lib/python3.12/site-packages/airflow/example_dags/example_bash_decorator.py for tasks to queue
[2026-04-15T02:43:53.315+0000] {logging_mixin.py:188} INFO - [2026-04-15T02:43:53.314+0000] {dagbag.py:545} INFO - Filling up the DagBag from /home/airflow/.local/lib/python3.12/site-packages/airflow/example_dags/example_bash_decorator.py
[2026-04-15T02:43:53.385+0000] {processor.py:840} INFO - DAG(s) 'example_bash_decorator' retrieved from /home/airflow/.local/lib/python3.12/site-packages/airflow/example_dags/example_bash_decorator.py
[2026-04-15T02:43:53.475+0000] {logging_mixin.py:188} INFO - [2026-04-15T02:43:53.474+0000] {dag.py:3089} INFO - Sync 1 DAGs
[2026-04-15T02:43:53.519+0000] {logging_mixin.py:188} INFO - [2026-04-15T02:43:53.519+0000] {dag.py:3947} INFO - Setting next_dagrun for example_bash_decorator to None, run_after=None
[2026-04-15T02:43:53.560+0000] {processor.py:183} INFO - Processing /home/airflow/.local/lib/python3.12/site-packages/airflow/example_dags/example_bash_decorator.py took 0.313 seconds
[2026-04-15T02:44:24.083+0000] {processor.py:161} INFO - Started process (PID=4584) to work on /home/airflow/.local/lib/python3.12/site-packages/airflow/example_dags/example_bash_decorator.py
[2026-04-15T02:44:24.086+0000] {processor.py:830} INFO - Processing file /home/airflow/.local/lib/python3.12/site-packages/airflow/example_dags/example_bash_decorator.py for tasks to queue
[2026-04-15T02:44:24.094+0000] {logging_mixin.py:188} INFO - [2026-04-15T02:44:24.093+0000] {dagbag.py:545} INFO - Filling up the DagBag from /home/airflow/.local/lib/python3.12/site-packages/airflow/example_dags/example_bash_decorator.py
[2026-04-15T02:44:24.121+0000] {processor.py:840} INFO - DAG(s) 'example_bash_decorator' retrieved from /home/airflow/.local/lib/python3.12/site-packages/airflow/example_dags/example_bash_decorator.py
[2026-04-15T02:44:24.207+0000] {logging_mixin.py:188} INFO - [2026-04-15T02:44:24.207+0000] {dag.py:3089} INFO - Sync 1 DAGs
[2026-04-15T02:44:24.266+0000] {logging_mixin.py:188} INFO - [2026-04-15T02:44:24.266+0000] {dag.py:3947} INFO - Setting next_dagrun for example_bash_decorator to None, run_after=None
[2026-04-15T02:44:24.323+0000] {processor.py:183} INFO - Processing /home/airflow/.local/lib/python3.12/site-packages/airflow/example_dags/example_bash_decorator.py took 0.258 seconds
[2026-04-15T02:44:54.851+0000] {processor.py:161} INFO - Started process (PID=4643) to work on /home/airflow/.local/lib/python3.12/site-packages/airflow/example_dags/example_bash_decorator.py
[2026-04-15T02:44:54.865+0000] {processor.py:830} INFO - Processing file /home/airflow/.local/lib/python3.12/site-packages/airflow/example_dags/example_bash_decorator.py for tasks to queue
[2026-04-15T02:44:54.868+0000] {logging_mixin.py:188} INFO - [2026-04-15T02:44:54.868+0000] {dagbag.py:545} INFO - Filling up the DagBag from /home/airflow/.local/lib/python3.12/site-packages/airflow/example_dags/example_bash_decorator.py
[2026-04-15T02:44:54.933+0000] {processor.py:840} INFO - DAG(s) 'example_bash_decorator' retrieved from /home/airflow/.local/lib/python3.12/site-packages/airflow/example_dags/example_bash_decorator.py
[2026-04-15T02:44:55.002+0000] {logging_mixin.py:188} INFO - [2026-04-15T02:44:55.002+0000] {dag.py:3089} INFO - Sync 1 DAGs
[2026-04-15T02:44:55.030+0000] {logging_mixin.py:188} INFO - [2026-04-15T02:44:55.030+0000] {dag.py:3947} INFO - Setting next_dagrun for example_bash_decorator to None, run_after=None
[2026-04-15T02:44:55.079+0000] {processor.py:183} INFO - Processing /home/airflow/.local/lib/python3.12/site-packages/airflow/example_dags/example_bash_decorator.py took 0.247 seconds
[2026-04-15T02:45:25.898+0000] {processor.py:161} INFO - Started process (PID=4702) to work on /home/airflow/.local/lib/python3.12/site-packages/airflow/example_dags/example_bash_decorator.py
[2026-04-15T02:45:25.904+0000] {processor.py:830} INFO - Processing file /home/airflow/.local/lib/python3.12/site-packages/airflow/example_dags/example_bash_decorator.py for tasks to queue
[2026-04-15T02:45:25.913+0000] {logging_mixin.py:188} INFO - [2026-04-15T02:45:25.912+0000] {dagbag.py:545} INFO - Filling up the DagBag from /home/airflow/.local/lib/python3.12/site-packages/airflow/example_dags/example_bash_decorator.py
[2026-04-15T02:45:25.968+0000] {processor.py:840} INFO - DAG(s) 'example_bash_decorator' retrieved from /home/airflow/.local/lib/python3.12/site-packages/airflow/example_dags/example_bash_decorator.py
[2026-04-15T02:45:26.098+0000] {logging_mixin.py:188} INFO - [2026-04-15T02:45:26.094+0000] {dag.py:3089} INFO - Sync 1 DAGs
[2026-04-15T02:45:26.193+0000] {logging_mixin.py:188} INFO - [2026-04-15T02:45:26.192+0000] {dag.py:3947} INFO - Setting next_dagrun for example_bash_decorator to None, run_after=None
[2026-04-15T02:45:26.281+0000] {processor.py:183} INFO - Processing /home/airflow/.local/lib/python3.12/site-packages/airflow/example_dags/example_bash_decorator.py took 0.427 seconds
[2026-04-15T02:45:56.505+0000] {processor.py:161} INFO - Started process (PID=4761) to work on /home/airflow/.local/lib/python3.12/site-packages/airflow/example_dags/example_bash_decorator.py
[2026-04-15T02:45:56.509+0000] {processor.py:830} INFO - Processing file /home/airflow/.local/lib/python3.12/site-packages/airflow/example_dags/example_bash_decorator.py for tasks to queue
[2026-04-15T02:45:56.523+0000] {logging_mixin.py:188} INFO - [2026-04-15T02:45:56.521+0000] {dagbag.py:545} INFO - Filling up the DagBag from /home/airflow/.local/lib/python3.12/site-packages/airflow/example_dags/example_bash_decorator.py
[2026-04-15T02:45:56.604+0000] {processor.py:840} INFO - DAG(s) 'example_bash_decorator' retrieved from /home/airflow/.local/lib/python3.12/site-packages/airflow/example_dags/example_bash_decorator.py
[2026-04-15T02:45:56.691+0000] {logging_mixin.py:188} INFO - [2026-04-15T02:45:56.690+0000] {dag.py:3089} INFO - Sync 1 DAGs
[2026-04-15T02:45:56.720+0000] {logging_mixin.py:188} INFO - [2026-04-15T02:45:56.719+0000] {dag.py:3947} INFO - Setting next_dagrun for example_bash_decorator to None, run_after=None
[2026-04-15T02:45:56.773+0000] {processor.py:183} INFO - Processing /home/airflow/.local/lib/python3.12/site-packages/airflow/example_dags/example_bash_decorator.py took 0.290 seconds
[2026-04-15T02:46:27.541+0000] {processor.py:161} INFO - Started process (PID=4820) to work on /home/airflow/.local/lib/python3.12/site-packages/airflow/example_dags/example_bash_decorator.py
[2026-04-15T02:46:27.545+0000] {processor.py:830} INFO - Processing file /home/airflow/.local/lib/python3.12/site-packages/airflow/example_dags/example_bash_decorator.py for tasks to queue
[2026-04-15T02:46:27.553+0000] {logging_mixin.py:188} INFO - [2026-04-15T02:46:27.552+0000] {dagbag.py:545} INFO - Filling up the DagBag from /home/airflow/.local/lib/python3.12/site-packages/airflow/example_dags/example_bash_decorator.py
[2026-04-15T02:46:27.658+0000] {processor.py:840} INFO - DAG(s) 'example_bash_decorator' retrieved from /home/airflow/.local/lib/python3.12/site-packages/airflow/example_dags/example_bash_decorator.py
[2026-04-15T02:46:27.873+0000] {logging_mixin.py:188} INFO - [2026-04-15T02:46:27.873+0000] {dag.py:3089} INFO - Sync 1 DAGs
[2026-04-15T02:46:28.047+0000] {logging_mixin.py:188} INFO - [2026-04-15T02:46:28.044+0000] {dag.py:3947} INFO - Setting next_dagrun for example_bash_decorator to None, run_after=None
[2026-04-15T02:46:28.140+0000] {processor.py:183} INFO - Processing /home/airflow/.local/lib/python3.12/site-packages/airflow/example_dags/example_bash_decorator.py took 0.652 seconds
[2026-04-15T02:46:58.225+0000] {processor.py:161} INFO - Started process (PID=4879) to work on /home/airflow/.local/lib/python3.12/site-packages/airflow/example_dags/example_bash_decorator.py
[2026-04-15T02:46:58.230+0000] {processor.py:830} INFO - Processing file /home/airflow/.local/lib/python3.12/site-packages/airflow/example_dags/example_bash_decorator.py for tasks to queue
[2026-04-15T02:46:58.234+0000] {logging_mixin.py:188} INFO - [2026-04-15T02:46:58.233+0000] {dagbag.py:545} INFO - Filling up the DagBag from /home/airflow/.local/lib/python3.12/site-packages/airflow/example_dags/example_bash_decorator.py
[2026-04-15T02:46:58.273+0000] {processor.py:840} INFO - DAG(s) 'example_bash_decorator' retrieved from /home/airflow/.local/lib/python3.12/site-packages/airflow/example_dags/example_bash_decorator.py
[2026-04-15T02:46:58.362+0000] {logging_mixin.py:188} INFO - [2026-04-15T02:46:58.361+0000] {dag.py:3089} INFO - Sync 1 DAGs
[2026-04-15T02:46:58.407+0000] {logging_mixin.py:188} INFO - [2026-04-15T02:46:58.407+0000] {dag.py:3947} INFO - Setting next_dagrun for example_bash_decorator to None, run_after=None
[2026-04-15T02:46:58.458+0000] {processor.py:183} INFO - Processing /home/airflow/.local/lib/python3.12/site-packages/airflow/example_dags/example_bash_decorator.py took 0.248 seconds
[2026-04-15T02:47:29.734+0000] {processor.py:161} INFO - Started process (PID=4937) to work on /home/airflow/.local/lib/python3.12/site-packages/airflow/example_dags/example_bash_decorator.py
[2026-04-15T02:47:29.742+0000] {processor.py:830} INFO - Processing file /home/airflow/.local/lib/python3.12/site-packages/airflow/example_dags/example_bash_decorator.py for tasks to queue
[2026-04-15T02:47:29.751+0000] {logging_mixin.py:188} INFO - [2026-04-15T02:47:29.750+0000] {dagbag.py:545} INFO - Filling up the DagBag from /home/airflow/.local/lib/python3.12/site-packages/airflow/example_dags/example_bash_decorator.py
[2026-04-15T02:47:29.811+0000] {processor.py:840} INFO - DAG(s) 'example_bash_decorator' retrieved from /home/airflow/.local/lib/python3.12/site-packages/airflow/example_dags/example_bash_decorator.py
[2026-04-15T02:47:29.877+0000] {logging_mixin.py:188} INFO - [2026-04-15T02:47:29.874+0000] {dag.py:3089} INFO - Sync 1 DAGs
[2026-04-15T02:47:30.112+0000] {logging_mixin.py:188} INFO - [2026-04-15T02:47:30.111+0000] {dag.py:3947} INFO - Setting next_dagrun for example_bash_decorator to None, run_after=None
[2026-04-15T02:47:30.406+0000] {processor.py:183} INFO - Processing /home/airflow/.local/lib/python3.12/site-packages/airflow/example_dags/example_bash_decorator.py took 0.718 seconds
[2026-04-15T02:48:00.926+0000] {processor.py:161} INFO - Started process (PID=4997) to work on /home/airflow/.local/lib/python3.12/site-packages/airflow/example_dags/example_bash_decorator.py
[2026-04-15T02:48:00.928+0000] {processor.py:830} INFO - Processing file /home/airflow/.local/lib/python3.12/site-packages/airflow/example_dags/example_bash_decorator.py for tasks to queue
[2026-04-15T02:48:00.930+0000] {logging_mixin.py:188} INFO - [2026-04-15T02:48:00.930+0000] {dagbag.py:545} INFO - Filling up the DagBag from /home/airflow/.local/lib/python3.12/site-packages/airflow/example_dags/example_bash_decorator.py
[2026-04-15T02:48:00.958+0000] {processor.py:840} INFO - DAG(s) 'example_bash_decorator' retrieved from /home/airflow/.local/lib/python3.12/site-packages/airflow/example_dags/example_bash_decorator.py
[2026-04-15T02:48:01.018+0000] {logging_mixin.py:188} INFO - [2026-04-15T02:48:01.017+0000] {dag.py:3089} INFO - Sync 1 DAGs
[2026-04-15T02:48:01.051+0000] {logging_mixin.py:188} INFO - [2026-04-15T02:48:01.051+0000] {dag.py:3947} INFO - Setting next_dagrun for example_bash_decorator to None, run_after=None
[2026-04-15T02:48:01.096+0000] {processor.py:183} INFO - Processing /home/airflow/.local/lib/python3.12/site-packages/airflow/example_dags/example_bash_decorator.py took 0.178 seconds
[2026-04-15T02:50:43.232+0000] {processor.py:161} INFO - Started process (PID=96) to work on /home/airflow/.local/lib/python3.12/site-packages/airflow/example_dags/example_bash_decorator.py
[2026-04-15T02:50:43.234+0000] {processor.py:830} INFO - Processing file /home/airflow/.local/lib/python3.12/site-packages/airflow/example_dags/example_bash_decorator.py for tasks to queue
[2026-04-15T02:50:43.239+0000] {logging_mixin.py:188} INFO - [2026-04-15T02:50:43.238+0000] {dagbag.py:545} INFO - Filling up the DagBag from /home/airflow/.local/lib/python3.12/site-packages/airflow/example_dags/example_bash_decorator.py
[2026-04-15T02:50:43.279+0000] {processor.py:840} INFO - DAG(s) 'example_bash_decorator' retrieved from /home/airflow/.local/lib/python3.12/site-packages/airflow/example_dags/example_bash_decorator.py
[2026-04-15T02:50:43.616+0000] {logging_mixin.py:188} INFO - [2026-04-15T02:50:43.615+0000] {dag.py:3089} INFO - Sync 1 DAGs
[2026-04-15T02:50:43.664+0000] {logging_mixin.py:188} INFO - [2026-04-15T02:50:43.664+0000] {dag.py:3947} INFO - Setting next_dagrun for example_bash_decorator to None, run_after=None
[2026-04-15T02:50:43.815+0000] {processor.py:183} INFO - Processing /home/airflow/.local/lib/python3.12/site-packages/airflow/example_dags/example_bash_decorator.py took 0.591 seconds
[2026-04-15T02:51:17.542+0000] {processor.py:161} INFO - Started process (PID=82) to work on /home/airflow/.local/lib/python3.12/site-packages/airflow/example_dags/example_bash_decorator.py
[2026-04-15T02:51:17.553+0000] {processor.py:830} INFO - Processing file /home/airflow/.local/lib/python3.12/site-packages/airflow/example_dags/example_bash_decorator.py for tasks to queue
[2026-04-15T02:51:17.562+0000] {logging_mixin.py:188} INFO - [2026-04-15T02:51:17.561+0000] {dagbag.py:545} INFO - Filling up the DagBag from /home/airflow/.local/lib/python3.12/site-packages/airflow/example_dags/example_bash_decorator.py
[2026-04-15T02:51:17.623+0000] {processor.py:840} INFO - DAG(s) 'example_bash_decorator' retrieved from /home/airflow/.local/lib/python3.12/site-packages/airflow/example_dags/example_bash_decorator.py
[2026-04-15T02:51:17.907+0000] {logging_mixin.py:188} INFO - [2026-04-15T02:51:17.907+0000] {dag.py:3089} INFO - Sync 1 DAGs
[2026-04-15T02:51:17.939+0000] {logging_mixin.py:188} INFO - [2026-04-15T02:51:17.938+0000] {dag.py:3947} INFO - Setting next_dagrun for example_bash_decorator to None, run_after=None
[2026-04-15T02:51:17.987+0000] {processor.py:183} INFO - Processing /home/airflow/.local/lib/python3.12/site-packages/airflow/example_dags/example_bash_decorator.py took 0.457 seconds
[2026-04-15T02:51:48.077+0000] {processor.py:161} INFO - Started process (PID=141) to work on /home/airflow/.local/lib/python3.12/site-packages/airflow/example_dags/example_bash_decorator.py
[2026-04-15T02:51:48.088+0000] {processor.py:830} INFO - Processing file /home/airflow/.local/lib/python3.12/site-packages/airflow/example_dags/example_bash_decorator.py for tasks to queue
[2026-04-15T02:51:48.091+0000] {logging_mixin.py:188} INFO - [2026-04-15T02:51:48.090+0000] {dagbag.py:545} INFO - Filling up the DagBag from /home/airflow/.local/lib/python3.12/site-packages/airflow/example_dags/example_bash_decorator.py
[2026-04-15T02:51:48.116+0000] {processor.py:840} INFO - DAG(s) 'example_bash_decorator' retrieved from /home/airflow/.local/lib/python3.12/site-packages/airflow/example_dags/example_bash_decorator.py
[2026-04-15T02:51:48.181+0000] {logging_mixin.py:188} INFO - [2026-04-15T02:51:48.181+0000] {dag.py:3089} INFO - Sync 1 DAGs
[2026-04-15T02:51:48.207+0000] {logging_mixin.py:188} INFO - [2026-04-15T02:51:48.207+0000] {dag.py:3947} INFO - Setting next_dagrun for example_bash_decorator to None, run_after=None
[2026-04-15T02:51:48.255+0000] {processor.py:183} INFO - Processing /home/airflow/.local/lib/python3.12/site-packages/airflow/example_dags/example_bash_decorator.py took 0.188 seconds
[2026-04-15T02:52:20.658+0000] {processor.py:161} INFO - Started process (PID=200) to work on /home/airflow/.local/lib/python3.12/site-packages/airflow/example_dags/example_bash_decorator.py
[2026-04-15T02:52:20.664+0000] {processor.py:830} INFO - Processing file /home/airflow/.local/lib/python3.12/site-packages/airflow/example_dags/example_bash_decorator.py for tasks to queue
[2026-04-15T02:52:20.671+0000] {logging_mixin.py:188} INFO - [2026-04-15T02:52:20.670+0000] {dagbag.py:545} INFO - Filling up the DagBag from /home/airflow/.local/lib/python3.12/site-packages/airflow/example_dags/example_bash_decorator.py
[2026-04-15T02:52:20.764+0000] {processor.py:840} INFO - DAG(s) 'example_bash_decorator' retrieved from /home/airflow/.local/lib/python3.12/site-packages/airflow/example_dags/example_bash_decorator.py
[2026-04-15T02:52:20.854+0000] {logging_mixin.py:188} INFO - [2026-04-15T02:52:20.853+0000] {dag.py:3089} INFO - Sync 1 DAGs
[2026-04-15T02:52:20.881+0000] {logging_mixin.py:188} INFO - [2026-04-15T02:52:20.880+0000] {dag.py:3947} INFO - Setting next_dagrun for example_bash_decorator to None, run_after=None
[2026-04-15T02:52:20.947+0000] {processor.py:183} INFO - Processing /home/airflow/.local/lib/python3.12/site-packages/airflow/example_dags/example_bash_decorator.py took 0.327 seconds
[2026-04-15T02:52:51.836+0000] {processor.py:161} INFO - Started process (PID=259) to work on /home/airflow/.local/lib/python3.12/site-packages/airflow/example_dags/example_bash_decorator.py
[2026-04-15T02:52:51.840+0000] {processor.py:830} INFO - Processing file /home/airflow/.local/lib/python3.12/site-packages/airflow/example_dags/example_bash_decorator.py for tasks to queue
[2026-04-15T02:52:51.845+0000] {logging_mixin.py:188} INFO - [2026-04-15T02:52:51.844+0000] {dagbag.py:545} INFO - Filling up the DagBag from /home/airflow/.local/lib/python3.12/site-packages/airflow/example_dags/example_bash_decorator.py
[2026-04-15T02:52:51.881+0000] {processor.py:840} INFO - DAG(s) 'example_bash_decorator' retrieved from /home/airflow/.local/lib/python3.12/site-packages/airflow/example_dags/example_bash_decorator.py
[2026-04-15T02:52:51.947+0000] {logging_mixin.py:188} INFO - [2026-04-15T02:52:51.946+0000] {dag.py:3089} INFO - Sync 1 DAGs
[2026-04-15T02:52:51.980+0000] {logging_mixin.py:188} INFO - [2026-04-15T02:52:51.980+0000] {dag.py:3947} INFO - Setting next_dagrun for example_bash_decorator to None, run_after=None
[2026-04-15T02:52:52.030+0000] {processor.py:183} INFO - Processing /home/airflow/.local/lib/python3.12/site-packages/airflow/example_dags/example_bash_decorator.py took 0.204 seconds
[2026-04-15T02:53:23.555+0000] {processor.py:161} INFO - Started process (PID=318) to work on /home/airflow/.local/lib/python3.12/site-packages/airflow/example_dags/example_bash_decorator.py
[2026-04-15T02:53:23.558+0000] {processor.py:830} INFO - Processing file /home/airflow/.local/lib/python3.12/site-packages/airflow/example_dags/example_bash_decorator.py for tasks to queue
[2026-04-15T02:53:23.564+0000] {logging_mixin.py:188} INFO - [2026-04-15T02:53:23.564+0000] {dagbag.py:545} INFO - Filling up the DagBag from /home/airflow/.local/lib/python3.12/site-packages/airflow/example_dags/example_bash_decorator.py
[2026-04-15T02:53:23.618+0000] {processor.py:840} INFO - DAG(s) 'example_bash_decorator' retrieved from /home/airflow/.local/lib/python3.12/site-packages/airflow/example_dags/example_bash_decorator.py
[2026-04-15T02:53:23.735+0000] {logging_mixin.py:188} INFO - [2026-04-15T02:53:23.734+0000] {dag.py:3089} INFO - Sync 1 DAGs
[2026-04-15T02:53:23.789+0000] {logging_mixin.py:188} INFO - [2026-04-15T02:53:23.788+0000] {dag.py:3947} INFO - Setting next_dagrun for example_bash_decorator to None, run_after=None
[2026-04-15T02:53:23.874+0000] {processor.py:183} INFO - Processing /home/airflow/.local/lib/python3.12/site-packages/airflow/example_dags/example_bash_decorator.py took 0.339 seconds
[2026-04-15T02:53:54.146+0000] {processor.py:161} INFO - Started process (PID=377) to work on /home/airflow/.local/lib/python3.12/site-packages/airflow/example_dags/example_bash_decorator.py
[2026-04-15T02:53:54.148+0000] {processor.py:830} INFO - Processing file /home/airflow/.local/lib/python3.12/site-packages/airflow/example_dags/example_bash_decorator.py for tasks to queue
[2026-04-15T02:53:54.151+0000] {logging_mixin.py:188} INFO - [2026-04-15T02:53:54.151+0000] {dagbag.py:545} INFO - Filling up the DagBag from /home/airflow/.local/lib/python3.12/site-packages/airflow/example_dags/example_bash_decorator.py
[2026-04-15T02:53:54.183+0000] {processor.py:840} INFO - DAG(s) 'example_bash_decorator' retrieved from /home/airflow/.local/lib/python3.12/site-packages/airflow/example_dags/example_bash_decorator.py
[2026-04-15T02:53:54.250+0000] {logging_mixin.py:188} INFO - [2026-04-15T02:53:54.249+0000] {dag.py:3089} INFO - Sync 1 DAGs
[2026-04-15T02:53:54.351+0000] {logging_mixin.py:188} INFO - [2026-04-15T02:53:54.351+0000] {dag.py:3947} INFO - Setting next_dagrun for example_bash_decorator to None, run_after=None
[2026-04-15T02:53:54.452+0000] {processor.py:183} INFO - Processing /home/airflow/.local/lib/python3.12/site-packages/airflow/example_dags/example_bash_decorator.py took 0.322 seconds
[2026-04-15T02:54:24.731+0000] {processor.py:161} INFO - Started process (PID=436) to work on /home/airflow/.local/lib/python3.12/site-packages/airflow/example_dags/example_bash_decorator.py
[2026-04-15T02:54:24.743+0000] {processor.py:830} INFO - Processing file /home/airflow/.local/lib/python3.12/site-packages/airflow/example_dags/example_bash_decorator.py for tasks to queue
[2026-04-15T02:54:24.746+0000] {logging_mixin.py:188} INFO - [2026-04-15T02:54:24.745+0000] {dagbag.py:545} INFO - Filling up the DagBag from /home/airflow/.local/lib/python3.12/site-packages/airflow/example_dags/example_bash_decorator.py
[2026-04-15T02:54:24.774+0000] {processor.py:840} INFO - DAG(s) 'example_bash_decorator' retrieved from /home/airflow/.local/lib/python3.12/site-packages/airflow/example_dags/example_bash_decorator.py
[2026-04-15T02:54:24.820+0000] {logging_mixin.py:188} INFO - [2026-04-15T02:54:24.820+0000] {dag.py:3089} INFO - Sync 1 DAGs
[2026-04-15T02:54:24.856+0000] {logging_mixin.py:188} INFO - [2026-04-15T02:54:24.855+0000] {dag.py:3947} INFO - Setting next_dagrun for example_bash_decorator to None, run_after=None
[2026-04-15T02:54:24.897+0000] {processor.py:183} INFO - Processing /home/airflow/.local/lib/python3.12/site-packages/airflow/example_dags/example_bash_decorator.py took 0.175 seconds
[2026-04-15T02:54:55.417+0000] {processor.py:161} INFO - Started process (PID=495) to work on /home/airflow/.local/lib/python3.12/site-packages/airflow/example_dags/example_bash_decorator.py
[2026-04-15T02:54:55.422+0000] {processor.py:830} INFO - Processing file /home/airflow/.local/lib/python3.12/site-packages/airflow/example_dags/example_bash_decorator.py for tasks to queue
[2026-04-15T02:54:55.442+0000] {logging_mixin.py:188} INFO - [2026-04-15T02:54:55.438+0000] {dagbag.py:545} INFO - Filling up the DagBag from /home/airflow/.local/lib/python3.12/site-packages/airflow/example_dags/example_bash_decorator.py
[2026-04-15T02:54:55.488+0000] {processor.py:840} INFO - DAG(s) 'example_bash_decorator' retrieved from /home/airflow/.local/lib/python3.12/site-packages/airflow/example_dags/example_bash_decorator.py
[2026-04-15T02:54:55.553+0000] {logging_mixin.py:188} INFO - [2026-04-15T02:54:55.552+0000] {dag.py:3089} INFO - Sync 1 DAGs
[2026-04-15T02:54:55.600+0000] {logging_mixin.py:188} INFO - [2026-04-15T02:54:55.597+0000] {dag.py:3947} INFO - Setting next_dagrun for example_bash_decorator to None, run_after=None
[2026-04-15T02:54:55.712+0000] {processor.py:183} INFO - Processing /home/airflow/.local/lib/python3.12/site-packages/airflow/example_dags/example_bash_decorator.py took 0.341 seconds
[2026-04-15T02:55:25.840+0000] {processor.py:161} INFO - Started process (PID=554) to work on /home/airflow/.local/lib/python3.12/site-packages/airflow/example_dags/example_bash_decorator.py
[2026-04-15T02:55:25.842+0000] {processor.py:830} INFO - Processing file /home/airflow/.local/lib/python3.12/site-packages/airflow/example_dags/example_bash_decorator.py for tasks to queue
[2026-04-15T02:55:25.846+0000] {logging_mixin.py:188} INFO - [2026-04-15T02:55:25.845+0000] {dagbag.py:545} INFO - Filling up the DagBag from /home/airflow/.local/lib/python3.12/site-packages/airflow/example_dags/example_bash_decorator.py
[2026-04-15T02:55:25.875+0000] {processor.py:840} INFO - DAG(s) 'example_bash_decorator' retrieved from /home/airflow/.local/lib/python3.12/site-packages/airflow/example_dags/example_bash_decorator.py
[2026-04-15T02:55:25.918+0000] {logging_mixin.py:188} INFO - [2026-04-15T02:55:25.918+0000] {dag.py:3089} INFO - Sync 1 DAGs
[2026-04-15T02:55:25.937+0000] {logging_mixin.py:188} INFO - [2026-04-15T02:55:25.937+0000] {dag.py:3947} INFO - Setting next_dagrun for example_bash_decorator to None, run_after=None
[2026-04-15T02:55:25.979+0000] {processor.py:183} INFO - Processing /home/airflow/.local/lib/python3.12/site-packages/airflow/example_dags/example_bash_decorator.py took 0.145 seconds
[2026-04-15T02:55:56.021+0000] {processor.py:161} INFO - Started process (PID=613) to work on /home/airflow/.local/lib/python3.12/site-packages/airflow/example_dags/example_bash_decorator.py
[2026-04-15T02:55:56.022+0000] {processor.py:830} INFO - Processing file /home/airflow/.local/lib/python3.12/site-packages/airflow/example_dags/example_bash_decorator.py for tasks to queue
[2026-04-15T02:55:56.025+0000] {logging_mixin.py:188} INFO - [2026-04-15T02:55:56.024+0000] {dagbag.py:545} INFO - Filling up the DagBag from /home/airflow/.local/lib/python3.12/site-packages/airflow/example_dags/example_bash_decorator.py
[2026-04-15T02:55:56.041+0000] {processor.py:840} INFO - DAG(s) 'example_bash_decorator' retrieved from /home/airflow/.local/lib/python3.12/site-packages/airflow/example_dags/example_bash_decorator.py
[2026-04-15T02:55:56.073+0000] {logging_mixin.py:188} INFO - [2026-04-15T02:55:56.072+0000] {dag.py:3089} INFO - Sync 1 DAGs
[2026-04-15T02:55:56.087+0000] {logging_mixin.py:188} INFO - [2026-04-15T02:55:56.087+0000] {dag.py:3947} INFO - Setting next_dagrun for example_bash_decorator to None, run_after=None
[2026-04-15T02:55:56.114+0000] {processor.py:183} INFO - Processing /home/airflow/.local/lib/python3.12/site-packages/airflow/example_dags/example_bash_decorator.py took 0.100 seconds
[2026-04-15T02:56:26.646+0000] {processor.py:161} INFO - Started process (PID=672) to work on /home/airflow/.local/lib/python3.12/site-packages/airflow/example_dags/example_bash_decorator.py
[2026-04-15T02:56:26.648+0000] {processor.py:830} INFO - Processing file /home/airflow/.local/lib/python3.12/site-packages/airflow/example_dags/example_bash_decorator.py for tasks to queue
[2026-04-15T02:56:26.650+0000] {logging_mixin.py:188} INFO - [2026-04-15T02:56:26.649+0000] {dagbag.py:545} INFO - Filling up the DagBag from /home/airflow/.local/lib/python3.12/site-packages/airflow/example_dags/example_bash_decorator.py
[2026-04-15T02:56:26.665+0000] {processor.py:840} INFO - DAG(s) 'example_bash_decorator' retrieved from /home/airflow/.local/lib/python3.12/site-packages/airflow/example_dags/example_bash_decorator.py
[2026-04-15T02:56:26.692+0000] {logging_mixin.py:188} INFO - [2026-04-15T02:56:26.692+0000] {dag.py:3089} INFO - Sync 1 DAGs
[2026-04-15T02:56:26.706+0000] {logging_mixin.py:188} INFO - [2026-04-15T02:56:26.706+0000] {dag.py:3947} INFO - Setting next_dagrun for example_bash_decorator to None, run_after=None
[2026-04-15T02:56:26.726+0000] {processor.py:183} INFO - Processing /home/airflow/.local/lib/python3.12/site-packages/airflow/example_dags/example_bash_decorator.py took 0.086 seconds
[2026-04-15T02:56:57.168+0000] {processor.py:161} INFO - Started process (PID=731) to work on /home/airflow/.local/lib/python3.12/site-packages/airflow/example_dags/example_bash_decorator.py
[2026-04-15T02:56:57.169+0000] {processor.py:830} INFO - Processing file /home/airflow/.local/lib/python3.12/site-packages/airflow/example_dags/example_bash_decorator.py for tasks to queue
[2026-04-15T02:56:57.170+0000] {logging_mixin.py:188} INFO - [2026-04-15T02:56:57.170+0000] {dagbag.py:545} INFO - Filling up the DagBag from /home/airflow/.local/lib/python3.12/site-packages/airflow/example_dags/example_bash_decorator.py
[2026-04-15T02:56:57.183+0000] {processor.py:840} INFO - DAG(s) 'example_bash_decorator' retrieved from /home/airflow/.local/lib/python3.12/site-packages/airflow/example_dags/example_bash_decorator.py
[2026-04-15T02:56:57.221+0000] {logging_mixin.py:188} INFO - [2026-04-15T02:56:57.220+0000] {dag.py:3089} INFO - Sync 1 DAGs
[2026-04-15T02:56:57.238+0000] {logging_mixin.py:188} INFO - [2026-04-15T02:56:57.238+0000] {dag.py:3947} INFO - Setting next_dagrun for example_bash_decorator to None, run_after=None
[2026-04-15T02:56:57.286+0000] {processor.py:183} INFO - Processing /home/airflow/.local/lib/python3.12/site-packages/airflow/example_dags/example_bash_decorator.py took 0.124 seconds
[2026-04-15T02:57:27.604+0000] {processor.py:161} INFO - Started process (PID=791) to work on /home/airflow/.local/lib/python3.12/site-packages/airflow/example_dags/example_bash_decorator.py
[2026-04-15T02:57:27.605+0000] {processor.py:830} INFO - Processing file /home/airflow/.local/lib/python3.12/site-packages/airflow/example_dags/example_bash_decorator.py for tasks to queue
[2026-04-15T02:57:27.608+0000] {logging_mixin.py:188} INFO - [2026-04-15T02:57:27.607+0000] {dagbag.py:545} INFO - Filling up the DagBag from /home/airflow/.local/lib/python3.12/site-packages/airflow/example_dags/example_bash_decorator.py
[2026-04-15T02:57:27.621+0000] {processor.py:840} INFO - DAG(s) 'example_bash_decorator' retrieved from /home/airflow/.local/lib/python3.12/site-packages/airflow/example_dags/example_bash_decorator.py
[2026-04-15T02:57:27.649+0000] {logging_mixin.py:188} INFO - [2026-04-15T02:57:27.649+0000] {dag.py:3089} INFO - Sync 1 DAGs
[2026-04-15T02:57:27.664+0000] {logging_mixin.py:188} INFO - [2026-04-15T02:57:27.664+0000] {dag.py:3947} INFO - Setting next_dagrun for example_bash_decorator to None, run_after=None
[2026-04-15T02:57:27.684+0000] {processor.py:183} INFO - Processing /home/airflow/.local/lib/python3.12/site-packages/airflow/example_dags/example_bash_decorator.py took 0.087 seconds
[2026-04-15T02:57:58.295+0000] {processor.py:161} INFO - Started process (PID=850) to work on /home/airflow/.local/lib/python3.12/site-packages/airflow/example_dags/example_bash_decorator.py
[2026-04-15T02:57:58.296+0000] {processor.py:830} INFO - Processing file /home/airflow/.local/lib/python3.12/site-packages/airflow/example_dags/example_bash_decorator.py for tasks to queue
[2026-04-15T02:57:58.298+0000] {logging_mixin.py:188} INFO - [2026-04-15T02:57:58.297+0000] {dagbag.py:545} INFO - Filling up the DagBag from /home/airflow/.local/lib/python3.12/site-packages/airflow/example_dags/example_bash_decorator.py
[2026-04-15T02:57:58.314+0000] {processor.py:840} INFO - DAG(s) 'example_bash_decorator' retrieved from /home/airflow/.local/lib/python3.12/site-packages/airflow/example_dags/example_bash_decorator.py
[2026-04-15T02:57:58.361+0000] {logging_mixin.py:188} INFO - [2026-04-15T02:57:58.360+0000] {dag.py:3089} INFO - Sync 1 DAGs
[2026-04-15T02:57:58.380+0000] {logging_mixin.py:188} INFO - [2026-04-15T02:57:58.380+0000] {dag.py:3947} INFO - Setting next_dagrun for example_bash_decorator to None, run_after=None
[2026-04-15T02:57:58.418+0000] {processor.py:183} INFO - Processing /home/airflow/.local/lib/python3.12/site-packages/airflow/example_dags/example_bash_decorator.py took 0.142 seconds
[2026-04-15T02:58:28.979+0000] {processor.py:161} INFO - Started process (PID=910) to work on /home/airflow/.local/lib/python3.12/site-packages/airflow/example_dags/example_bash_decorator.py
[2026-04-15T02:58:28.980+0000] {processor.py:830} INFO - Processing file /home/airflow/.local/lib/python3.12/site-packages/airflow/example_dags/example_bash_decorator.py for tasks to queue
[2026-04-15T02:58:28.982+0000] {logging_mixin.py:188} INFO - [2026-04-15T02:58:28.982+0000] {dagbag.py:545} INFO - Filling up the DagBag from /home/airflow/.local/lib/python3.12/site-packages/airflow/example_dags/example_bash_decorator.py
[2026-04-15T02:58:28.994+0000] {processor.py:840} INFO - DAG(s) 'example_bash_decorator' retrieved from /home/airflow/.local/lib/python3.12/site-packages/airflow/example_dags/example_bash_decorator.py
[2026-04-15T02:58:29.027+0000] {logging_mixin.py:188} INFO - [2026-04-15T02:58:29.027+0000] {dag.py:3089} INFO - Sync 1 DAGs
[2026-04-15T02:58:29.041+0000] {logging_mixin.py:188} INFO - [2026-04-15T02:58:29.040+0000] {dag.py:3947} INFO - Setting next_dagrun for example_bash_decorator to None, run_after=None
[2026-04-15T02:58:29.071+0000] {processor.py:183} INFO - Processing /home/airflow/.local/lib/python3.12/site-packages/airflow/example_dags/example_bash_decorator.py took 0.098 seconds
[2026-04-15T02:58:59.208+0000] {processor.py:161} INFO - Started process (PID=969) to work on /home/airflow/.local/lib/python3.12/site-packages/airflow/example_dags/example_bash_decorator.py
[2026-04-15T02:58:59.209+0000] {processor.py:830} INFO - Processing file /home/airflow/.local/lib/python3.12/site-packages/airflow/example_dags/example_bash_decorator.py for tasks to queue
[2026-04-15T02:58:59.211+0000] {logging_mixin.py:188} INFO - [2026-04-15T02:58:59.210+0000] {dagbag.py:545} INFO - Filling up the DagBag from /home/airflow/.local/lib/python3.12/site-packages/airflow/example_dags/example_bash_decorator.py
[2026-04-15T02:58:59.223+0000] {processor.py:840} INFO - DAG(s) 'example_bash_decorator' retrieved from /home/airflow/.local/lib/python3.12/site-packages/airflow/example_dags/example_bash_decorator.py
[2026-04-15T02:58:59.254+0000] {logging_mixin.py:188} INFO - [2026-04-15T02:58:59.253+0000] {dag.py:3089} INFO - Sync 1 DAGs
[2026-04-15T02:58:59.270+0000] {logging_mixin.py:188} INFO - [2026-04-15T02:58:59.269+0000] {dag.py:3947} INFO - Setting next_dagrun for example_bash_decorator to None, run_after=None
[2026-04-15T02:58:59.305+0000] {processor.py:183} INFO - Processing /home/airflow/.local/lib/python3.12/site-packages/airflow/example_dags/example_bash_decorator.py took 0.104 seconds
[2026-04-15T02:59:29.781+0000] {processor.py:161} INFO - Started process (PID=1028) to work on /home/airflow/.local/lib/python3.12/site-packages/airflow/example_dags/example_bash_decorator.py
[2026-04-15T02:59:29.782+0000] {processor.py:830} INFO - Processing file /home/airflow/.local/lib/python3.12/site-packages/airflow/example_dags/example_bash_decorator.py for tasks to queue
[2026-04-15T02:59:29.785+0000] {logging_mixin.py:188} INFO - [2026-04-15T02:59:29.784+0000] {dagbag.py:545} INFO - Filling up the DagBag from /home/airflow/.local/lib/python3.12/site-packages/airflow/example_dags/example_bash_decorator.py
[2026-04-15T02:59:29.808+0000] {processor.py:840} INFO - DAG(s) 'example_bash_decorator' retrieved from /home/airflow/.local/lib/python3.12/site-packages/airflow/example_dags/example_bash_decorator.py
[2026-04-15T02:59:29.852+0000] {logging_mixin.py:188} INFO - [2026-04-15T02:59:29.852+0000] {dag.py:3089} INFO - Sync 1 DAGs
[2026-04-15T02:59:29.879+0000] {logging_mixin.py:188} INFO - [2026-04-15T02:59:29.879+0000] {dag.py:3947} INFO - Setting next_dagrun for example_bash_decorator to None, run_after=None
[2026-04-15T02:59:29.918+0000] {processor.py:183} INFO - Processing /home/airflow/.local/lib/python3.12/site-packages/airflow/example_dags/example_bash_decorator.py took 0.148 seconds
[2026-04-15T03:00:00.688+0000] {processor.py:161} INFO - Started process (PID=1087) to work on /home/airflow/.local/lib/python3.12/site-packages/airflow/example_dags/example_bash_decorator.py
[2026-04-15T03:00:00.689+0000] {processor.py:830} INFO - Processing file /home/airflow/.local/lib/python3.12/site-packages/airflow/example_dags/example_bash_decorator.py for tasks to queue
[2026-04-15T03:00:00.691+0000] {logging_mixin.py:188} INFO - [2026-04-15T03:00:00.691+0000] {dagbag.py:545} INFO - Filling up the DagBag from /home/airflow/.local/lib/python3.12/site-packages/airflow/example_dags/example_bash_decorator.py
[2026-04-15T03:00:00.704+0000] {processor.py:840} INFO - DAG(s) 'example_bash_decorator' retrieved from /home/airflow/.local/lib/python3.12/site-packages/airflow/example_dags/example_bash_decorator.py
[2026-04-15T03:00:00.738+0000] {logging_mixin.py:188} INFO - [2026-04-15T03:00:00.737+0000] {dag.py:3089} INFO - Sync 1 DAGs
[2026-04-15T03:00:00.752+0000] {logging_mixin.py:188} INFO - [2026-04-15T03:00:00.752+0000] {dag.py:3947} INFO - Setting next_dagrun for example_bash_decorator to None, run_after=None
[2026-04-15T03:00:00.776+0000] {processor.py:183} INFO - Processing /home/airflow/.local/lib/python3.12/site-packages/airflow/example_dags/example_bash_decorator.py took 0.094 seconds
[2026-04-15T03:00:31.138+0000] {processor.py:161} INFO - Started process (PID=1146) to work on /home/airflow/.local/lib/python3.12/site-packages/airflow/example_dags/example_bash_decorator.py
[2026-04-15T03:00:31.139+0000] {processor.py:830} INFO - Processing file /home/airflow/.local/lib/python3.12/site-packages/airflow/example_dags/example_bash_decorator.py for tasks to queue
[2026-04-15T03:00:31.142+0000] {logging_mixin.py:188} INFO - [2026-04-15T03:00:31.142+0000] {dagbag.py:545} INFO - Filling up the DagBag from /home/airflow/.local/lib/python3.12/site-packages/airflow/example_dags/example_bash_decorator.py
[2026-04-15T03:00:31.160+0000] {processor.py:840} INFO - DAG(s) 'example_bash_decorator' retrieved from /home/airflow/.local/lib/python3.12/site-packages/airflow/example_dags/example_bash_decorator.py
[2026-04-15T03:00:31.198+0000] {logging_mixin.py:188} INFO - [2026-04-15T03:00:31.198+0000] {dag.py:3089} INFO - Sync 1 DAGs
[2026-04-15T03:00:31.212+0000] {logging_mixin.py:188} INFO - [2026-04-15T03:00:31.212+0000] {dag.py:3947} INFO - Setting next_dagrun for example_bash_decorator to None, run_after=None
[2026-04-15T03:00:31.250+0000] {processor.py:183} INFO - Processing /home/airflow/.local/lib/python3.12/site-packages/airflow/example_dags/example_bash_decorator.py took 0.120 seconds
[2026-04-15T03:01:01.928+0000] {processor.py:161} INFO - Started process (PID=1205) to work on /home/airflow/.local/lib/python3.12/site-packages/airflow/example_dags/example_bash_decorator.py
[2026-04-15T03:01:01.938+0000] {processor.py:830} INFO - Processing file /home/airflow/.local/lib/python3.12/site-packages/airflow/example_dags/example_bash_decorator.py for tasks to queue
[2026-04-15T03:01:01.942+0000] {logging_mixin.py:188} INFO - [2026-04-15T03:01:01.942+0000] {dagbag.py:545} INFO - Filling up the DagBag from /home/airflow/.local/lib/python3.12/site-packages/airflow/example_dags/example_bash_decorator.py
[2026-04-15T03:01:01.956+0000] {processor.py:840} INFO - DAG(s) 'example_bash_decorator' retrieved from /home/airflow/.local/lib/python3.12/site-packages/airflow/example_dags/example_bash_decorator.py
[2026-04-15T03:01:01.997+0000] {logging_mixin.py:188} INFO - [2026-04-15T03:01:01.997+0000] {dag.py:3089} INFO - Sync 1 DAGs
[2026-04-15T03:01:02.013+0000] {logging_mixin.py:188} INFO - [2026-04-15T03:01:02.012+0000] {dag.py:3947} INFO - Setting next_dagrun for example_bash_decorator to None, run_after=None
[2026-04-15T03:01:02.061+0000] {processor.py:183} INFO - Processing /home/airflow/.local/lib/python3.12/site-packages/airflow/example_dags/example_bash_decorator.py took 0.145 seconds
[2026-04-15T03:01:32.544+0000] {processor.py:161} INFO - Started process (PID=1264) to work on /home/airflow/.local/lib/python3.12/site-packages/airflow/example_dags/example_bash_decorator.py
[2026-04-15T03:01:32.545+0000] {processor.py:830} INFO - Processing file /home/airflow/.local/lib/python3.12/site-packages/airflow/example_dags/example_bash_decorator.py for tasks to queue
[2026-04-15T03:01:32.547+0000] {logging_mixin.py:188} INFO - [2026-04-15T03:01:32.547+0000] {dagbag.py:545} INFO - Filling up the DagBag from /home/airflow/.local/lib/python3.12/site-packages/airflow/example_dags/example_bash_decorator.py
[2026-04-15T03:01:32.563+0000] {processor.py:840} INFO - DAG(s) 'example_bash_decorator' retrieved from /home/airflow/.local/lib/python3.12/site-packages/airflow/example_dags/example_bash_decorator.py
[2026-04-15T03:01:32.599+0000] {logging_mixin.py:188} INFO - [2026-04-15T03:01:32.599+0000] {dag.py:3089} INFO - Sync 1 DAGs
[2026-04-15T03:01:32.613+0000] {logging_mixin.py:188} INFO - [2026-04-15T03:01:32.613+0000] {dag.py:3947} INFO - Setting next_dagrun for example_bash_decorator to None, run_after=None
[2026-04-15T03:01:32.639+0000] {processor.py:183} INFO - Processing /home/airflow/.local/lib/python3.12/site-packages/airflow/example_dags/example_bash_decorator.py took 0.103 seconds
[2026-04-15T03:02:02.967+0000] {processor.py:161} INFO - Started process (PID=1323) to work on /home/airflow/.local/lib/python3.12/site-packages/airflow/example_dags/example_bash_decorator.py
[2026-04-15T03:02:02.970+0000] {processor.py:830} INFO - Processing file /home/airflow/.local/lib/python3.12/site-packages/airflow/example_dags/example_bash_decorator.py for tasks to queue
[2026-04-15T03:02:02.976+0000] {logging_mixin.py:188} INFO - [2026-04-15T03:02:02.975+0000] {dagbag.py:545} INFO - Filling up the DagBag from /home/airflow/.local/lib/python3.12/site-packages/airflow/example_dags/example_bash_decorator.py
[2026-04-15T03:02:02.999+0000] {processor.py:840} INFO - DAG(s) 'example_bash_decorator' retrieved from /home/airflow/.local/lib/python3.12/site-packages/airflow/example_dags/example_bash_decorator.py
[2026-04-15T03:02:03.056+0000] {logging_mixin.py:188} INFO - [2026-04-15T03:02:03.055+0000] {dag.py:3089} INFO - Sync 1 DAGs
[2026-04-15T03:02:03.076+0000] {logging_mixin.py:188} INFO - [2026-04-15T03:02:03.075+0000] {dag.py:3947} INFO - Setting next_dagrun for example_bash_decorator to None, run_after=None
[2026-04-15T03:02:03.096+0000] {processor.py:183} INFO - Processing /home/airflow/.local/lib/python3.12/site-packages/airflow/example_dags/example_bash_decorator.py took 0.138 seconds
[2026-04-15T03:02:33.375+0000] {processor.py:161} INFO - Started process (PID=1382) to work on /home/airflow/.local/lib/python3.12/site-packages/airflow/example_dags/example_bash_decorator.py
[2026-04-15T03:02:33.377+0000] {processor.py:830} INFO - Processing file /home/airflow/.local/lib/python3.12/site-packages/airflow/example_dags/example_bash_decorator.py for tasks to queue
[2026-04-15T03:02:33.379+0000] {logging_mixin.py:188} INFO - [2026-04-15T03:02:33.379+0000] {dagbag.py:545} INFO - Filling up the DagBag from /home/airflow/.local/lib/python3.12/site-packages/airflow/example_dags/example_bash_decorator.py
[2026-04-15T03:02:33.393+0000] {processor.py:840} INFO - DAG(s) 'example_bash_decorator' retrieved from /home/airflow/.local/lib/python3.12/site-packages/airflow/example_dags/example_bash_decorator.py
[2026-04-15T03:02:33.423+0000] {logging_mixin.py:188} INFO - [2026-04-15T03:02:33.423+0000] {dag.py:3089} INFO - Sync 1 DAGs
[2026-04-15T03:02:33.451+0000] {logging_mixin.py:188} INFO - [2026-04-15T03:02:33.451+0000] {dag.py:3947} INFO - Setting next_dagrun for example_bash_decorator to None, run_after=None
[2026-04-15T03:02:33.475+0000] {processor.py:183} INFO - Processing /home/airflow/.local/lib/python3.12/site-packages/airflow/example_dags/example_bash_decorator.py took 0.110 seconds
[2026-04-15T03:03:03.608+0000] {processor.py:161} INFO - Started process (PID=1441) to work on /home/airflow/.local/lib/python3.12/site-packages/airflow/example_dags/example_bash_decorator.py
[2026-04-15T03:03:03.609+0000] {processor.py:830} INFO - Processing file /home/airflow/.local/lib/python3.12/site-packages/airflow/example_dags/example_bash_decorator.py for tasks to queue
[2026-04-15T03:03:03.612+0000] {logging_mixin.py:188} INFO - [2026-04-15T03:03:03.611+0000] {dagbag.py:545} INFO - Filling up the DagBag from /home/airflow/.local/lib/python3.12/site-packages/airflow/example_dags/example_bash_decorator.py
[2026-04-15T03:03:03.625+0000] {processor.py:840} INFO - DAG(s) 'example_bash_decorator' retrieved from /home/airflow/.local/lib/python3.12/site-packages/airflow/example_dags/example_bash_decorator.py
[2026-04-15T03:03:03.660+0000] {logging_mixin.py:188} INFO - [2026-04-15T03:03:03.660+0000] {dag.py:3089} INFO - Sync 1 DAGs
[2026-04-15T03:03:03.674+0000] {logging_mixin.py:188} INFO - [2026-04-15T03:03:03.674+0000] {dag.py:3947} INFO - Setting next_dagrun for example_bash_decorator to None, run_after=None
[2026-04-15T03:03:03.710+0000] {processor.py:183} INFO - Processing /home/airflow/.local/lib/python3.12/site-packages/airflow/example_dags/example_bash_decorator.py took 0.109 seconds
[2026-04-15T03:03:34.310+0000] {processor.py:161} INFO - Started process (PID=1500) to work on /home/airflow/.local/lib/python3.12/site-packages/airflow/example_dags/example_bash_decorator.py
[2026-04-15T03:03:34.311+0000] {processor.py:830} INFO - Processing file /home/airflow/.local/lib/python3.12/site-packages/airflow/example_dags/example_bash_decorator.py for tasks to queue
[2026-04-15T03:03:34.314+0000] {logging_mixin.py:188} INFO - [2026-04-15T03:03:34.313+0000] {dagbag.py:545} INFO - Filling up the DagBag from /home/airflow/.local/lib/python3.12/site-packages/airflow/example_dags/example_bash_decorator.py
[2026-04-15T03:03:34.351+0000] {processor.py:840} INFO - DAG(s) 'example_bash_decorator' retrieved from /home/airflow/.local/lib/python3.12/site-packages/airflow/example_dags/example_bash_decorator.py
[2026-04-15T03:03:34.399+0000] {logging_mixin.py:188} INFO - [2026-04-15T03:03:34.399+0000] {dag.py:3089} INFO - Sync 1 DAGs
[2026-04-15T03:03:34.417+0000] {logging_mixin.py:188} INFO - [2026-04-15T03:03:34.417+0000] {dag.py:3947} INFO - Setting next_dagrun for example_bash_decorator to None, run_after=None
[2026-04-15T03:03:34.453+0000] {processor.py:183} INFO - Processing /home/airflow/.local/lib/python3.12/site-packages/airflow/example_dags/example_bash_decorator.py took 0.153 seconds
[2026-04-15T03:04:04.755+0000] {processor.py:161} INFO - Started process (PID=1559) to work on /home/airflow/.local/lib/python3.12/site-packages/airflow/example_dags/example_bash_decorator.py
[2026-04-15T03:04:04.757+0000] {processor.py:830} INFO - Processing file /home/airflow/.local/lib/python3.12/site-packages/airflow/example_dags/example_bash_decorator.py for tasks to queue
[2026-04-15T03:04:04.759+0000] {logging_mixin.py:188} INFO - [2026-04-15T03:04:04.758+0000] {dagbag.py:545} INFO - Filling up the DagBag from /home/airflow/.local/lib/python3.12/site-packages/airflow/example_dags/example_bash_decorator.py
[2026-04-15T03:04:04.792+0000] {processor.py:840} INFO - DAG(s) 'example_bash_decorator' retrieved from /home/airflow/.local/lib/python3.12/site-packages/airflow/example_dags/example_bash_decorator.py
[2026-04-15T03:04:04.821+0000] {logging_mixin.py:188} INFO - [2026-04-15T03:04:04.820+0000] {dag.py:3089} INFO - Sync 1 DAGs
[2026-04-15T03:04:04.837+0000] {logging_mixin.py:188} INFO - [2026-04-15T03:04:04.837+0000] {dag.py:3947} INFO - Setting next_dagrun for example_bash_decorator to None, run_after=None
[2026-04-15T03:04:04.860+0000] {processor.py:183} INFO - Processing /home/airflow/.local/lib/python3.12/site-packages/airflow/example_dags/example_bash_decorator.py took 0.117 seconds
[2026-04-15T03:04:35.648+0000] {processor.py:161} INFO - Started process (PID=1618) to work on /home/airflow/.local/lib/python3.12/site-packages/airflow/example_dags/example_bash_decorator.py
[2026-04-15T03:04:35.649+0000] {processor.py:830} INFO - Processing file /home/airflow/.local/lib/python3.12/site-packages/airflow/example_dags/example_bash_decorator.py for tasks to queue
[2026-04-15T03:04:35.651+0000] {logging_mixin.py:188} INFO - [2026-04-15T03:04:35.650+0000] {dagbag.py:545} INFO - Filling up the DagBag from /home/airflow/.local/lib/python3.12/site-packages/airflow/example_dags/example_bash_decorator.py
[2026-04-15T03:04:35.666+0000] {processor.py:840} INFO - DAG(s) 'example_bash_decorator' retrieved from /home/airflow/.local/lib/python3.12/site-packages/airflow/example_dags/example_bash_decorator.py
[2026-04-15T03:04:35.702+0000] {logging_mixin.py:188} INFO - [2026-04-15T03:04:35.702+0000] {dag.py:3089} INFO - Sync 1 DAGs
[2026-04-15T03:04:35.719+0000] {logging_mixin.py:188} INFO - [2026-04-15T03:04:35.719+0000] {dag.py:3947} INFO - Setting next_dagrun for example_bash_decorator to None, run_after=None
[2026-04-15T03:04:35.740+0000] {processor.py:183} INFO - Processing /home/airflow/.local/lib/python3.12/site-packages/airflow/example_dags/example_bash_decorator.py took 0.100 seconds
[2026-04-15T03:05:06.357+0000] {processor.py:161} INFO - Started process (PID=1677) to work on /home/airflow/.local/lib/python3.12/site-packages/airflow/example_dags/example_bash_decorator.py
[2026-04-15T03:05:06.359+0000] {processor.py:830} INFO - Processing file /home/airflow/.local/lib/python3.12/site-packages/airflow/example_dags/example_bash_decorator.py for tasks to queue
[2026-04-15T03:05:06.361+0000] {logging_mixin.py:188} INFO - [2026-04-15T03:05:06.361+0000] {dagbag.py:545} INFO - Filling up the DagBag from /home/airflow/.local/lib/python3.12/site-packages/airflow/example_dags/example_bash_decorator.py
[2026-04-15T03:05:06.373+0000] {processor.py:840} INFO - DAG(s) 'example_bash_decorator' retrieved from /home/airflow/.local/lib/python3.12/site-packages/airflow/example_dags/example_bash_decorator.py
[2026-04-15T03:05:06.407+0000] {logging_mixin.py:188} INFO - [2026-04-15T03:05:06.407+0000] {dag.py:3089} INFO - Sync 1 DAGs
[2026-04-15T03:05:06.421+0000] {logging_mixin.py:188} INFO - [2026-04-15T03:05:06.421+0000] {dag.py:3947} INFO - Setting next_dagrun for example_bash_decorator to None, run_after=None
[2026-04-15T03:05:06.450+0000] {processor.py:183} INFO - Processing /home/airflow/.local/lib/python3.12/site-packages/airflow/example_dags/example_bash_decorator.py took 0.099 seconds
[2026-04-15T03:05:36.767+0000] {processor.py:161} INFO - Started process (PID=1737) to work on /home/airflow/.local/lib/python3.12/site-packages/airflow/example_dags/example_bash_decorator.py
[2026-04-15T03:05:36.768+0000] {processor.py:830} INFO - Processing file /home/airflow/.local/lib/python3.12/site-packages/airflow/example_dags/example_bash_decorator.py for tasks to queue
[2026-04-15T03:05:36.770+0000] {logging_mixin.py:188} INFO - [2026-04-15T03:05:36.770+0000] {dagbag.py:545} INFO - Filling up the DagBag from /home/airflow/.local/lib/python3.12/site-packages/airflow/example_dags/example_bash_decorator.py
[2026-04-15T03:05:36.786+0000] {processor.py:840} INFO - DAG(s) 'example_bash_decorator' retrieved from /home/airflow/.local/lib/python3.12/site-packages/airflow/example_dags/example_bash_decorator.py
[2026-04-15T03:05:36.847+0000] {logging_mixin.py:188} INFO - [2026-04-15T03:05:36.846+0000] {dag.py:3089} INFO - Sync 1 DAGs
[2026-04-15T03:05:36.871+0000] {logging_mixin.py:188} INFO - [2026-04-15T03:05:36.871+0000] {dag.py:3947} INFO - Setting next_dagrun for example_bash_decorator to None, run_after=None
[2026-04-15T03:05:36.905+0000] {processor.py:183} INFO - Processing /home/airflow/.local/lib/python3.12/site-packages/airflow/example_dags/example_bash_decorator.py took 0.145 seconds
[2026-04-15T03:06:07.075+0000] {processor.py:161} INFO - Started process (PID=1796) to work on /home/airflow/.local/lib/python3.12/site-packages/airflow/example_dags/example_bash_decorator.py
[2026-04-15T03:06:07.077+0000] {processor.py:830} INFO - Processing file /home/airflow/.local/lib/python3.12/site-packages/airflow/example_dags/example_bash_decorator.py for tasks to queue
[2026-04-15T03:06:07.081+0000] {logging_mixin.py:188} INFO - [2026-04-15T03:06:07.080+0000] {dagbag.py:545} INFO - Filling up the DagBag from /home/airflow/.local/lib/python3.12/site-packages/airflow/example_dags/example_bash_decorator.py
[2026-04-15T03:06:07.109+0000] {processor.py:840} INFO - DAG(s) 'example_bash_decorator' retrieved from /home/airflow/.local/lib/python3.12/site-packages/airflow/example_dags/example_bash_decorator.py
[2026-04-15T03:06:07.158+0000] {logging_mixin.py:188} INFO - [2026-04-15T03:06:07.157+0000] {dag.py:3089} INFO - Sync 1 DAGs
[2026-04-15T03:06:07.184+0000] {logging_mixin.py:188} INFO - [2026-04-15T03:06:07.184+0000] {dag.py:3947} INFO - Setting next_dagrun for example_bash_decorator to None, run_after=None
[2026-04-15T03:06:07.225+0000] {processor.py:183} INFO - Processing /home/airflow/.local/lib/python3.12/site-packages/airflow/example_dags/example_bash_decorator.py took 0.164 seconds
[2026-04-15T03:06:37.943+0000] {processor.py:161} INFO - Started process (PID=1855) to work on /home/airflow/.local/lib/python3.12/site-packages/airflow/example_dags/example_bash_decorator.py
[2026-04-15T03:06:37.953+0000] {processor.py:830} INFO - Processing file /home/airflow/.local/lib/python3.12/site-packages/airflow/example_dags/example_bash_decorator.py for tasks to queue
[2026-04-15T03:06:37.956+0000] {logging_mixin.py:188} INFO - [2026-04-15T03:06:37.956+0000] {dagbag.py:545} INFO - Filling up the DagBag from /home/airflow/.local/lib/python3.12/site-packages/airflow/example_dags/example_bash_decorator.py
[2026-04-15T03:06:37.977+0000] {processor.py:840} INFO - DAG(s) 'example_bash_decorator' retrieved from /home/airflow/.local/lib/python3.12/site-packages/airflow/example_dags/example_bash_decorator.py
[2026-04-15T03:06:38.251+0000] {logging_mixin.py:188} INFO - [2026-04-15T03:06:38.251+0000] {dag.py:3089} INFO - Sync 1 DAGs
[2026-04-15T03:06:38.268+0000] {logging_mixin.py:188} INFO - [2026-04-15T03:06:38.267+0000] {dag.py:3947} INFO - Setting next_dagrun for example_bash_decorator to None, run_after=None
[2026-04-15T03:06:38.310+0000] {processor.py:183} INFO - Processing /home/airflow/.local/lib/python3.12/site-packages/airflow/example_dags/example_bash_decorator.py took 0.375 seconds
